commit,mlir_llvm_version,cuda_version,device,job_id,date,workload,shape,dtype,pipeline,params,threads,warmup,reps,median_ms,min_ms,std_ms,metric,metric_value,sm_clock_median_mhz,clock_adjusted_metric,alloc_bytes_per_call,correctness,notes
572f506,23.1.2,13.3,NVIDIA RTX A6000,24153819,2026-09-27T04:28:06-07:00,mbr,1024x1024x1024,f32,"tforge-gpu-pipeline{block-tile=32,32 thread-tile=4,4 tile-k=8 promote=1 vectorize=1}",b32x32-t4x4-k8; grid=32x32x1 block=8x8x1 padded=1024x1024x1024; regs=64 smem=2048 blocks/SM=16 occ=0.667,,10,100,0.206768,0.2048,0.000785,GFLOP/s,10385.957440222857,1800,26.83% of FP32 peak at median clock,,err/bound=0.00485,model: pred_ms=0.0934 waves=1 resident=13 bound=smem fma_step=64 lds_step=128 latency_exposed=0
572f506,23.1.2,13.3,NVIDIA RTX A6000,24153819,2026-09-27T04:28:06-07:00,mbr,1024x1024x1024,f32,"tforge-gpu-pipeline{block-tile=32,32 thread-tile=4,4 tile-k=16 promote=1 vectorize=1}",b32x32-t4x4-k16; grid=32x32x1 block=8x8x1 padded=1024x1024x1024; regs=62 smem=4096 blocks/SM=16 occ=0.667,,10,100,0.18944,0.187328,0.001199,GFLOP/s,11335.956756756756,1800,29.29% of FP32 peak at median clock,,err/bound=0.00485,model: pred_ms=0.0934 waves=1 resident=13 bound=smem fma_step=128 lds_step=256 latency_exposed=0
572f506,23.1.2,13.3,NVIDIA RTX A6000,24153819,2026-09-27T04:28:06-07:00,mbr,1024x1024x1024,f32,"tforge-gpu-pipeline{block-tile=32,32 thread-tile=4,4 tile-k=32 promote=1 vectorize=1}",b32x32-t4x4-k32; grid=32x32x1 block=8x8x1 padded=1024x1024x1024; regs=80 smem=8192 blocks/SM=11 occ=0.458,,10,100,0.173936,0.172032,0.000663,GFLOP/s,12346.401251034862,1800,31.90% of FP32 peak at median clock,,err/bound=0.00485,model: pred_ms=0.1581 waves=2 resident=11 bound=smem fma_step=256 lds_step=512 latency_exposed=0
572f506,23.1.2,13.3,NVIDIA RTX A6000,24153819,2026-09-27T04:28:06-07:00,mbr,1024x1024x1024,f32,"tforge-gpu-pipeline{block-tile=32,32 thread-tile=8,4 tile-k=8 promote=1 vectorize=1}",b32x32-t8x4-k8; grid=32x32x1 block=8x4x1 padded=1024x1024x1024; regs=106 smem=2048 blocks/SM=16 occ=0.333,,10,100,0.19968,0.198464,0.000846,GFLOP/s,10754.625641025641,1800,27.78% of FP32 peak at median clock,,err/bound=0.00485,model: pred_ms=0.0701 waves=1 resident=13 bound=smem fma_step=64 lds_step=96 latency_exposed=0
572f506,23.1.2,13.3,NVIDIA RTX A6000,24153819,2026-09-27T04:28:06-07:00,mbr,1024x1024x1024,f32,"tforge-gpu-pipeline{block-tile=32,32 thread-tile=8,4 tile-k=16 promote=1 vectorize=1}",b32x32-t8x4-k16; grid=32x32x1 block=8x4x1 padded=1024x1024x1024; regs=108 smem=4096 blocks/SM=16 occ=0.333,,10,100,0.176128,0.173056,0.00137,GFLOP/s,12192.744186046511,1800,31.50% of FP32 peak at median clock,,err/bound=0.00485,model: pred_ms=0.0701 waves=1 resident=13 bound=smem fma_step=128 lds_step=192 latency_exposed=0
572f506,23.1.2,13.3,NVIDIA RTX A6000,24153819,2026-09-27T04:28:06-07:00,mbr,1024x1024x1024,f32,"tforge-gpu-pipeline{block-tile=32,32 thread-tile=8,4 tile-k=32 promote=1 vectorize=1}",b32x32-t8x4-k32; grid=32x32x1 block=8x4x1 padded=1024x1024x1024; regs=118 smem=8192 blocks/SM=11 occ=0.229,,10,100,0.16224,0.160768,0.001138,GFLOP/s,13236.462327416173,1800,34.20% of FP32 peak at median clock,,err/bound=0.00485,model: pred_ms=0.1186 waves=2 resident=11 bound=smem fma_step=256 lds_step=384 latency_exposed=0
572f506,23.1.2,13.3,NVIDIA RTX A6000,24153819,2026-09-27T04:28:06-07:00,mbr,1024x1024x1024,f32,"tforge-gpu-pipeline{block-tile=32,32 thread-tile=4,8 tile-k=8 promote=1 vectorize=1}",b32x32-t4x8-k8; grid=32x32x1 block=4x8x1 padded=1024x1024x1024; regs=104 smem=2048 blocks/SM=16 occ=0.333,,10,100,0.233344,0.231424,0.000924,GFLOP/s,9203.080636313769,1800,23.78% of FP32 peak at median clock,,err/bound=0.00485,model: pred_ms=0.0701 waves=1 resident=13 bound=smem fma_step=64 lds_step=96 latency_exposed=0
572f506,23.1.2,13.3,NVIDIA RTX A6000,24153819,2026-09-27T04:28:06-07:00,mbr,1024x1024x1024,f32,"tforge-gpu-pipeline{block-tile=32,32 thread-tile=4,8 tile-k=16 promote=1 vectorize=1}",b32x32-t4x8-k16; grid=32x32x1 block=4x8x1 padded=1024x1024x1024; regs=106 smem=4096 blocks/SM=16 occ=0.333,,10,100,0.212992,0.20992,0.00109,GFLOP/s,10082.461538461539,1800,26.05% of FP32 peak at median clock,,err/bound=0.00485,model: pred_ms=0.0701 waves=1 resident=13 bound=smem fma_step=128 lds_step=192 latency_exposed=0
572f506,23.1.2,13.3,NVIDIA RTX A6000,24153819,2026-09-27T04:28:06-07:00,mbr,1024x1024x1024,f32,"tforge-gpu-pipeline{block-tile=32,32 thread-tile=4,8 tile-k=32 promote=1 vectorize=1}",b32x32-t4x8-k32; grid=32x32x1 block=4x8x1 padded=1024x1024x1024; regs=126 smem=8192 blocks/SM=11 occ=0.229,,10,100,0.197472,0.194464,0.001266,GFLOP/s,10874.876681251011,1800,28.10% of FP32 peak at median clock,,err/bound=0.00485,model: pred_ms=0.1186 waves=2 resident=11 bound=smem fma_step=256 lds_step=384 latency_exposed=0
572f506,23.1.2,13.3,NVIDIA RTX A6000,24153819,2026-09-27T04:28:06-07:00,mbr,1024x1024x1024,f32,"tforge-gpu-pipeline{block-tile=32,64 thread-tile=4,4 tile-k=8 promote=1 vectorize=1}",b32x64-t4x4-k8; grid=16x32x1 block=16x8x1 padded=1024x1024x1024; regs=64 smem=3072 blocks/SM=8 occ=0.667,,10,100,0.183296,0.182272,0.000757,GFLOP/s,11715.932960893855,1800,30.27% of FP32 peak at median clock,,err/bound=0.00485,model: pred_ms=0.1006 waves=1 resident=7 bound=smem fma_step=128 lds_step=256 latency_exposed=0
572f506,23.1.2,13.3,NVIDIA RTX A6000,24153819,2026-09-27T04:28:06-07:00,mbr,1024x1024x1024,f32,"tforge-gpu-pipeline{block-tile=32,64 thread-tile=4,4 tile-k=16 promote=1 vectorize=1}",b32x64-t4x4-k16; grid=16x32x1 block=16x8x1 padded=1024x1024x1024; regs=63 smem=6144 blocks/SM=8 occ=0.667,,10,100,0.158464,0.156576,0.000846,GFLOP/s,13551.870759289175,1800,35.01% of FP32 peak at median clock,,err/bound=0.00485,model: pred_ms=0.1006 waves=1 resident=7 bound=smem fma_step=256 lds_step=512 latency_exposed=0
572f506,23.1.2,13.3,NVIDIA RTX A6000,24153819,2026-09-27T04:28:06-07:00,mbr,1024x1024x1024,f32,"tforge-gpu-pipeline{block-tile=32,64 thread-tile=4,4 tile-k=32 promote=1 vectorize=1}",b32x64-t4x4-k32; grid=16x32x1 block=16x8x1 padded=1024x1024x1024; regs=70 smem=12288 blocks/SM=7 occ=0.583,,10,100,0.155648,0.1536,0.000945,GFLOP/s,13797.052631578947,1800,35.64% of FP32 peak at median clock,,err/bound=0.00485,model: pred_ms=0.1006 waves=1 resident=7 bound=smem fma_step=512 lds_step=1024 latency_exposed=0
572f506,23.1.2,13.3,NVIDIA RTX A6000,24153819,2026-09-27T04:28:06-07:00,mbr,1024x1024x1024,f32,"tforge-gpu-pipeline{block-tile=32,64 thread-tile=8,4 tile-k=8 promote=1 vectorize=1}",b32x64-t8x4-k8; grid=16x32x1 block=16x4x1 padded=1024x1024x1024; regs=96 smem=3072 blocks/SM=10 occ=0.417,,10,100,0.155376,0.1536,0.000913,GFLOP/s,13821.205643085163,1800,35.71% of FP32 peak at median clock,,err/bound=0.00485,model: pred_ms=0.0755 waves=1 resident=7 bound=smem fma_step=128 lds_step=192 latency_exposed=0
572f506,23.1.2,13.3,NVIDIA RTX A6000,24153819,2026-09-27T04:28:06-07:00,mbr,1024x1024x1024,f32,"tforge-gpu-pipeline{block-tile=32,64 thread-tile=8,4 tile-k=16 promote=1 vectorize=1}",b32x64-t8x4-k16; grid=16x32x1 block=16x4x1 padded=1024x1024x1024; regs=94 smem=6144 blocks/SM=10 occ=0.417,,10,100,0.14848,0.1464,0.00164,GFLOP/s,14463.117241379308,1800,37.37% of FP32 peak at median clock,,err/bound=0.00485,model: pred_ms=0.0755 waves=1 resident=7 bound=smem fma_step=256 lds_step=384 latency_exposed=0
572f506,23.1.2,13.3,NVIDIA RTX A6000,24153819,2026-09-27T04:28:06-07:00,mbr,1024x1024x1024,f32,"tforge-gpu-pipeline{block-tile=32,64 thread-tile=8,4 tile-k=32 promote=1 vectorize=1}",b32x64-t8x4-k32; grid=16x32x1 block=16x4x1 padded=1024x1024x1024; regs=108 smem=12288 blocks/SM=7 occ=0.292,,10,100,0.140288,0.139008,0.000895,GFLOP/s,15307.67883211679,1800,39.55% of FP32 peak at median clock,,err/bound=0.00485,model: pred_ms=0.0755 waves=1 resident=7 bound=smem fma_step=512 lds_step=768 latency_exposed=0
572f506,23.1.2,13.3,NVIDIA RTX A6000,24153819,2026-09-27T04:28:06-07:00,mbr,1024x1024x1024,f32,"tforge-gpu-pipeline{block-tile=32,64 thread-tile=4,8 tile-k=8 promote=1 vectorize=1}",b32x64-t4x8-k8; grid=16x32x1 block=8x8x1 padded=1024x1024x1024; regs=80 smem=3072 blocks/SM=12 occ=0.5,,10,100,0.237568,0.23552,0.001007,GFLOP/s,9039.448275862069,1800,23.35% of FP32 peak at median clock,,err/bound=0.00485,model: pred_ms=0.0755 waves=1 resident=7 bound=smem fma_step=128 lds_step=192 latency_exposed=0
572f506,23.1.2,13.3,NVIDIA RTX A6000,24153819,2026-09-27T04:28:06-07:00,mbr,1024x1024x1024,f32,"tforge-gpu-pipeline{block-tile=32,64 thread-tile=4,8 tile-k=16 promote=1 vectorize=1}",b32x64-t4x8-k16; grid=16x32x1 block=8x8x1 padded=1024x1024x1024; regs=80 smem=6144 blocks/SM=12 occ=0.5,,10,100,0.225152,0.222208,0.001044,GFLOP/s,9537.92836839113,1800,24.64% of FP32 peak at median clock,,err/bound=0.00485,model: pred_ms=0.0755 waves=1 resident=7 bound=smem fma_step=256 lds_step=384 latency_exposed=0
572f506,23.1.2,13.3,NVIDIA RTX A6000,24153819,2026-09-27T04:28:06-07:00,mbr,1024x1024x1024,f32,"tforge-gpu-pipeline{block-tile=32,64 thread-tile=4,8 tile-k=32 promote=1 vectorize=1}",b32x64-t4x8-k32; grid=16x32x1 block=8x8x1 padded=1024x1024x1024; regs=114 smem=12288 blocks/SM=7 occ=0.292,,10,100,0.22528,0.222208,0.000897,GFLOP/s,9532.50909090909,1800,24.63% of FP32 peak at median clock,,err/bound=0.00485,model: pred_ms=0.0755 waves=1 resident=7 bound=smem fma_step=512 lds_step=768 latency_exposed=0
572f506,23.1.2,13.3,NVIDIA RTX A6000,24153819,2026-09-27T04:28:06-07:00,mbr,1024x1024x1024,f32,"tforge-gpu-pipeline{block-tile=32,64 thread-tile=8,8 tile-k=8 promote=1 vectorize=1}",b32x64-t8x8-k8; grid=16x32x1 block=8x4x1 padded=1024x1024x1024; regs=128 smem=3072 blocks/SM=16 occ=0.333,,10,100,0.171072,0.16896,0.001401,GFLOP/s,12553.098391320613,1800,32.43% of FP32 peak at median clock,,err/bound=0.00485,model: pred_ms=0.0503 waves=1 resident=7 bound=fma fma_step=128 lds_step=128 latency_exposed=0
572f506,23.1.2,13.3,NVIDIA RTX A6000,24153819,2026-09-27T04:28:06-07:00,mbr,1024x1024x1024,f32,"tforge-gpu-pipeline{block-tile=32,64 thread-tile=8,8 tile-k=16 promote=1 vectorize=1}",b32x64-t8x8-k16; grid=16x32x1 block=8x4x1 padded=1024x1024x1024; regs=128 smem=6144 blocks/SM=14 occ=0.292,,10,100,0.173056,0.170016,0.001255,GFLOP/s,12409.183431952664,1800,32.06% of FP32 peak at median clock,,err/bound=0.00485,model: pred_ms=0.0503 waves=1 resident=7 bound=fma fma_step=256 lds_step=256 latency_exposed=0
572f506,23.1.2,13.3,NVIDIA RTX A6000,24153819,2026-09-27T04:28:06-07:00,mbr,1024x1024x1024,f32,"tforge-gpu-pipeline{block-tile=32,64 thread-tile=8,8 tile-k=32 promote=1 vectorize=1}",b32x64-t8x8-k32; grid=16x32x1 block=8x4x1 padded=1024x1024x1024; regs=178 smem=12288 blocks/SM=7 occ=0.146,,10,100,0.162592,0.160768,0.00094,GFLOP/s,13207.806337335172,1800,34.12% of FP32 peak at median clock,,err/bound=0.00485,model: pred_ms=0.0503 waves=1 resident=7 bound=fma fma_step=512 lds_step=512 latency_exposed=0
572f506,23.1.2,13.3,NVIDIA RTX A6000,24153819,2026-09-27T04:28:06-07:00,mbr,1024x1024x1024,f32,"tforge-gpu-pipeline{block-tile=32,128 thread-tile=4,4 tile-k=8 promote=1 vectorize=1}",b32x128-t4x4-k8; grid=8x32x1 block=32x8x1 padded=1024x1024x1024; regs=60 smem=5120 blocks/SM=4 occ=0.667,,10,100,0.198496,0.196608,0.001659,GFLOP/s,10818.775431242946,1800,27.95% of FP32 peak at median clock,,err/bound=0.00485,model: pred_ms=0.1150 waves=1 resident=4 bound=smem fma_step=256 lds_step=512 latency_exposed=0
572f506,23.1.2,13.3,NVIDIA RTX A6000,24153819,2026-09-27T04:28:06-07:00,mbr,1024x1024x1024,f32,"tforge-gpu-pipeline{block-tile=32,128 thread-tile=4,4 tile-k=16 promote=1 vectorize=1}",b32x128-t4x4-k16; grid=8x32x1 block=32x8x1 padded=1024x1024x1024; regs=62 smem=10240 blocks/SM=4 occ=0.667,,10,100,0.181248,0.18,0.000852,GFLOP/s,11848.316384180793,1800,30.61% of FP32 peak at median clock,,err/bound=0.00485,model: pred_ms=0.1150 waves=1 resident=4 bound=smem fma_step=512 lds_step=1024 latency_exposed=0
572f506,23.1.2,13.3,NVIDIA RTX A6000,24153819,2026-09-27T04:28:06-07:00,mbr,1024x1024x1024,f32,"tforge-gpu-pipeline{block-tile=32,128 thread-tile=4,4 tile-k=32 promote=1 vectorize=1}",b32x128-t4x4-k32; grid=8x32x1 block=32x8x1 padded=1024x1024x1024; regs=66 smem=20480 blocks/SM=3 occ=0.5,,10,100,0.1792,0.177152,0.000914,GFLOP/s,11983.725714285714,1800,30.96% of FP32 peak at median clock,,err/bound=0.00485,model: pred_ms=0.1725 waves=2 resident=3 bound=smem fma_step=1024 lds_step=2048 latency_exposed=0
572f506,23.1.2,13.3,NVIDIA RTX A6000,24153819,2026-09-27T04:28:06-07:00,mbr,1024x1024x1024,f32,"tforge-gpu-pipeline{block-tile=32,128 thread-tile=8,4 tile-k=8 promote=1 vectorize=1}",b32x128-t8x4-k8; grid=8x32x1 block=32x4x1 padded=1024x1024x1024; regs=86 smem=5120 blocks/SM=5 occ=0.417,,10,100,0.15664,0.154624,0.00064,GFLOP/s,13709.675995914196,1800,35.42% of FP32 peak at median clock,,err/bound=0.00485,model: pred_ms=0.0862 waves=1 resident=4 bound=smem fma_step=256 lds_step=384 latency_exposed=0
572f506,23.1.2,13.3,NVIDIA RTX A6000,24153819,2026-09-27T04:28:06-07:00,mbr,1024x1024x1024,f32,"tforge-gpu-pipeline{block-tile=32,128 thread-tile=8,4 tile-k=16 promote=1 vectorize=1}",b32x128-t8x4-k16; grid=8x32x1 block=32x4x1 padded=1024x1024x1024; regs=91 smem=10240 blocks/SM=5 occ=0.417,,10,100,0.149376,0.147392,0.000949,GFLOP/s,14376.363324764354,1800,37.14% of FP32 peak at median clock,,err/bound=0.00485,model: pred_ms=0.0862 waves=1 resident=4 bound=smem fma_step=512 lds_step=768 latency_exposed=0
572f506,23.1.2,13.3,NVIDIA RTX A6000,24153819,2026-09-27T04:28:06-07:00,mbr,1024x1024x1024,f32,"tforge-gpu-pipeline{block-tile=32,128 thread-tile=8,4 tile-k=32 promote=1 vectorize=1}",b32x128-t8x4-k32; grid=8x32x1 block=32x4x1 padded=1024x1024x1024; regs=106 smem=20480 blocks/SM=4 occ=0.333,,10,100,0.14832,0.145408,0.001052,GFLOP/s,14478.719309600861,1800,37.41% of FP32 peak at median clock,,err/bound=0.00485,model: pred_ms=0.0862 waves=1 resident=4 bound=smem fma_step=1024 lds_step=1536 latency_exposed=0
572f506,23.1.2,13.3,NVIDIA RTX A6000,24153819,2026-09-27T04:28:06-07:00,mbr,1024x1024x1024,f32,"tforge-gpu-pipeline{block-tile=32,128 thread-tile=4,8 tile-k=8 promote=1 vectorize=1}",b32x128-t4x8-k8; grid=8x32x1 block=16x8x1 padded=1024x1024x1024; regs=80 smem=5120 blocks/SM=6 occ=0.5,,10,100,0.232448,0.2304,0.001091,GFLOP/s,9238.555066079296,1800,23.87% of FP32 peak at median clock,,err/bound=0.00485,model: pred_ms=0.0862 waves=1 resident=4 bound=smem fma_step=256 lds_step=384 latency_exposed=0
572f506,23.1.2,13.3,NVIDIA RTX A6000,24153819,2026-09-27T04:28:06-07:00,mbr,1024x1024x1024,f32,"tforge-gpu-pipeline{block-tile=32,128 thread-tile=4,8 tile-k=16 promote=1 vectorize=1}",b32x128-t4x8-k16; grid=8x32x1 block=16x8x1 padded=1024x1024x1024; regs=80 smem=10240 blocks/SM=6 occ=0.5,,10,100,0.217088,0.21504,0.001101,GFLOP/s,9892.226415094337,1800,25.56% of FP32 peak at median clock,,err/bound=0.00485,model: pred_ms=0.0862 waves=1 resident=4 bound=smem fma_step=512 lds_step=768 latency_exposed=0
572f506,23.1.2,13.3,NVIDIA RTX A6000,24153819,2026-09-27T04:28:06-07:00,mbr,1024x1024x1024,f32,"tforge-gpu-pipeline{block-tile=32,128 thread-tile=4,8 tile-k=32 promote=1 vectorize=1}",b32x128-t4x8-k32; grid=8x32x1 block=16x8x1 padded=1024x1024x1024; regs=104 smem=20480 blocks/SM=4 occ=0.333,,10,100,0.218112,0.216064,0.001053,GFLOP/s,9845.784037558686,1800,25.44% of FP32 peak at median clock,,err/bound=0.00485,model: pred_ms=0.0862 waves=1 resident=4 bound=smem fma_step=1024 lds_step=1536 latency_exposed=0
572f506,23.1.2,13.3,NVIDIA RTX A6000,24153819,2026-09-27T04:28:06-07:00,mbr,1024x1024x1024,f32,"tforge-gpu-pipeline{block-tile=32,128 thread-tile=8,8 tile-k=8 promote=1 vectorize=1}",b32x128-t8x8-k8; grid=8x32x1 block=16x4x1 padded=1024x1024x1024; regs=128 smem=5120 blocks/SM=8 occ=0.333,,10,100,0.167376,0.162816,0.00157,GFLOP/s,12830.296147595833,1800,33.15% of FP32 peak at median clock,,err/bound=0.00485,model: pred_ms=0.0575 waves=1 resident=4 bound=fma fma_step=256 lds_step=256 latency_exposed=0
572f506,23.1.2,13.3,NVIDIA RTX A6000,24153819,2026-09-27T04:28:06-07:00,mbr,1024x1024x1024,f32,"tforge-gpu-pipeline{block-tile=32,128 thread-tile=8,8 tile-k=16 promote=1 vectorize=1}",b32x128-t8x8-k16; grid=8x32x1 block=16x4x1 padded=1024x1024x1024; regs=128 smem=10240 blocks/SM=8 occ=0.333,,10,100,0.171008,0.166656,0.002188,GFLOP/s,12557.79640718563,1800,32.44% of FP32 peak at median clock,,err/bound=0.00485,model: pred_ms=0.0575 waves=1 resident=4 bound=fma fma_step=512 lds_step=512 latency_exposed=0
572f506,23.1.2,13.3,NVIDIA RTX A6000,24153819,2026-09-27T04:28:06-07:00,mbr,1024x1024x1024,f32,"tforge-gpu-pipeline{block-tile=32,128 thread-tile=8,8 tile-k=32 promote=1 vectorize=1}",b32x128-t8x8-k32; grid=8x32x1 block=16x4x1 padded=1024x1024x1024; regs=162 smem=20480 blocks/SM=4 occ=0.167,,10,100,0.167872,0.164864,0.001371,GFLOP/s,12792.387342737322,1800,33.05% of FP32 peak at median clock,,err/bound=0.00485,model: pred_ms=0.0575 waves=1 resident=4 bound=fma fma_step=1024 lds_step=1024 latency_exposed=0
572f506,23.1.2,13.3,NVIDIA RTX A6000,24153819,2026-09-27T04:28:06-07:00,mbr,1024x1024x1024,f32,"tforge-gpu-pipeline{block-tile=64,32 thread-tile=4,4 tile-k=8 promote=1 vectorize=1}",b64x32-t4x4-k8; grid=32x16x1 block=8x16x1 padded=1024x1024x1024; regs=56 smem=3072 blocks/SM=9 occ=0.75,,10,100,0.211968,0.210944,0.000844,GFLOP/s,10131.169082125603,1800,26.17% of FP32 peak at median clock,,err/bound=0.00485,model: pred_ms=0.1006 waves=1 resident=7 bound=smem fma_step=128 lds_step=256 latency_exposed=0
572f506,23.1.2,13.3,NVIDIA RTX A6000,24153819,2026-09-27T04:28:06-07:00,mbr,1024x1024x1024,f32,"tforge-gpu-pipeline{block-tile=64,32 thread-tile=4,4 tile-k=16 promote=1 vectorize=1}",b64x32-t4x4-k16; grid=32x16x1 block=8x16x1 padded=1024x1024x1024; regs=63 smem=6144 blocks/SM=8 occ=0.667,,10,100,0.187392,0.186368,0.011701,GFLOP/s,11459.846994535517,1800,29.61% of FP32 peak at median clock,,err/bound=0.00485,model: pred_ms=0.1006 waves=1 resident=7 bound=smem fma_step=256 lds_step=512 latency_exposed=0
572f506,23.1.2,13.3,NVIDIA RTX A6000,24153819,2026-09-27T04:28:06-07:00,mbr,1024x1024x1024,f32,"tforge-gpu-pipeline{block-tile=64,32 thread-tile=4,4 tile-k=32 promote=1 vectorize=1}",b64x32-t4x4-k32; grid=32x16x1 block=8x16x1 padded=1024x1024x1024; regs=72 smem=12288 blocks/SM=7 occ=0.583,,10,100,0.17408,0.172032,0.000895,GFLOP/s,12336.188235294117,1800,31.87% of FP32 peak at median clock,,err/bound=0.00485,model: pred_ms=0.1006 waves=1 resident=7 bound=smem fma_step=512 lds_step=1024 latency_exposed=0
572f506,23.1.2,13.3,NVIDIA RTX A6000,24153819,2026-09-27T04:28:06-07:00,mbr,1024x1024x1024,f32,"tforge-gpu-pipeline{block-tile=64,32 thread-tile=8,4 tile-k=8 promote=1 vectorize=1}",b64x32-t8x4-k8; grid=32x16x1 block=8x8x1 padded=1024x1024x1024; regs=96 smem=3072 blocks/SM=10 occ=0.417,,10,100,0.188416,0.186368,0.005631,GFLOP/s,11397.565217391304,1800,29.45% of FP32 peak at median clock,,err/bound=0.00485,model: pred_ms=0.0755 waves=1 resident=7 bound=smem fma_step=128 lds_step=192 latency_exposed=0
572f506,23.1.2,13.3,NVIDIA RTX A6000,24153819,2026-09-27T04:28:06-07:00,mbr,1024x1024x1024,f32,"tforge-gpu-pipeline{block-tile=64,32 thread-tile=8,4 tile-k=16 promote=1 vectorize=1}",b64x32-t8x4-k16; grid=32x16x1 block=8x8x1 padded=1024x1024x1024; regs=94 smem=6144 blocks/SM=10 occ=0.417,,10,100,0.171008,0.16896,0.001112,GFLOP/s,12557.79640718563,1800,32.44% of FP32 peak at median clock,,err/bound=0.00485,model: pred_ms=0.0755 waves=1 resident=7 bound=smem fma_step=256 lds_step=384 latency_exposed=0
572f506,23.1.2,13.3,NVIDIA RTX A6000,24153819,2026-09-27T04:28:06-07:00,mbr,1024x1024x1024,f32,"tforge-gpu-pipeline{block-tile=64,32 thread-tile=8,4 tile-k=32 promote=1 vectorize=1}",b64x32-t8x4-k32; grid=32x16x1 block=8x8x1 padded=1024x1024x1024; regs=108 smem=12288 blocks/SM=7 occ=0.292,,10,100,0.1536,0.151552,0.00087,GFLOP/s,13981.013333333334,1800,36.12% of FP32 peak at median clock,,err/bound=0.00485,model: pred_ms=0.0755 waves=1 resident=7 bound=smem fma_step=512 lds_step=768 latency_exposed=0
572f506,23.1.2,13.3,NVIDIA RTX A6000,24153819,2026-09-27T04:28:06-07:00,mbr,1024x1024x1024,f32,"tforge-gpu-pipeline{block-tile=64,32 thread-tile=4,8 tile-k=8 promote=1 vectorize=1}",b64x32-t4x8-k8; grid=32x16x1 block=4x16x1 padded=1024x1024x1024; regs=79 smem=3072 blocks/SM=12 occ=0.5,,10,100,0.22832,0.226304,0.000789,GFLOP/s,9405.5871058164,1800,24.30% of FP32 peak at median clock,,err/bound=0.00485,model: pred_ms=0.0755 waves=1 resident=7 bound=smem fma_step=128 lds_step=192 latency_exposed=0
572f506,23.1.2,13.3,NVIDIA RTX A6000,24153819,2026-09-27T04:28:06-07:00,mbr,1024x1024x1024,f32,"tforge-gpu-pipeline{block-tile=64,32 thread-tile=4,8 tile-k=16 promote=1 vectorize=1}",b64x32-t4x8-k16; grid=32x16x1 block=4x16x1 padded=1024x1024x1024; regs=80 smem=6144 blocks/SM=12 occ=0.5,,10,100,0.206848,0.203776,0.001156,GFLOP/s,10381.940594059406,1800,26.82% of FP32 peak at median clock,,err/bound=0.00485,model: pred_ms=0.0755 waves=1 resident=7 bound=smem fma_step=256 lds_step=384 latency_exposed=0
572f506,23.1.2,13.3,NVIDIA RTX A6000,24153819,2026-09-27T04:28:06-07:00,mbr,1024x1024x1024,f32,"tforge-gpu-pipeline{block-tile=64,32 thread-tile=4,8 tile-k=32 promote=1 vectorize=1}",b64x32-t4x8-k32; grid=32x16x1 block=4x16x1 padded=1024x1024x1024; regs=112 smem=12288 blocks/SM=7 occ=0.292,,10,100,0.19968,0.197632,0.010432,GFLOP/s,10754.625641025641,1800,27.78% of FP32 peak at median clock,,err/bound=0.00485,model: pred_ms=0.0755 waves=1 resident=7 bound=smem fma_step=512 lds_step=768 latency_exposed=0
572f506,23.1.2,13.3,NVIDIA RTX A6000,24153819,2026-09-27T04:28:06-07:00,mbr,1024x1024x1024,f32,"tforge-gpu-pipeline{block-tile=64,32 thread-tile=8,8 tile-k=8 promote=1 vectorize=1}",b64x32-t8x8-k8; grid=32x16x1 block=4x8x1 padded=1024x1024x1024; regs=128 smem=3072 blocks/SM=16 occ=0.333,,10,100,0.200704,0.19968,0.000879,GFLOP/s,10699.755102040817,1800,27.64% of FP32 peak at median clock,,err/bound=0.00485,model: pred_ms=0.0503 waves=1 resident=7 bound=fma fma_step=128 lds_step=128 latency_exposed=0
572f506,23.1.2,13.3,NVIDIA RTX A6000,24153819,2026-09-27T04:28:06-07:00,mbr,1024x1024x1024,f32,"tforge-gpu-pipeline{block-tile=64,32 thread-tile=8,8 tile-k=16 promote=1 vectorize=1}",b64x32-t8x8-k16; grid=32x16x1 block=4x8x1 padded=1024x1024x1024; regs=128 smem=6144 blocks/SM=14 occ=0.292,,10,100,0.183296,0.180224,0.001302,GFLOP/s,11715.932960893855,1800,30.27% of FP32 peak at median clock,,err/bound=0.00485,model: pred_ms=0.0503 waves=1 resident=7 bound=fma fma_step=256 lds_step=256 latency_exposed=0
572f506,23.1.2,13.3,NVIDIA RTX A6000,24153819,2026-09-27T04:28:06-07:00,mbr,1024x1024x1024,f32,"tforge-gpu-pipeline{block-tile=64,32 thread-tile=8,8 tile-k=32 promote=1 vectorize=1}",b64x32-t8x8-k32; grid=32x16x1 block=4x8x1 padded=1024x1024x1024; regs=178 smem=12288 blocks/SM=7 occ=0.146,,10,100,0.165744,0.16384,0.000934,GFLOP/s,12956.629790520321,1800,33.47% of FP32 peak at median clock,,err/bound=0.00485,model: pred_ms=0.0503 waves=1 resident=7 bound=fma fma_step=512 lds_step=512 latency_exposed=0
572f506,23.1.2,13.3,NVIDIA RTX A6000,24153819,2026-09-27T04:28:06-07:00,mbr,1024x1024x1024,f32,"tforge-gpu-pipeline{block-tile=64,64 thread-tile=4,4 tile-k=8 promote=1 vectorize=1}",b64x64-t4x4-k8; grid=16x16x1 block=16x16x1 padded=1024x1024x1024; regs=64 smem=4096 blocks/SM=4 occ=0.667,,10,100,0.21144,0.20992,0.001292,GFLOP/s,10156.46825576996,1800,26.24% of FP32 peak at median clock,,err/bound=0.00485,model: pred_ms=0.1150 waves=1 resident=4 bound=smem fma_step=256 lds_step=512 latency_exposed=0
572f506,23.1.2,13.3,NVIDIA RTX A6000,24153819,2026-09-27T04:28:06-07:00,mbr,1024x1024x1024,f32,"tforge-gpu-pipeline{block-tile=64,64 thread-tile=4,4 tile-k=16 promote=1 vectorize=1}",b64x64-t4x4-k16; grid=16x16x1 block=16x16x1 padded=1024x1024x1024; regs=61 smem=8192 blocks/SM=4 occ=0.667,,10,100,0.17128,0.169984,0.000755,GFLOP/s,12537.854086875292,1800,32.39% of FP32 peak at median clock,,err/bound=0.00485,model: pred_ms=0.1150 waves=1 resident=4 bound=smem fma_step=512 lds_step=1024 latency_exposed=0
572f506,23.1.2,13.3,NVIDIA RTX A6000,24153819,2026-09-27T04:28:06-07:00,mbr,1024x1024x1024,f32,"tforge-gpu-pipeline{block-tile=64,64 thread-tile=4,4 tile-k=32 promote=1 vectorize=1}",b64x64-t4x4-k32; grid=16x16x1 block=16x16x1 padded=1024x1024x1024; regs=65 smem=16384 blocks/SM=3 occ=0.5,,10,100,0.168672,0.16672,0.020034,GFLOP/s,12731.713906279643,1800,32.89% of FP32 peak at median clock,,err/bound=0.00485,model: pred_ms=0.1725 waves=2 resident=3 bound=smem fma_step=1024 lds_step=2048 latency_exposed=0
572f506,23.1.2,13.3,NVIDIA RTX A6000,24153819,2026-09-27T04:28:06-07:00,mbr,1024x1024x1024,f32,"tforge-gpu-pipeline{block-tile=64,64 thread-tile=8,4 tile-k=8 promote=1 vectorize=1}",b64x64-t8x4-k8; grid=16x16x1 block=16x8x1 padded=1024x1024x1024; regs=96 smem=4096 blocks/SM=5 occ=0.417,,10,100,0.159744,0.157696,0.001553,GFLOP/s,13443.282051282053,1800,34.73% of FP32 peak at median clock,,err/bound=0.00485,model: pred_ms=0.0862 waves=1 resident=4 bound=smem fma_step=256 lds_step=384 latency_exposed=0
572f506,23.1.2,13.3,NVIDIA RTX A6000,24153819,2026-09-27T04:28:06-07:00,mbr,1024x1024x1024,f32,"tforge-gpu-pipeline{block-tile=64,64 thread-tile=8,4 tile-k=16 promote=1 vectorize=1}",b64x64-t8x4-k16; grid=16x16x1 block=16x8x1 padded=1024x1024x1024; regs=92 smem=8192 blocks/SM=5 occ=0.417,,10,100,0.140288,0.13824,0.000838,GFLOP/s,15307.67883211679,1800,39.55% of FP32 peak at median clock,,err/bound=0.00485,model: pred_ms=0.0862 waves=1 resident=4 bound=smem fma_step=512 lds_step=768 latency_exposed=0
572f506,23.1.2,13.3,NVIDIA RTX A6000,24153819,2026-09-27T04:28:06-07:00,mbr,1024x1024x1024,f32,"tforge-gpu-pipeline{block-tile=64,64 thread-tile=8,4 tile-k=32 promote=1 vectorize=1}",b64x64-t8x4-k32; grid=16x16x1 block=16x8x1 padded=1024x1024x1024; regs=94 smem=16384 blocks/SM=5 occ=0.417,,10,100,0.139264,0.136192,0.001131,GFLOP/s,15420.235294117647,1800,39.84% of FP32 peak at median clock,,err/bound=0.00485,model: pred_ms=0.0862 waves=1 resident=4 bound=smem fma_step=1024 lds_step=1536 latency_exposed=0
572f506,23.1.2,13.3,NVIDIA RTX A6000,24153819,2026-09-27T04:28:06-07:00,mbr,1024x1024x1024,f32,"tforge-gpu-pipeline{block-tile=64,64 thread-tile=4,8 tile-k=8 promote=1 vectorize=1}",b64x64-t4x8-k8; grid=16x16x1 block=8x16x1 padded=1024x1024x1024; regs=80 smem=4096 blocks/SM=6 occ=0.5,,10,100,0.246784,0.24576,0.004244,GFLOP/s,8701.8755186722,1800,22.48% of FP32 peak at median clock,,err/bound=0.00485,model: pred_ms=0.0862 waves=1 resident=4 bound=smem fma_step=256 lds_step=384 latency_exposed=0
572f506,23.1.2,13.3,NVIDIA RTX A6000,24153819,2026-09-27T04:28:06-07:00,mbr,1024x1024x1024,f32,"tforge-gpu-pipeline{block-tile=64,64 thread-tile=4,8 tile-k=16 promote=1 vectorize=1}",b64x64-t4x8-k16; grid=16x16x1 block=8x16x1 padded=1024x1024x1024; regs=96 smem=8192 blocks/SM=5 occ=0.417,,10,100,0.232448,0.231264,0.001054,GFLOP/s,9238.555066079296,1800,23.87% of FP32 peak at median clock,,err/bound=0.00485,model: pred_ms=0.0862 waves=1 resident=4 bound=smem fma_step=512 lds_step=768 latency_exposed=0
572f506,23.1.2,13.3,NVIDIA RTX A6000,24153819,2026-09-27T04:28:06-07:00,mbr,1024x1024x1024,f32,"tforge-gpu-pipeline{block-tile=64,64 thread-tile=4,8 tile-k=32 promote=1 vectorize=1}",b64x64-t4x8-k32; grid=16x16x1 block=8x16x1 padded=1024x1024x1024; regs=96 smem=16384 blocks/SM=5 occ=0.417,,10,100,0.227328,0.225216,0.001065,GFLOP/s,9446.63063063063,1800,24.41% of FP32 peak at median clock,,err/bound=0.00485,model: pred_ms=0.0862 waves=1 resident=4 bound=smem fma_step=1024 lds_step=1536 latency_exposed=0
572f506,23.1.2,13.3,NVIDIA RTX A6000,24153819,2026-09-27T04:28:06-07:00,mbr,1024x1024x1024,f32,"tforge-gpu-pipeline{block-tile=64,64 thread-tile=8,8 tile-k=8 promote=1 vectorize=1}",b64x64-t8x8-k8; grid=16x16x1 block=8x8x1 padded=1024x1024x1024; regs=128 smem=4096 blocks/SM=8 occ=0.333,,10,100,0.174832,0.173024,0.016974,GFLOP/s,12283.126933284526,1800,31.73% of FP32 peak at median clock,,err/bound=0.00485,model: pred_ms=0.0575 waves=1 resident=4 bound=fma fma_step=256 lds_step=256 latency_exposed=0
572f506,23.1.2,13.3,NVIDIA RTX A6000,24153819,2026-09-27T04:28:06-07:00,mbr,1024x1024x1024,f32,"tforge-gpu-pipeline{block-tile=64,64 thread-tile=8,8 tile-k=16 promote=1 vectorize=1}",b64x64-t8x8-k16; grid=16x16x1 block=8x8x1 padded=1024x1024x1024; regs=128 smem=8192 blocks/SM=8 occ=0.333,,10,100,0.164864,0.161792,0.00957,GFLOP/s,13025.788819875774,1800,33.65% of FP32 peak at median clock,,err/bound=0.00485,model: pred_ms=0.0575 waves=1 resident=4 bound=fma fma_step=512 lds_step=512 latency_exposed=0
572f506,23.1.2,13.3,NVIDIA RTX A6000,24153819,2026-09-27T04:28:06-07:00,mbr,1024x1024x1024,f32,"tforge-gpu-pipeline{block-tile=64,64 thread-tile=8,8 tile-k=32 promote=1 vectorize=1}",b64x64-t8x8-k32; grid=16x16x1 block=8x8x1 padded=1024x1024x1024; regs=157 smem=16384 blocks/SM=5 occ=0.208,,10,100,0.167936,0.165664,0.027485,GFLOP/s,12787.512195121952,1800,33.04% of FP32 peak at median clock,,err/bound=0.00485,model: pred_ms=0.0575 waves=1 resident=4 bound=fma fma_step=1024 lds_step=1024 latency_exposed=0
572f506,23.1.2,13.3,NVIDIA RTX A6000,24153819,2026-09-27T04:28:06-07:00,mbr,1024x1024x1024,f32,"tforge-gpu-pipeline{block-tile=64,128 thread-tile=4,4 tile-k=8 promote=1 vectorize=1}",b64x128-t4x4-k8; grid=8x16x1 block=32x16x1 padded=1024x1024x1024; regs=64 smem=6144 blocks/SM=2 occ=0.667,,10,100,0.211888,0.208896,0.023553,GFLOP/s,10134.994185607491,1800,26.18% of FP32 peak at median clock,,err/bound=0.00485,model: pred_ms=0.1150 waves=1 resident=2 bound=smem fma_step=512 lds_step=1024 latency_exposed=0
572f506,23.1.2,13.3,NVIDIA RTX A6000,24153819,2026-09-27T04:28:06-07:00,mbr,1024x1024x1024,f32,"tforge-gpu-pipeline{block-tile=64,128 thread-tile=4,4 tile-k=16 promote=1 vectorize=1}",b64x128-t4x4-k16; grid=8x16x1 block=32x16x1 padded=1024x1024x1024; regs=64 smem=12288 blocks/SM=2 occ=0.667,,10,100,0.180224,0.1792,0.000554,GFLOP/s,11915.636363636366,1800,30.78% of FP32 peak at median clock,,err/bound=0.00485,model: pred_ms=0.1150 waves=1 resident=2 bound=smem fma_step=1024 lds_step=2048 latency_exposed=0
572f506,23.1.2,13.3,NVIDIA RTX A6000,24153819,2026-09-27T04:28:06-07:00,mbr,1024x1024x1024,f32,"tforge-gpu-pipeline{block-tile=64,128 thread-tile=4,4 tile-k=32 promote=1 vectorize=1}",b64x128-t4x4-k32; grid=8x16x1 block=32x16x1 padded=1024x1024x1024; regs=64 smem=24576 blocks/SM=2 occ=0.667,,10,100,0.170064,0.169184,0.001987,GFLOP/s,12627.50286950795,1800,32.62% of FP32 peak at median clock,,err/bound=0.00485,model: pred_ms=0.1150 waves=1 resident=2 bound=smem fma_step=2048 lds_step=4096 latency_exposed=0
572f506,23.1.2,13.3,NVIDIA RTX A6000,24153819,2026-09-27T04:28:06-07:00,mbr,1024x1024x1024,f32,"tforge-gpu-pipeline{block-tile=64,128 thread-tile=8,4 tile-k=8 promote=1 vectorize=1}",b64x128-t8x4-k8; grid=8x16x1 block=32x8x1 padded=1024x1024x1024; regs=90 smem=6144 blocks/SM=2 occ=0.333,,10,100,0.155648,0.154624,0.00077,GFLOP/s,13797.052631578947,1800,35.64% of FP32 peak at median clock,,err/bound=0.00485,model: pred_ms=0.0862 waves=1 resident=2 bound=smem fma_step=512 lds_step=768 latency_exposed=0
572f506,23.1.2,13.3,NVIDIA RTX A6000,24153819,2026-09-27T04:28:06-07:00,mbr,1024x1024x1024,f32,"tforge-gpu-pipeline{block-tile=64,128 thread-tile=8,4 tile-k=16 promote=1 vectorize=1}",b64x128-t8x4-k16; grid=8x16x1 block=32x8x1 padded=1024x1024x1024; regs=90 smem=12288 blocks/SM=2 occ=0.333,,10,100,0.142304,0.140288,0.000707,GFLOP/s,15090.817180121428,1800,38.99% of FP32 peak at median clock,,err/bound=0.00485,model: pred_ms=0.0862 waves=1 resident=2 bound=smem fma_step=1024 lds_step=1536 latency_exposed=0
572f506,23.1.2,13.3,NVIDIA RTX A6000,24153819,2026-09-27T04:28:06-07:00,mbr,1024x1024x1024,f32,"tforge-gpu-pipeline{block-tile=64,128 thread-tile=8,4 tile-k=32 promote=1 vectorize=1}",b64x128-t8x4-k32; grid=8x16x1 block=32x8x1 padded=1024x1024x1024; regs=102 smem=24576 blocks/SM=2 occ=0.333,,10,100,0.135168,0.134144,0.015048,GFLOP/s,15887.51515151515,1800,41.05% of FP32 peak at median clock,,err/bound=0.00485,model: pred_ms=0.0862 waves=1 resident=2 bound=smem fma_step=2048 lds_step=3072 latency_exposed=0
572f506,23.1.2,13.3,NVIDIA RTX A6000,24153819,2026-09-27T04:28:06-07:00,mbr,1024x1024x1024,f32,"tforge-gpu-pipeline{block-tile=64,128 thread-tile=4,8 tile-k=8 promote=1 vectorize=1}",b64x128-t4x8-k8; grid=8x16x1 block=16x16x1 padded=1024x1024x1024; regs=80 smem=6144 blocks/SM=3 occ=0.5,,10,100,0.228352,0.227328,0.000712,GFLOP/s,9404.269058295964,1800,24.30% of FP32 peak at median clock,,err/bound=0.00485,model: pred_ms=0.0862 waves=1 resident=2 bound=smem fma_step=512 lds_step=768 latency_exposed=0
572f506,23.1.2,13.3,NVIDIA RTX A6000,24153819,2026-09-27T04:28:06-07:00,mbr,1024x1024x1024,f32,"tforge-gpu-pipeline{block-tile=64,128 thread-tile=4,8 tile-k=16 promote=1 vectorize=1}",b64x128-t4x8-k16; grid=8x16x1 block=16x16x1 padded=1024x1024x1024; regs=80 smem=12288 blocks/SM=3 occ=0.5,,10,100,0.218112,0.216064,0.018248,GFLOP/s,9845.784037558686,1800,25.44% of FP32 peak at median clock,,err/bound=0.00485,model: pred_ms=0.0862 waves=1 resident=2 bound=smem fma_step=1024 lds_step=1536 latency_exposed=0
572f506,23.1.2,13.3,NVIDIA RTX A6000,24153819,2026-09-27T04:28:06-07:00,mbr,1024x1024x1024,f32,"tforge-gpu-pipeline{block-tile=64,128 thread-tile=4,8 tile-k=32 promote=1 vectorize=1}",b64x128-t4x8-k32; grid=8x16x1 block=16x16x1 padded=1024x1024x1024; regs=80 smem=24576 blocks/SM=3 occ=0.5,,10,100,0.217024,0.214016,0.001357,GFLOP/s,9895.14361545267,1800,25.56% of FP32 peak at median clock,,err/bound=0.00485,model: pred_ms=0.0862 waves=1 resident=2 bound=smem fma_step=2048 lds_step=3072 latency_exposed=0
572f506,23.1.2,13.3,NVIDIA RTX A6000,24153819,2026-09-27T04:28:06-07:00,mbr,1024x1024x1024,f32,"tforge-gpu-pipeline{block-tile=64,128 thread-tile=8,8 tile-k=8 promote=1 vectorize=1}",b64x128-t8x8-k8; grid=8x16x1 block=16x8x1 padded=1024x1024x1024; regs=128 smem=6144 blocks/SM=4 occ=0.333,,10,100,0.1724,0.168736,0.002214,GFLOP/s,12456.401670533643,1800,32.18% of FP32 peak at median clock,,err/bound=0.00485,model: pred_ms=0.0624 waves=1 resident=2 bound=fma fma_step=512 lds_step=512 latency_exposed=1
572f506,23.1.2,13.3,NVIDIA RTX A6000,24153819,2026-09-27T04:28:06-07:00,mbr,1024x1024x1024,f32,"tforge-gpu-pipeline{block-tile=64,128 thread-tile=8,8 tile-k=16 promote=1 vectorize=1}",b64x128-t8x8-k16; grid=8x16x1 block=16x8x1 padded=1024x1024x1024; regs=128 smem=12288 blocks/SM=4 occ=0.333,,10,100,0.160768,0.156672,0.003616,GFLOP/s,13357.656050955415,1800,34.51% of FP32 peak at median clock,,err/bound=0.00485,model: pred_ms=0.0575 waves=1 resident=2 bound=fma fma_step=1024 lds_step=1024 latency_exposed=0
572f506,23.1.2,13.3,NVIDIA RTX A6000,24153819,2026-09-27T04:28:06-07:00,mbr,1024x1024x1024,f32,"tforge-gpu-pipeline{block-tile=64,128 thread-tile=8,8 tile-k=32 promote=1 vectorize=1}",b64x128-t8x8-k32; grid=8x16x1 block=16x8x1 padded=1024x1024x1024; regs=127 smem=24576 blocks/SM=4 occ=0.333,,10,100,0.176128,0.171008,0.003178,GFLOP/s,12192.744186046511,1800,31.50% of FP32 peak at median clock,,err/bound=0.00485,model: pred_ms=0.0575 waves=1 resident=2 bound=fma fma_step=2048 lds_step=2048 latency_exposed=0
572f506,23.1.2,13.3,NVIDIA RTX A6000,24153819,2026-09-27T04:28:06-07:00,mbr,1024x1024x1024,f32,"tforge-gpu-pipeline{block-tile=128,32 thread-tile=4,4 tile-k=8 promote=1 vectorize=1}",b128x32-t4x4-k8; grid=32x8x1 block=8x32x1 padded=1024x1024x1024; regs=60 smem=5120 blocks/SM=4 occ=0.667,,10,100,0.236544,0.234496,0.005252,GFLOP/s,9078.580086580087,1800,23.45% of FP32 peak at median clock,,err/bound=0.00485,model: pred_ms=0.1150 waves=1 resident=4 bound=smem fma_step=256 lds_step=512 latency_exposed=0
572f506,23.1.2,13.3,NVIDIA RTX A6000,24153819,2026-09-27T04:28:06-07:00,mbr,1024x1024x1024,f32,"tforge-gpu-pipeline{block-tile=128,32 thread-tile=4,4 tile-k=16 promote=1 vectorize=1}",b128x32-t4x4-k16; grid=32x8x1 block=8x32x1 padded=1024x1024x1024; regs=64 smem=10240 blocks/SM=4 occ=0.667,,10,100,0.21504,0.213888,0.001321,GFLOP/s,9986.438095238096,1800,25.80% of FP32 peak at median clock,,err/bound=0.00485,model: pred_ms=0.1150 waves=1 resident=4 bound=smem fma_step=512 lds_step=1024 latency_exposed=0
572f506,23.1.2,13.3,NVIDIA RTX A6000,24153819,2026-09-27T04:28:06-07:00,mbr,1024x1024x1024,f32,"tforge-gpu-pipeline{block-tile=128,32 thread-tile=4,4 tile-k=32 promote=1 vectorize=1}",b128x32-t4x4-k32; grid=32x8x1 block=8x32x1 padded=1024x1024x1024; regs=66 smem=20480 blocks/SM=3 occ=0.5,,10,100,0.197632,0.195584,0.012967,GFLOP/s,10866.072538860104,1800,28.07% of FP32 peak at median clock,,err/bound=0.00485,model: pred_ms=0.1725 waves=2 resident=3 bound=smem fma_step=1024 lds_step=2048 latency_exposed=0
572f506,23.1.2,13.3,NVIDIA RTX A6000,24153819,2026-09-27T04:28:06-07:00,mbr,1024x1024x1024,f32,"tforge-gpu-pipeline{block-tile=128,32 thread-tile=8,4 tile-k=8 promote=1 vectorize=1}",b128x32-t8x4-k8; grid=32x8x1 block=8x16x1 padded=1024x1024x1024; regs=90 smem=5120 blocks/SM=5 occ=0.417,,10,100,0.198656,0.196608,0.001033,GFLOP/s,10810.061855670103,1800,27.93% of FP32 peak at median clock,,err/bound=0.00485,model: pred_ms=0.0862 waves=1 resident=4 bound=smem fma_step=256 lds_step=384 latency_exposed=0
572f506,23.1.2,13.3,NVIDIA RTX A6000,24153819,2026-09-27T04:28:06-07:00,mbr,1024x1024x1024,f32,"tforge-gpu-pipeline{block-tile=128,32 thread-tile=8,4 tile-k=16 promote=1 vectorize=1}",b128x32-t8x4-k16; grid=32x8x1 block=8x16x1 padded=1024x1024x1024; regs=96 smem=10240 blocks/SM=5 occ=0.417,,10,100,0.175104,0.173888,0.000699,GFLOP/s,12264.04678362573,1800,31.68% of FP32 peak at median clock,,err/bound=0.00485,model: pred_ms=0.0862 waves=1 resident=4 bound=smem fma_step=512 lds_step=768 latency_exposed=0
572f506,23.1.2,13.3,NVIDIA RTX A6000,24153819,2026-09-27T04:28:06-07:00,mbr,1024x1024x1024,f32,"tforge-gpu-pipeline{block-tile=128,32 thread-tile=8,4 tile-k=32 promote=1 vectorize=1}",b128x32-t8x4-k32; grid=32x8x1 block=8x16x1 padded=1024x1024x1024; regs=108 smem=20480 blocks/SM=4 occ=0.333,,10,100,0.160768,0.15872,0.001131,GFLOP/s,13357.656050955415,1800,34.51% of FP32 peak at median clock,,err/bound=0.00485,model: pred_ms=0.0862 waves=1 resident=4 bound=smem fma_step=1024 lds_step=1536 latency_exposed=0
572f506,23.1.2,13.3,NVIDIA RTX A6000,24153819,2026-09-27T04:28:06-07:00,mbr,1024x1024x1024,f32,"tforge-gpu-pipeline{block-tile=128,32 thread-tile=4,8 tile-k=8 promote=1 vectorize=1}",b128x32-t4x8-k8; grid=32x8x1 block=4x32x1 padded=1024x1024x1024; regs=80 smem=5120 blocks/SM=6 occ=0.5,,10,100,0.251904,0.25088,0.000861,GFLOP/s,8525.0081300813,1800,22.02% of FP32 peak at median clock,,err/bound=0.00485,model: pred_ms=0.0862 waves=1 resident=4 bound=smem fma_step=256 lds_step=384 latency_exposed=0
572f506,23.1.2,13.3,NVIDIA RTX A6000,24153819,2026-09-27T04:28:06-07:00,mbr,1024x1024x1024,f32,"tforge-gpu-pipeline{block-tile=128,32 thread-tile=4,8 tile-k=16 promote=1 vectorize=1}",b128x32-t4x8-k16; grid=32x8x1 block=4x32x1 padded=1024x1024x1024; regs=80 smem=10240 blocks/SM=6 occ=0.5,,10,100,0.22016,0.218112,0.001182,GFLOP/s,9754.19534883721,1800,25.20% of FP32 peak at median clock,,err/bound=0.00485,model: pred_ms=0.0862 waves=1 resident=4 bound=smem fma_step=512 lds_step=768 latency_exposed=0
572f506,23.1.2,13.3,NVIDIA RTX A6000,24153819,2026-09-27T04:28:06-07:00,mbr,1024x1024x1024,f32,"tforge-gpu-pipeline{block-tile=128,32 thread-tile=4,8 tile-k=32 promote=1 vectorize=1}",b128x32-t4x8-k32; grid=32x8x1 block=4x32x1 padded=1024x1024x1024; regs=102 smem=20480 blocks/SM=4 occ=0.333,,10,100,0.201744,0.19968,0.000998,GFLOP/s,10644.597351098422,1800,27.50% of FP32 peak at median clock,,err/bound=0.00485,model: pred_ms=0.0862 waves=1 resident=4 bound=smem fma_step=1024 lds_step=1536 latency_exposed=0
572f506,23.1.2,13.3,NVIDIA RTX A6000,24153819,2026-09-27T04:28:06-07:00,mbr,1024x1024x1024,f32,"tforge-gpu-pipeline{block-tile=128,32 thread-tile=8,8 tile-k=8 promote=1 vectorize=1}",b128x32-t8x8-k8; grid=32x8x1 block=4x16x1 padded=1024x1024x1024; regs=128 smem=5120 blocks/SM=8 occ=0.333,,10,100,0.221664,0.220064,0.00116,GFLOP/s,9688.012703912229,1800,25.03% of FP32 peak at median clock,,err/bound=0.00485,model: pred_ms=0.0575 waves=1 resident=4 bound=fma fma_step=256 lds_step=256 latency_exposed=0
572f506,23.1.2,13.3,NVIDIA RTX A6000,24153819,2026-09-27T04:28:06-07:00,mbr,1024x1024x1024,f32,"tforge-gpu-pipeline{block-tile=128,32 thread-tile=8,8 tile-k=16 promote=1 vectorize=1}",b128x32-t8x8-k16; grid=32x8x1 block=4x16x1 padded=1024x1024x1024; regs=127 smem=10240 blocks/SM=8 occ=0.333,,10,100,0.196608,0.193536,0.001183,GFLOP/s,10922.666666666666,1800,28.22% of FP32 peak at median clock,,err/bound=0.00485,model: pred_ms=0.0575 waves=1 resident=4 bound=fma fma_step=512 lds_step=512 latency_exposed=0
572f506,23.1.2,13.3,NVIDIA RTX A6000,24153819,2026-09-27T04:28:06-07:00,mbr,1024x1024x1024,f32,"tforge-gpu-pipeline{block-tile=128,32 thread-tile=8,8 tile-k=32 promote=1 vectorize=1}",b128x32-t8x8-k32; grid=32x8x1 block=4x16x1 padded=1024x1024x1024; regs=162 smem=20480 blocks/SM=4 occ=0.167,,10,100,0.179184,0.176128,0.001355,GFLOP/s,11984.795785337976,1800,30.96% of FP32 peak at median clock,,err/bound=0.00485,model: pred_ms=0.0575 waves=1 resident=4 bound=fma fma_step=1024 lds_step=1024 latency_exposed=0
572f506,23.1.2,13.3,NVIDIA RTX A6000,24153819,2026-09-27T04:28:06-07:00,mbr,1024x1024x1024,f32,"tforge-gpu-pipeline{block-tile=128,64 thread-tile=4,4 tile-k=8 promote=1 vectorize=1}",b128x64-t4x4-k8; grid=16x8x1 block=16x32x1 padded=1024x1024x1024; regs=64 smem=6144 blocks/SM=2 occ=0.667,,10,100,0.229376,0.227328,0.00085,GFLOP/s,9362.285714285716,1800,24.19% of FP32 peak at median clock,,err/bound=0.00485,model: pred_ms=0.1150 waves=1 resident=2 bound=smem fma_step=512 lds_step=1024 latency_exposed=0
572f506,23.1.2,13.3,NVIDIA RTX A6000,24153819,2026-09-27T04:28:06-07:00,mbr,1024x1024x1024,f32,"tforge-gpu-pipeline{block-tile=128,64 thread-tile=4,4 tile-k=16 promote=1 vectorize=1}",b128x64-t4x4-k16; grid=16x8x1 block=16x32x1 padded=1024x1024x1024; regs=60 smem=12288 blocks/SM=2 occ=0.667,,10,100,0.178176,0.176064,0.000933,GFLOP/s,12052.597701149425,1800,31.14% of FP32 peak at median clock,,err/bound=0.00485,model: pred_ms=0.1150 waves=1 resident=2 bound=smem fma_step=1024 lds_step=2048 latency_exposed=0
572f506,23.1.2,13.3,NVIDIA RTX A6000,24153819,2026-09-27T04:28:06-07:00,mbr,1024x1024x1024,f32,"tforge-gpu-pipeline{block-tile=128,64 thread-tile=4,4 tile-k=32 promote=1 vectorize=1}",b128x64-t4x4-k32; grid=16x8x1 block=16x32x1 padded=1024x1024x1024; regs=64 smem=24576 blocks/SM=2 occ=0.667,,10,100,0.165888,0.164864,0.001019,GFLOP/s,12945.38271604938,1800,33.44% of FP32 peak at median clock,,err/bound=0.00485,model: pred_ms=0.1150 waves=1 resident=2 bound=smem fma_step=2048 lds_step=4096 latency_exposed=0
572f506,23.1.2,13.3,NVIDIA RTX A6000,24153819,2026-09-27T04:28:06-07:00,mbr,1024x1024x1024,f32,"tforge-gpu-pipeline{block-tile=128,64 thread-tile=8,4 tile-k=8 promote=1 vectorize=1}",b128x64-t8x4-k8; grid=16x8x1 block=16x16x1 padded=1024x1024x1024; regs=94 smem=6144 blocks/SM=2 occ=0.333,,10,100,0.161312,0.158624,0.002076,GFLOP/s,13312.60940289625,1800,34.39% of FP32 peak at median clock,,err/bound=0.00485,model: pred_ms=0.0862 waves=1 resident=2 bound=smem fma_step=512 lds_step=768 latency_exposed=0
572f506,23.1.2,13.3,NVIDIA RTX A6000,24153819,2026-09-27T04:28:06-07:00,mbr,1024x1024x1024,f32,"tforge-gpu-pipeline{block-tile=128,64 thread-tile=8,4 tile-k=16 promote=1 vectorize=1}",b128x64-t8x4-k16; grid=16x8x1 block=16x16x1 padded=1024x1024x1024; regs=90 smem=12288 blocks/SM=2 occ=0.333,,10,100,0.142336,0.141312,0.000669,GFLOP/s,15087.424460431655,1800,38.98% of FP32 peak at median clock,,err/bound=0.00485,model: pred_ms=0.0862 waves=1 resident=2 bound=smem fma_step=1024 lds_step=1536 latency_exposed=0
572f506,23.1.2,13.3,NVIDIA RTX A6000,24153819,2026-09-27T04:28:06-07:00,mbr,1024x1024x1024,f32,"tforge-gpu-pipeline{block-tile=128,64 thread-tile=8,4 tile-k=32 promote=1 vectorize=1}",b128x64-t8x4-k32; grid=16x8x1 block=16x16x1 padded=1024x1024x1024; regs=102 smem=24576 blocks/SM=2 occ=0.333,,10,100,0.135008,0.133952,0.001022,GFLOP/s,15906.343683337285,1800,41.09% of FP32 peak at median clock,,err/bound=0.00485,model: pred_ms=0.0862 waves=1 resident=2 bound=smem fma_step=2048 lds_step=3072 latency_exposed=0
572f506,23.1.2,13.3,NVIDIA RTX A6000,24153819,2026-09-27T04:28:06-07:00,mbr,1024x1024x1024,f32,"tforge-gpu-pipeline{block-tile=128,64 thread-tile=4,8 tile-k=8 promote=1 vectorize=1}",b128x64-t4x8-k8; grid=16x8x1 block=8x32x1 padded=1024x1024x1024; regs=80 smem=6144 blocks/SM=3 occ=0.5,,10,100,0.25088,0.248832,0.000787,GFLOP/s,8559.804081632654,1800,22.11% of FP32 peak at median clock,,err/bound=0.00485,model: pred_ms=0.0862 waves=1 resident=2 bound=smem fma_step=512 lds_step=768 latency_exposed=0
572f506,23.1.2,13.3,NVIDIA RTX A6000,24153819,2026-09-27T04:28:06-07:00,mbr,1024x1024x1024,f32,"tforge-gpu-pipeline{block-tile=128,64 thread-tile=4,8 tile-k=16 promote=1 vectorize=1}",b128x64-t4x8-k16; grid=16x8x1 block=8x32x1 padded=1024x1024x1024; regs=80 smem=12288 blocks/SM=3 occ=0.5,,10,100,0.237424,0.23552,0.000877,GFLOP/s,9044.930790484534,1800,23.37% of FP32 peak at median clock,,err/bound=0.00485,model: pred_ms=0.0862 waves=1 resident=2 bound=smem fma_step=1024 lds_step=1536 latency_exposed=0
572f506,23.1.2,13.3,NVIDIA RTX A6000,24153819,2026-09-27T04:28:06-07:00,mbr,1024x1024x1024,f32,"tforge-gpu-pipeline{block-tile=128,64 thread-tile=4,8 tile-k=32 promote=1 vectorize=1}",b128x64-t4x8-k32; grid=16x8x1 block=8x32x1 padded=1024x1024x1024; regs=80 smem=24576 blocks/SM=3 occ=0.5,,10,100,0.234496,0.232288,0.001403,GFLOP/s,9157.868995633187,1800,23.66% of FP32 peak at median clock,,err/bound=0.00485,model: pred_ms=0.0862 waves=1 resident=2 bound=smem fma_step=2048 lds_step=3072 latency_exposed=0
572f506,23.1.2,13.3,NVIDIA RTX A6000,24153819,2026-09-27T04:28:06-07:00,mbr,1024x1024x1024,f32,"tforge-gpu-pipeline{block-tile=128,64 thread-tile=8,8 tile-k=8 promote=1 vectorize=1}",b128x64-t8x8-k8; grid=16x8x1 block=8x16x1 padded=1024x1024x1024; regs=128 smem=6144 blocks/SM=4 occ=0.333,,10,100,0.194496,0.190464,0.001877,GFLOP/s,11041.274103323462,1800,28.53% of FP32 peak at median clock,,err/bound=0.00485,model: pred_ms=0.0624 waves=1 resident=2 bound=fma fma_step=512 lds_step=512 latency_exposed=1
572f506,23.1.2,13.3,NVIDIA RTX A6000,24153819,2026-09-27T04:28:06-07:00,mbr,1024x1024x1024,f32,"tforge-gpu-pipeline{block-tile=128,64 thread-tile=8,8 tile-k=16 promote=1 vectorize=1}",b128x64-t8x8-k16; grid=16x8x1 block=8x16x1 padded=1024x1024x1024; regs=128 smem=12288 blocks/SM=4 occ=0.333,,10,100,0.171904,0.169984,0.001371,GFLOP/s,12492.342516753535,1800,32.27% of FP32 peak at median clock,,err/bound=0.00485,model: pred_ms=0.0575 waves=1 resident=2 bound=fma fma_step=1024 lds_step=1024 latency_exposed=0
572f506,23.1.2,13.3,NVIDIA RTX A6000,24153819,2026-09-27T04:28:06-07:00,mbr,1024x1024x1024,f32,"tforge-gpu-pipeline{block-tile=128,64 thread-tile=8,8 tile-k=32 promote=1 vectorize=1}",b128x64-t8x8-k32; grid=16x8x1 block=8x16x1 padded=1024x1024x1024; regs=127 smem=24576 blocks/SM=4 occ=0.333,,10,100,0.187392,0.180224,0.003144,GFLOP/s,11459.846994535517,1800,29.61% of FP32 peak at median clock,,err/bound=0.00485,model: pred_ms=0.0575 waves=1 resident=2 bound=fma fma_step=2048 lds_step=2048 latency_exposed=0
572f506,23.1.2,13.3,NVIDIA RTX A6000,24153819,2026-09-27T04:28:06-07:00,mbr,1024x1024x1024,f32,"tforge-gpu-pipeline{block-tile=128,128 thread-tile=4,4 tile-k=8 promote=1 vectorize=1}",b128x128-t4x4-k8; grid=8x8x1 block=32x32x1 padded=1024x1024x1024; regs=64 smem=8192 blocks/SM=1 occ=0.667,,10,100,0.213728,0.211968,0.000845,GFLOP/s,10047.741278634525,1800,25.96% of FP32 peak at median clock,,err/bound=0.00485,model: pred_ms=0.1487 waves=1 resident=1 bound=smem fma_step=1024 lds_step=2048 latency_exposed=1
572f506,23.1.2,13.3,NVIDIA RTX A6000,24153819,2026-09-27T04:28:06-07:00,mbr,1024x1024x1024,f32,"tforge-gpu-pipeline{block-tile=128,128 thread-tile=4,4 tile-k=16 promote=1 vectorize=1}",b128x128-t4x4-k16; grid=8x8x1 block=32x32x1 padded=1024x1024x1024; regs=64 smem=16384 blocks/SM=1 occ=0.667,,10,100,0.185312,0.18432,0.000593,GFLOP/s,11588.475910896219,1800,29.94% of FP32 peak at median clock,,err/bound=0.00485,model: pred_ms=0.1318 waves=1 resident=1 bound=smem fma_step=2048 lds_step=4096 latency_exposed=1
572f506,23.1.2,13.3,NVIDIA RTX A6000,24153819,2026-09-27T04:28:06-07:00,mbr,1024x1024x1024,f32,"tforge-gpu-pipeline{block-tile=128,128 thread-tile=4,4 tile-k=32 promote=1 vectorize=1}",b128x128-t4x4-k32; grid=8x8x1 block=32x32x1 padded=1024x1024x1024; regs=64 smem=32768 blocks/SM=1 occ=0.667,,10,100,0.168784,0.167936,0.000608,GFLOP/s,12723.265522798369,1800,32.87% of FP32 peak at median clock,,err/bound=0.00485,model: pred_ms=0.1234 waves=1 resident=1 bound=smem fma_step=4096 lds_step=8192 latency_exposed=1
572f506,23.1.2,13.3,NVIDIA RTX A6000,24153819,2026-09-27T04:28:06-07:00,mbr,1024x1024x1024,f32,"tforge-gpu-pipeline{block-tile=128,128 thread-tile=8,4 tile-k=8 promote=1 vectorize=1}",b128x128-t8x4-k8; grid=8x8x1 block=32x16x1 padded=1024x1024x1024; regs=94 smem=8192 blocks/SM=1 occ=0.333,,10,100,0.195552,0.194464,0.016937,GFLOP/s,10981.650139093437,1800,28.37% of FP32 peak at median clock,,err/bound=0.00485,model: pred_ms=0.1199 waves=1 resident=1 bound=smem fma_step=1024 lds_step=1536 latency_exposed=1
572f506,23.1.2,13.3,NVIDIA RTX A6000,24153819,2026-09-27T04:28:06-07:00,mbr,1024x1024x1024,f32,"tforge-gpu-pipeline{block-tile=128,128 thread-tile=8,4 tile-k=16 promote=1 vectorize=1}",b128x128-t8x4-k16; grid=8x8x1 block=32x16x1 padded=1024x1024x1024; regs=96 smem=16384 blocks/SM=1 occ=0.333,,10,100,0.15968,0.15872,0.00067,GFLOP/s,13448.670140280563,1800,34.74% of FP32 peak at median clock,,err/bound=0.00485,model: pred_ms=0.1031 waves=1 resident=1 bound=smem fma_step=2048 lds_step=3072 latency_exposed=1
572f506,23.1.2,13.3,NVIDIA RTX A6000,24153819,2026-09-27T04:28:06-07:00,mbr,1024x1024x1024,f32,"tforge-gpu-pipeline{block-tile=128,128 thread-tile=8,4 tile-k=32 promote=1 vectorize=1}",b128x128-t8x4-k32; grid=8x8x1 block=32x16x1 padded=1024x1024x1024; regs=96 smem=32768 blocks/SM=1 occ=0.333,,10,100,0.144384,0.14336,0.0006,GFLOP/s,14873.41843971631,1800,38.43% of FP32 peak at median clock,,err/bound=0.00485,model: pred_ms=0.0947 waves=1 resident=1 bound=smem fma_step=4096 lds_step=6144 latency_exposed=1
572f506,23.1.2,13.3,NVIDIA RTX A6000,24153819,2026-09-27T04:28:06-07:00,mbr,1024x1024x1024,f32,"tforge-gpu-pipeline{block-tile=128,128 thread-tile=4,8 tile-k=8 promote=1 vectorize=1}",b128x128-t4x8-k8; grid=8x8x1 block=16x32x1 padded=1024x1024x1024; regs=88 smem=8192 blocks/SM=1 occ=0.333,,10,100,0.27648,0.2752,0.009984,GFLOP/s,7767.229629629629,1800,20.07% of FP32 peak at median clock,,err/bound=0.00485,model: pred_ms=0.1199 waves=1 resident=1 bound=smem fma_step=1024 lds_step=1536 latency_exposed=1
572f506,23.1.2,13.3,NVIDIA RTX A6000,24153819,2026-09-27T04:28:06-07:00,mbr,1024x1024x1024,f32,"tforge-gpu-pipeline{block-tile=128,128 thread-tile=4,8 tile-k=16 promote=1 vectorize=1}",b128x128-t4x8-k16; grid=8x8x1 block=16x32x1 padded=1024x1024x1024; regs=94 smem=16384 blocks/SM=1 occ=0.333,,10,100,0.235536,0.234496,0.000651,GFLOP/s,9117.432783098975,1800,23.55% of FP32 peak at median clock,,err/bound=0.00485,model: pred_ms=0.1031 waves=1 resident=1 bound=smem fma_step=2048 lds_step=3072 latency_exposed=1
572f506,23.1.2,13.3,NVIDIA RTX A6000,24153819,2026-09-27T04:28:06-07:00,mbr,1024x1024x1024,f32,"tforge-gpu-pipeline{block-tile=128,128 thread-tile=4,8 tile-k=32 promote=1 vectorize=1}",b128x128-t4x8-k32; grid=8x8x1 block=16x32x1 padded=1024x1024x1024; regs=100 smem=32768 blocks/SM=1 occ=0.333,,10,100,0.224256,0.223232,0.000649,GFLOP/s,9576.036529680365,1800,24.74% of FP32 peak at median clock,,err/bound=0.00485,model: pred_ms=0.0947 waves=1 resident=1 bound=smem fma_step=4096 lds_step=6144 latency_exposed=1
572f506,23.1.2,13.3,NVIDIA RTX A6000,24153819,2026-09-27T04:28:06-07:00,mbr,1024x1024x1024,f32,"tforge-gpu-pipeline{block-tile=128,128 thread-tile=8,8 tile-k=8 promote=1 vectorize=1}",b128x128-t8x8-k8; grid=8x8x1 block=16x16x1 padded=1024x1024x1024; regs=128 smem=8192 blocks/SM=2 occ=0.333,,10,100,0.208768,0.207872,0.000677,GFLOP/s,10286.459840588595,1800,26.58% of FP32 peak at median clock,,err/bound=0.00485,model: pred_ms=0.0912 waves=1 resident=1 bound=fma fma_step=1024 lds_step=1024 latency_exposed=1
572f506,23.1.2,13.3,NVIDIA RTX A6000,24153819,2026-09-27T04:28:06-07:00,mbr,1024x1024x1024,f32,"tforge-gpu-pipeline{block-tile=128,128 thread-tile=8,8 tile-k=16 promote=1 vectorize=1}",b128x128-t8x8-k16; grid=8x8x1 block=16x16x1 padded=1024x1024x1024; regs=128 smem=16384 blocks/SM=2 occ=0.333,,10,100,0.178944,0.177984,0.000648,GFLOP/s,12000.869814020029,1800,31.00% of FP32 peak at median clock,,err/bound=0.00485,model: pred_ms=0.0743 waves=1 resident=1 bound=fma fma_step=2048 lds_step=2048 latency_exposed=1
572f506,23.1.2,13.3,NVIDIA RTX A6000,24153819,2026-09-27T04:28:06-07:00,mbr,1024x1024x1024,f32,"tforge-gpu-pipeline{block-tile=128,128 thread-tile=8,8 tile-k=32 promote=1 vectorize=1}",b128x128-t8x8-k32; grid=8x8x1 block=16x16x1 padded=1024x1024x1024; regs=128 smem=32768 blocks/SM=2 occ=0.333,,10,100,0.169456,0.166912,0.001279,GFLOP/s,12672.809744122367,1800,32.74% of FP32 peak at median clock,,err/bound=0.00485,model: pred_ms=0.0659 waves=1 resident=1 bound=fma fma_step=4096 lds_step=4096 latency_exposed=1
572f506,23.1.2,13.3,NVIDIA RTX A6000,24153819,2026-09-27T04:28:06-07:00,mbr,2048x2048x2048,f32,"tforge-gpu-pipeline{block-tile=32,32 thread-tile=4,4 tile-k=8 promote=1 vectorize=1}",b32x32-t4x4-k8; grid=64x64x1 block=8x8x1 padded=2048x2048x2048; regs=64 smem=2048 blocks/SM=16 occ=0.667,,10,100,1.649536,1.477632,0.061958,GFLOP/s,10414.970745712735,1800,26.91% of FP32 peak at median clock,,err/bound=0.00232,model: pred_ms=0.9198 waves=4 resident=16 bound=smem fma_step=64 lds_step=128 latency_exposed=0
572f506,23.1.2,13.3,NVIDIA RTX A6000,24153819,2026-09-27T04:28:06-07:00,mbr,2048x2048x2048,f32,"tforge-gpu-pipeline{block-tile=32,32 thread-tile=4,4 tile-k=16 promote=1 vectorize=1}",b32x32-t4x4-k16; grid=64x64x1 block=8x8x1 padded=2048x2048x2048; regs=62 smem=4096 blocks/SM=16 occ=0.667,,10,100,1.568768,1.349568,0.073074,GFLOP/s,10951.185378590078,1920,26.52% of FP32 peak at median clock,,err/bound=0.00232,model: pred_ms=0.9198 waves=4 resident=16 bound=smem fma_step=128 lds_step=256 latency_exposed=0
572f506,23.1.2,13.3,NVIDIA RTX A6000,24153819,2026-09-27T04:28:06-07:00,mbr,2048x2048x2048,f32,"tforge-gpu-pipeline{block-tile=32,32 thread-tile=4,4 tile-k=32 promote=1 vectorize=1}",b32x32-t4x4-k32; grid=64x64x1 block=8x8x1 padded=2048x2048x2048; regs=80 smem=8192 blocks/SM=11 occ=0.458,,10,100,1.467392,1.23904,0.083512,GFLOP/s,11707.757152826238,1920,28.36% of FP32 peak at median clock,,err/bound=0.00232,model: pred_ms=0.7905 waves=5 resident=11 bound=smem fma_step=256 lds_step=512 latency_exposed=0
572f506,23.1.2,13.3,NVIDIA RTX A6000,24153819,2026-09-27T04:28:06-07:00,mbr,2048x2048x2048,f32,"tforge-gpu-pipeline{block-tile=32,32 thread-tile=8,4 tile-k=8 promote=1 vectorize=1}",b32x32-t8x4-k8; grid=64x64x1 block=8x4x1 padded=2048x2048x2048; regs=106 smem=2048 blocks/SM=16 occ=0.333,,10,100,1.50016,1.31712,0.065207,GFLOP/s,11452.02457337884,1920,27.74% of FP32 peak at median clock,,err/bound=0.00232,model: pred_ms=0.6899 waves=4 resident=16 bound=smem fma_step=64 lds_step=96 latency_exposed=0
572f506,23.1.2,13.3,NVIDIA RTX A6000,24153819,2026-09-27T04:28:06-07:00,mbr,2048x2048x2048,f32,"tforge-gpu-pipeline{block-tile=32,32 thread-tile=8,4 tile-k=16 promote=1 vectorize=1}",b32x32-t8x4-k16; grid=64x64x1 block=8x4x1 padded=2048x2048x2048; regs=108 smem=4096 blocks/SM=16 occ=0.333,,10,100,1.368064,1.183744,0.072388,GFLOP/s,12557.79640718563,1920,30.42% of FP32 peak at median clock,,err/bound=0.00232,model: pred_ms=0.6899 waves=4 resident=16 bound=smem fma_step=128 lds_step=192 latency_exposed=0
572f506,23.1.2,13.3,NVIDIA RTX A6000,24153819,2026-09-27T04:28:06-07:00,mbr,2048x2048x2048,f32,"tforge-gpu-pipeline{block-tile=32,32 thread-tile=8,4 tile-k=32 promote=1 vectorize=1}",b32x32-t8x4-k32; grid=64x64x1 block=8x4x1 padded=2048x2048x2048; regs=118 smem=8192 blocks/SM=11 occ=0.229,,10,100,1.294336,1.083136,0.080877,GFLOP/s,13273.113924050635,1920,32.15% of FP32 peak at median clock,,err/bound=0.00232,model: pred_ms=0.5928 waves=5 resident=11 bound=smem fma_step=256 lds_step=384 latency_exposed=0
572f506,23.1.2,13.3,NVIDIA RTX A6000,24153819,2026-09-27T04:28:06-07:00,mbr,2048x2048x2048,f32,"tforge-gpu-pipeline{block-tile=32,32 thread-tile=4,8 tile-k=8 promote=1 vectorize=1}",b32x32-t4x8-k8; grid=64x64x1 block=4x8x1 padded=2048x2048x2048; regs=104 smem=2048 blocks/SM=16 occ=0.333,,10,100,1.717248,1.54192,0.057021,GFLOP/s,10004.302921884317,1920,24.23% of FP32 peak at median clock,,err/bound=0.00232,model: pred_ms=0.6899 waves=4 resident=16 bound=smem fma_step=64 lds_step=96 latency_exposed=0
572f506,23.1.2,13.3,NVIDIA RTX A6000,24153819,2026-09-27T04:28:06-07:00,mbr,2048x2048x2048,f32,"tforge-gpu-pipeline{block-tile=32,32 thread-tile=4,8 tile-k=16 promote=1 vectorize=1}",b32x32-t4x8-k16; grid=64x64x1 block=4x8x1 padded=2048x2048x2048; regs=106 smem=4096 blocks/SM=16 occ=0.333,,10,100,1.593344,1.396736,0.069798,GFLOP/s,10782.272493573264,1920,26.11% of FP32 peak at median clock,,err/bound=0.00232,model: pred_ms=0.6899 waves=4 resident=16 bound=smem fma_step=128 lds_step=192 latency_exposed=0
572f506,23.1.2,13.3,NVIDIA RTX A6000,24153819,2026-09-27T04:28:06-07:00,mbr,2048x2048x2048,f32,"tforge-gpu-pipeline{block-tile=32,32 thread-tile=4,8 tile-k=32 promote=1 vectorize=1}",b32x32-t4x8-k32; grid=64x64x1 block=4x8x1 padded=2048x2048x2048; regs=126 smem=8192 blocks/SM=11 occ=0.229,,10,100,1.481728,1.262592,0.072568,GFLOP/s,11594.482377332411,1920,28.08% of FP32 peak at median clock,,err/bound=0.00232,model: pred_ms=0.5928 waves=5 resident=11 bound=smem fma_step=256 lds_step=384 latency_exposed=0
572f506,23.1.2,13.3,NVIDIA RTX A6000,24153819,2026-09-27T04:28:06-07:00,mbr,2048x2048x2048,f32,"tforge-gpu-pipeline{block-tile=32,64 thread-tile=4,4 tile-k=8 promote=1 vectorize=1}",b32x64-t4x4-k8; grid=32x64x1 block=16x8x1 padded=2048x2048x2048; regs=64 smem=3072 blocks/SM=8 occ=0.667,,10,100,1.434544,1.221632,0.077069,GFLOP/s,11975.83983760693,1920,29.01% of FP32 peak at median clock,,err/bound=0.00232,model: pred_ms=0.9198 waves=4 resident=8 bound=smem fma_step=128 lds_step=256 latency_exposed=0
572f506,23.1.2,13.3,NVIDIA RTX A6000,24153819,2026-09-27T04:28:06-07:00,mbr,2048x2048x2048,f32,"tforge-gpu-pipeline{block-tile=32,64 thread-tile=4,4 tile-k=16 promote=1 vectorize=1}",b32x64-t4x4-k16; grid=32x64x1 block=16x8x1 padded=2048x2048x2048; regs=63 smem=6144 blocks/SM=8 occ=0.667,,10,100,1.28864,1.068928,0.096405,GFLOP/s,13331.78326297492,1920,32.29% of FP32 peak at median clock,,err/bound=0.00232,model: pred_ms=0.9198 waves=4 resident=8 bound=smem fma_step=256 lds_step=512 latency_exposed=0
572f506,23.1.2,13.3,NVIDIA RTX A6000,24153819,2026-09-27T04:28:06-07:00,mbr,2048x2048x2048,f32,"tforge-gpu-pipeline{block-tile=32,64 thread-tile=4,4 tile-k=32 promote=1 vectorize=1}",b32x64-t4x4-k32; grid=32x64x1 block=16x8x1 padded=2048x2048x2048; regs=70 smem=12288 blocks/SM=7 occ=0.583,,10,100,1.273856,1.053696,0.089147,GFLOP/s,13486.508038585209,1920,32.66% of FP32 peak at median clock,,err/bound=0.00232,model: pred_ms=0.8048 waves=4 resident=7 bound=smem fma_step=512 lds_step=1024 latency_exposed=0
572f506,23.1.2,13.3,NVIDIA RTX A6000,24153819,2026-09-27T04:28:06-07:00,mbr,2048x2048x2048,f32,"tforge-gpu-pipeline{block-tile=32,64 thread-tile=8,4 tile-k=8 promote=1 vectorize=1}",b32x64-t8x4-k8; grid=32x64x1 block=16x4x1 padded=2048x2048x2048; regs=96 smem=3072 blocks/SM=10 occ=0.417,,10,100,1.149952,0.973824,0.072266,GFLOP/s,14939.640249332144,1920,36.18% of FP32 peak at median clock,,err/bound=0.00232,model: pred_ms=0.6467 waves=3 resident=10 bound=smem fma_step=128 lds_step=192 latency_exposed=0
572f506,23.1.2,13.3,NVIDIA RTX A6000,24153819,2026-09-27T04:28:06-07:00,mbr,2048x2048x2048,f32,"tforge-gpu-pipeline{block-tile=32,64 thread-tile=8,4 tile-k=16 promote=1 vectorize=1}",b32x64-t8x4-k16; grid=32x64x1 block=16x4x1 padded=2048x2048x2048; regs=94 smem=6144 blocks/SM=10 occ=0.417,,10,100,1.12384,0.948224,0.076701,GFLOP/s,15286.757175398634,1920,37.02% of FP32 peak at median clock,,err/bound=0.00232,model: pred_ms=0.6467 waves=3 resident=10 bound=smem fma_step=256 lds_step=384 latency_exposed=0
572f506,23.1.2,13.3,NVIDIA RTX A6000,24153819,2026-09-27T04:28:06-07:00,mbr,2048x2048x2048,f32,"tforge-gpu-pipeline{block-tile=32,64 thread-tile=8,4 tile-k=32 promote=1 vectorize=1}",b32x64-t8x4-k32; grid=32x64x1 block=16x4x1 padded=2048x2048x2048; regs=108 smem=12288 blocks/SM=7 occ=0.292,,10,100,1.103872,0.90624,0.084387,GFLOP/s,15563.280148423008,1920,37.69% of FP32 peak at median clock,,err/bound=0.00232,model: pred_ms=0.6036 waves=4 resident=7 bound=smem fma_step=512 lds_step=768 latency_exposed=0
572f506,23.1.2,13.3,NVIDIA RTX A6000,24153819,2026-09-27T04:28:06-07:00,mbr,2048x2048x2048,f32,"tforge-gpu-pipeline{block-tile=32,64 thread-tile=4,8 tile-k=8 promote=1 vectorize=1}",b32x64-t4x8-k8; grid=32x64x1 block=8x8x1 padded=2048x2048x2048; regs=80 smem=3072 blocks/SM=12 occ=0.5,,10,100,1.6896,1.529632,0.056779,GFLOP/s,10168.009696969697,1920,24.63% of FP32 peak at median clock,,err/bound=0.00232,model: pred_ms=0.7761 waves=3 resident=12 bound=smem fma_step=128 lds_step=192 latency_exposed=0
572f506,23.1.2,13.3,NVIDIA RTX A6000,24153819,2026-09-27T04:28:06-07:00,mbr,2048x2048x2048,f32,"tforge-gpu-pipeline{block-tile=32,64 thread-tile=4,8 tile-k=16 promote=1 vectorize=1}",b32x64-t4x8-k16; grid=32x64x1 block=8x8x1 padded=2048x2048x2048; regs=80 smem=6144 blocks/SM=12 occ=0.5,,10,100,1.626192,1.465344,0.054732,GFLOP/s,10564.477739405924,1920,25.59% of FP32 peak at median clock,,err/bound=0.00232,model: pred_ms=0.7761 waves=3 resident=12 bound=smem fma_step=256 lds_step=384 latency_exposed=0
572f506,23.1.2,13.3,NVIDIA RTX A6000,24153819,2026-09-27T04:28:06-07:00,mbr,2048x2048x2048,f32,"tforge-gpu-pipeline{block-tile=32,64 thread-tile=4,8 tile-k=32 promote=1 vectorize=1}",b32x64-t4x8-k32; grid=32x64x1 block=8x8x1 padded=2048x2048x2048; regs=114 smem=12288 blocks/SM=7 occ=0.292,,10,100,1.547264,1.368064,0.063433,GFLOP/s,11103.385837193911,1920,26.89% of FP32 peak at median clock,,err/bound=0.00232,model: pred_ms=0.6036 waves=4 resident=7 bound=smem fma_step=512 lds_step=768 latency_exposed=0
572f506,23.1.2,13.3,NVIDIA RTX A6000,24153819,2026-09-27T04:28:06-07:00,mbr,2048x2048x2048,f32,"tforge-gpu-pipeline{block-tile=32,64 thread-tile=8,8 tile-k=8 promote=1 vectorize=1}",b32x64-t8x8-k8; grid=32x64x1 block=8x4x1 padded=2048x2048x2048; regs=128 smem=3072 blocks/SM=16 occ=0.333,,10,100,1.318912,1.158144,0.056725,GFLOP/s,13025.788819875774,1920,31.55% of FP32 peak at median clock,,err/bound=0.00232,model: pred_ms=0.4599 waves=2 resident=16 bound=fma fma_step=128 lds_step=128 latency_exposed=0
572f506,23.1.2,13.3,NVIDIA RTX A6000,24153819,2026-09-27T04:28:06-07:00,mbr,2048x2048x2048,f32,"tforge-gpu-pipeline{block-tile=32,64 thread-tile=8,8 tile-k=16 promote=1 vectorize=1}",b32x64-t8x8-k16; grid=32x64x1 block=8x4x1 padded=2048x2048x2048; regs=128 smem=6144 blocks/SM=14 occ=0.292,,10,100,1.27488,1.125056,0.062204,GFLOP/s,13475.675502008033,1920,32.64% of FP32 peak at median clock,,err/bound=0.00232,model: pred_ms=0.4024 waves=2 resident=14 bound=fma fma_step=256 lds_step=256 latency_exposed=0
572f506,23.1.2,13.3,NVIDIA RTX A6000,24153819,2026-09-27T04:28:06-07:00,mbr,2048x2048x2048,f32,"tforge-gpu-pipeline{block-tile=32,64 thread-tile=8,8 tile-k=32 promote=1 vectorize=1}",b32x64-t8x8-k32; grid=32x64x1 block=8x4x1 padded=2048x2048x2048; regs=178 smem=12288 blocks/SM=7 occ=0.146,,10,100,1.227776,1.065984,0.064913,GFLOP/s,13992.673894912426,1920,33.89% of FP32 peak at median clock,,err/bound=0.00232,model: pred_ms=0.4024 waves=4 resident=7 bound=fma fma_step=512 lds_step=512 latency_exposed=0
572f506,23.1.2,13.3,NVIDIA RTX A6000,24153819,2026-09-27T04:28:06-07:00,mbr,2048x2048x2048,f32,"tforge-gpu-pipeline{block-tile=32,128 thread-tile=4,4 tile-k=8 promote=1 vectorize=1}",b32x128-t4x4-k8; grid=16x64x1 block=32x8x1 padded=2048x2048x2048; regs=60 smem=5120 blocks/SM=4 occ=0.667,,10,100,1.329152,1.157024,0.077374,GFLOP/s,12925.436055469954,1905,31.55% of FP32 peak at median clock,,err/bound=0.00232,model: pred_ms=0.9198 waves=4 resident=4 bound=smem fma_step=256 lds_step=512 latency_exposed=0
572f506,23.1.2,13.3,NVIDIA RTX A6000,24153819,2026-09-27T04:28:06-07:00,mbr,2048x2048x2048,f32,"tforge-gpu-pipeline{block-tile=32,128 thread-tile=4,4 tile-k=16 promote=1 vectorize=1}",b32x128-t4x4-k16; grid=16x64x1 block=32x8x1 padded=2048x2048x2048; regs=62 smem=10240 blocks/SM=4 occ=0.667,,10,100,1.281024,1.093632,0.070486,GFLOP/s,13411.043964828139,1920,32.48% of FP32 peak at median clock,,err/bound=0.00232,model: pred_ms=0.9198 waves=4 resident=4 bound=smem fma_step=512 lds_step=1024 latency_exposed=0
572f506,23.1.2,13.3,NVIDIA RTX A6000,24153819,2026-09-27T04:28:06-07:00,mbr,2048x2048x2048,f32,"tforge-gpu-pipeline{block-tile=32,128 thread-tile=4,4 tile-k=32 promote=1 vectorize=1}",b32x128-t4x4-k32; grid=16x64x1 block=32x8x1 padded=2048x2048x2048; regs=66 smem=20480 blocks/SM=3 occ=0.5,,10,100,1.241088,1.092608,0.061995,GFLOP/s,13842.587458745875,1800,35.76% of FP32 peak at median clock,,err/bound=0.00232,model: pred_ms=0.8623 waves=5 resident=3 bound=smem fma_step=1024 lds_step=2048 latency_exposed=0
572f506,23.1.2,13.3,NVIDIA RTX A6000,24153819,2026-09-27T04:28:06-07:00,mbr,2048x2048x2048,f32,"tforge-gpu-pipeline{block-tile=32,128 thread-tile=8,4 tile-k=8 promote=1 vectorize=1}",b32x128-t8x4-k8; grid=16x64x1 block=32x4x1 padded=2048x2048x2048; regs=86 smem=5120 blocks/SM=5 occ=0.417,,10,100,1.117184,0.961312,0.065698,GFLOP/s,15377.833180568285,1890,37.84% of FP32 peak at median clock,,err/bound=0.00232,model: pred_ms=0.6467 waves=3 resident=5 bound=smem fma_step=256 lds_step=384 latency_exposed=0
572f506,23.1.2,13.3,NVIDIA RTX A6000,24153819,2026-09-27T04:28:06-07:00,mbr,2048x2048x2048,f32,"tforge-gpu-pipeline{block-tile=32,128 thread-tile=8,4 tile-k=16 promote=1 vectorize=1}",b32x128-t8x4-k16; grid=16x64x1 block=32x4x1 padded=2048x2048x2048; regs=91 smem=10240 blocks/SM=5 occ=0.417,,10,100,1.06496,0.88592,0.07549,GFLOP/s,16131.93846153846,1920,39.07% of FP32 peak at median clock,,err/bound=0.00232,model: pred_ms=0.6467 waves=3 resident=5 bound=smem fma_step=512 lds_step=768 latency_exposed=0
572f506,23.1.2,13.3,NVIDIA RTX A6000,24153819,2026-09-27T04:28:06-07:00,mbr,2048x2048x2048,f32,"tforge-gpu-pipeline{block-tile=32,128 thread-tile=8,4 tile-k=32 promote=1 vectorize=1}",b32x128-t8x4-k32; grid=16x64x1 block=32x4x1 padded=2048x2048x2048; regs=106 smem=20480 blocks/SM=4 occ=0.333,,10,100,1.072128,0.897984,0.076034,GFLOP/s,16024.084049665711,1920,38.81% of FP32 peak at median clock,,err/bound=0.00232,model: pred_ms=0.6899 waves=4 resident=4 bound=smem fma_step=1024 lds_step=1536 latency_exposed=0
572f506,23.1.2,13.3,NVIDIA RTX A6000,24153819,2026-09-27T04:28:06-07:00,mbr,2048x2048x2048,f32,"tforge-gpu-pipeline{block-tile=32,128 thread-tile=4,8 tile-k=8 promote=1 vectorize=1}",b32x128-t4x8-k8; grid=16x64x1 block=16x8x1 padded=2048x2048x2048; regs=80 smem=5120 blocks/SM=6 occ=0.5,,10,100,1.548048,1.388544,0.049113,GFLOP/s,11097.762591340836,1920,26.88% of FP32 peak at median clock,,err/bound=0.00232,model: pred_ms=0.7761 waves=3 resident=6 bound=smem fma_step=256 lds_step=384 latency_exposed=0
572f506,23.1.2,13.3,NVIDIA RTX A6000,24153819,2026-09-27T04:28:06-07:00,mbr,2048x2048x2048,f32,"tforge-gpu-pipeline{block-tile=32,128 thread-tile=4,8 tile-k=16 promote=1 vectorize=1}",b32x128-t4x8-k16; grid=16x64x1 block=16x8x1 padded=2048x2048x2048; regs=80 smem=10240 blocks/SM=6 occ=0.5,,10,100,1.471488,1.302528,0.062933,GFLOP/s,11675.167710508003,1920,28.28% of FP32 peak at median clock,,err/bound=0.00232,model: pred_ms=0.7761 waves=3 resident=6 bound=smem fma_step=512 lds_step=768 latency_exposed=0
572f506,23.1.2,13.3,NVIDIA RTX A6000,24153819,2026-09-27T04:28:06-07:00,mbr,2048x2048x2048,f32,"tforge-gpu-pipeline{block-tile=32,128 thread-tile=4,8 tile-k=32 promote=1 vectorize=1}",b32x128-t4x8-k32; grid=16x64x1 block=16x8x1 padded=2048x2048x2048; regs=104 smem=20480 blocks/SM=4 occ=0.333,,10,100,1.448,1.28512,0.0559,GFLOP/s,11864.550541436463,1920,28.74% of FP32 peak at median clock,,err/bound=0.00232,model: pred_ms=0.6899 waves=4 resident=4 bound=smem fma_step=1024 lds_step=1536 latency_exposed=0
572f506,23.1.2,13.3,NVIDIA RTX A6000,24153819,2026-09-27T04:28:06-07:00,mbr,2048x2048x2048,f32,"tforge-gpu-pipeline{block-tile=32,128 thread-tile=8,8 tile-k=8 promote=1 vectorize=1}",b32x128-t8x8-k8; grid=16x64x1 block=16x4x1 padded=2048x2048x2048; regs=128 smem=5120 blocks/SM=8 occ=0.333,,10,100,1.150416,0.998144,0.06101,GFLOP/s,14933.61460897623,1920,36.17% of FP32 peak at median clock,,err/bound=0.00232,model: pred_ms=0.4599 waves=2 resident=8 bound=fma fma_step=256 lds_step=256 latency_exposed=0
572f506,23.1.2,13.3,NVIDIA RTX A6000,24153819,2026-09-27T04:28:06-07:00,mbr,2048x2048x2048,f32,"tforge-gpu-pipeline{block-tile=32,128 thread-tile=8,8 tile-k=16 promote=1 vectorize=1}",b32x128-t8x8-k16; grid=16x64x1 block=16x4x1 padded=2048x2048x2048; regs=128 smem=10240 blocks/SM=8 occ=0.333,,10,100,1.135584,0.990208,0.058248,GFLOP/s,15128.664355961339,1920,36.64% of FP32 peak at median clock,,err/bound=0.00232,model: pred_ms=0.4599 waves=2 resident=8 bound=fma fma_step=512 lds_step=512 latency_exposed=0
572f506,23.1.2,13.3,NVIDIA RTX A6000,24153819,2026-09-27T04:28:06-07:00,mbr,2048x2048x2048,f32,"tforge-gpu-pipeline{block-tile=32,128 thread-tile=8,8 tile-k=32 promote=1 vectorize=1}",b32x128-t8x8-k32; grid=16x64x1 block=16x4x1 padded=2048x2048x2048; regs=162 smem=20480 blocks/SM=4 occ=0.167,,10,100,1.142784,1.042432,0.041824,GFLOP/s,15033.347670250896,1800,38.84% of FP32 peak at median clock,,err/bound=0.00232,model: pred_ms=0.4599 waves=4 resident=4 bound=fma fma_step=1024 lds_step=1024 latency_exposed=0
572f506,23.1.2,13.3,NVIDIA RTX A6000,24153819,2026-09-27T04:28:06-07:00,mbr,2048x2048x2048,f32,"tforge-gpu-pipeline{block-tile=64,32 thread-tile=4,4 tile-k=8 promote=1 vectorize=1}",b64x32-t4x4-k8; grid=64x32x1 block=8x16x1 padded=2048x2048x2048; regs=56 smem=3072 blocks/SM=9 occ=0.75,,10,100,1.596336,1.41824,0.055222,GFLOP/s,10762.063365106093,1800,27.80% of FP32 peak at median clock,,err/bound=0.00232,model: pred_ms=0.7761 waves=3 resident=9 bound=smem fma_step=128 lds_step=256 latency_exposed=0
572f506,23.1.2,13.3,NVIDIA RTX A6000,24153819,2026-09-27T04:28:06-07:00,mbr,2048x2048x2048,f32,"tforge-gpu-pipeline{block-tile=64,32 thread-tile=4,4 tile-k=16 promote=1 vectorize=1}",b64x32-t4x4-k16; grid=64x32x1 block=8x16x1 padded=2048x2048x2048; regs=63 smem=6144 blocks/SM=8 occ=0.667,,10,100,1.4848,1.262464,0.073069,GFLOP/s,11570.49379310345,1920,28.02% of FP32 peak at median clock,,err/bound=0.00232,model: pred_ms=0.9198 waves=4 resident=8 bound=smem fma_step=256 lds_step=512 latency_exposed=0
572f506,23.1.2,13.3,NVIDIA RTX A6000,24153819,2026-09-27T04:28:06-07:00,mbr,2048x2048x2048,f32,"tforge-gpu-pipeline{block-tile=64,32 thread-tile=4,4 tile-k=32 promote=1 vectorize=1}",b64x32-t4x4-k32; grid=64x32x1 block=8x16x1 padded=2048x2048x2048; regs=72 smem=12288 blocks/SM=7 occ=0.583,,10,100,1.398272,1.169408,0.081386,GFLOP/s,12286.50018308312,1920,29.76% of FP32 peak at median clock,,err/bound=0.00232,model: pred_ms=0.8048 waves=4 resident=7 bound=smem fma_step=512 lds_step=1024 latency_exposed=0
572f506,23.1.2,13.3,NVIDIA RTX A6000,24153819,2026-09-27T04:28:06-07:00,mbr,2048x2048x2048,f32,"tforge-gpu-pipeline{block-tile=64,32 thread-tile=8,4 tile-k=8 promote=1 vectorize=1}",b64x32-t8x4-k8; grid=64x32x1 block=8x8x1 padded=2048x2048x2048; regs=96 smem=3072 blocks/SM=10 occ=0.417,,10,100,1.405952,1.215488,0.071994,GFLOP/s,12219.385287691188,1920,29.60% of FP32 peak at median clock,,err/bound=0.00232,model: pred_ms=0.6467 waves=3 resident=10 bound=smem fma_step=128 lds_step=192 latency_exposed=0
572f506,23.1.2,13.3,NVIDIA RTX A6000,24153819,2026-09-27T04:28:06-07:00,mbr,2048x2048x2048,f32,"tforge-gpu-pipeline{block-tile=64,32 thread-tile=8,4 tile-k=16 promote=1 vectorize=1}",b64x32-t8x4-k16; grid=64x32x1 block=8x8x1 padded=2048x2048x2048; regs=94 smem=6144 blocks/SM=10 occ=0.417,,10,100,1.287168,1.11104,0.070482,GFLOP/s,13347.029435163084,1905,32.58% of FP32 peak at median clock,,err/bound=0.00232,model: pred_ms=0.6467 waves=3 resident=10 bound=smem fma_step=256 lds_step=384 latency_exposed=0
572f506,23.1.2,13.3,NVIDIA RTX A6000,24153819,2026-09-27T04:28:06-07:00,mbr,2048x2048x2048,f32,"tforge-gpu-pipeline{block-tile=64,32 thread-tile=8,4 tile-k=32 promote=1 vectorize=1}",b64x32-t8x4-k32; grid=64x32x1 block=8x8x1 padded=2048x2048x2048; regs=108 smem=12288 blocks/SM=7 occ=0.292,,10,100,1.189888,0.994304,0.080917,GFLOP/s,14438.223752151463,1905,35.25% of FP32 peak at median clock,,err/bound=0.00232,model: pred_ms=0.6036 waves=4 resident=7 bound=smem fma_step=512 lds_step=768 latency_exposed=0
572f506,23.1.2,13.3,NVIDIA RTX A6000,24153819,2026-09-27T04:28:06-07:00,mbr,2048x2048x2048,f32,"tforge-gpu-pipeline{block-tile=64,32 thread-tile=4,8 tile-k=8 promote=1 vectorize=1}",b64x32-t4x8-k8; grid=64x32x1 block=4x16x1 padded=2048x2048x2048; regs=79 smem=3072 blocks/SM=12 occ=0.5,,10,100,1.635712,1.453056,0.05848,GFLOP/s,10502.991470381094,1905,25.64% of FP32 peak at median clock,,err/bound=0.00232,model: pred_ms=0.7761 waves=3 resident=12 bound=smem fma_step=128 lds_step=192 latency_exposed=0
572f506,23.1.2,13.3,NVIDIA RTX A6000,24153819,2026-09-27T04:28:06-07:00,mbr,2048x2048x2048,f32,"tforge-gpu-pipeline{block-tile=64,32 thread-tile=4,8 tile-k=16 promote=1 vectorize=1}",b64x32-t4x8-k16; grid=64x32x1 block=4x16x1 padded=2048x2048x2048; regs=80 smem=6144 blocks/SM=12 occ=0.5,,10,100,1.50016,1.325984,0.065978,GFLOP/s,11452.02457337884,1905,27.96% of FP32 peak at median clock,,err/bound=0.00232,model: pred_ms=0.7761 waves=3 resident=12 bound=smem fma_step=256 lds_step=384 latency_exposed=0
572f506,23.1.2,13.3,NVIDIA RTX A6000,24153819,2026-09-27T04:28:06-07:00,mbr,2048x2048x2048,f32,"tforge-gpu-pipeline{block-tile=64,32 thread-tile=4,8 tile-k=32 promote=1 vectorize=1}",b64x32-t4x8-k32; grid=64x32x1 block=4x16x1 padded=2048x2048x2048; regs=112 smem=12288 blocks/SM=7 occ=0.292,,10,100,1.39104,1.205152,0.072433,GFLOP/s,12350.377547734068,1905,30.15% of FP32 peak at median clock,,err/bound=0.00232,model: pred_ms=0.6036 waves=4 resident=7 bound=smem fma_step=512 lds_step=768 latency_exposed=0
572f506,23.1.2,13.3,NVIDIA RTX A6000,24153819,2026-09-27T04:28:06-07:00,mbr,2048x2048x2048,f32,"tforge-gpu-pipeline{block-tile=64,32 thread-tile=8,8 tile-k=8 promote=1 vectorize=1}",b64x32-t8x8-k8; grid=64x32x1 block=4x8x1 padded=2048x2048x2048; regs=128 smem=3072 blocks/SM=16 occ=0.333,,10,100,1.53344,1.36704,0.054129,GFLOP/s,11203.483138564276,1905,27.35% of FP32 peak at median clock,,err/bound=0.00232,model: pred_ms=0.4599 waves=2 resident=16 bound=fma fma_step=128 lds_step=128 latency_exposed=0
572f506,23.1.2,13.3,NVIDIA RTX A6000,24153819,2026-09-27T04:28:06-07:00,mbr,2048x2048x2048,f32,"tforge-gpu-pipeline{block-tile=64,32 thread-tile=8,8 tile-k=16 promote=1 vectorize=1}",b64x32-t8x8-k16; grid=64x32x1 block=4x8x1 padded=2048x2048x2048; regs=128 smem=6144 blocks/SM=14 occ=0.292,,10,100,1.3312,1.175616,0.062626,GFLOP/s,12905.55076923077,1905,31.50% of FP32 peak at median clock,,err/bound=0.00232,model: pred_ms=0.4024 waves=2 resident=14 bound=fma fma_step=256 lds_step=256 latency_exposed=0
572f506,23.1.2,13.3,NVIDIA RTX A6000,24153819,2026-09-27T04:28:06-07:00,mbr,2048x2048x2048,f32,"tforge-gpu-pipeline{block-tile=64,32 thread-tile=8,8 tile-k=32 promote=1 vectorize=1}",b64x32-t8x8-k32; grid=64x32x1 block=4x8x1 padded=2048x2048x2048; regs=178 smem=12288 blocks/SM=7 occ=0.146,,10,100,1.257872,1.09168,0.062506,GFLOP/s,13657.883460320285,1905,33.34% of FP32 peak at median clock,,err/bound=0.00232,model: pred_ms=0.4024 waves=4 resident=7 bound=fma fma_step=512 lds_step=512 latency_exposed=0
572f506,23.1.2,13.3,NVIDIA RTX A6000,24153819,2026-09-27T04:28:06-07:00,mbr,2048x2048x2048,f32,"tforge-gpu-pipeline{block-tile=64,64 thread-tile=4,4 tile-k=8 promote=1 vectorize=1}",b64x64-t4x4-k8; grid=32x32x1 block=16x16x1 padded=2048x2048x2048; regs=64 smem=4096 blocks/SM=4 occ=0.667,,10,100,1.42728,1.25744,0.064598,GFLOP/s,12036.789686676753,1905,29.38% of FP32 peak at median clock,,err/bound=0.00232,model: pred_ms=0.9198 waves=4 resident=4 bound=smem fma_step=256 lds_step=512 latency_exposed=0
572f506,23.1.2,13.3,NVIDIA RTX A6000,24153819,2026-09-27T04:28:06-07:00,mbr,2048x2048x2048,f32,"tforge-gpu-pipeline{block-tile=64,64 thread-tile=4,4 tile-k=16 promote=1 vectorize=1}",b64x64-t4x4-k16; grid=32x32x1 block=16x16x1 padded=2048x2048x2048; regs=61 smem=8192 blocks/SM=4 occ=0.667,,10,100,1.209808,1.028224,0.080258,GFLOP/s,14200.492296298256,1905,34.66% of FP32 peak at median clock,,err/bound=0.00232,model: pred_ms=0.9198 waves=4 resident=4 bound=smem fma_step=512 lds_step=1024 latency_exposed=0
572f506,23.1.2,13.3,NVIDIA RTX A6000,24153819,2026-09-27T04:28:06-07:00,mbr,2048x2048x2048,f32,"tforge-gpu-pipeline{block-tile=64,64 thread-tile=4,4 tile-k=32 promote=1 vectorize=1}",b64x64-t4x4-k32; grid=32x32x1 block=16x16x1 padded=2048x2048x2048; regs=65 smem=16384 blocks/SM=3 occ=0.5,,10,100,1.207776,1.01376,0.089165,GFLOP/s,14224.383647298835,1905,34.72% of FP32 peak at median clock,,err/bound=0.00232,model: pred_ms=0.8623 waves=5 resident=3 bound=smem fma_step=1024 lds_step=2048 latency_exposed=0
572f506,23.1.2,13.3,NVIDIA RTX A6000,24153819,2026-09-27T04:28:06-07:00,mbr,2048x2048x2048,f32,"tforge-gpu-pipeline{block-tile=64,64 thread-tile=8,4 tile-k=8 promote=1 vectorize=1}",b64x64-t8x4-k8; grid=32x32x1 block=16x8x1 padded=2048x2048x2048; regs=96 smem=4096 blocks/SM=5 occ=0.417,,10,100,1.115136,0.960512,0.061739,GFLOP/s,15406.075298438938,1905,37.61% of FP32 peak at median clock,,err/bound=0.00232,model: pred_ms=0.6467 waves=3 resident=5 bound=smem fma_step=256 lds_step=384 latency_exposed=0
572f506,23.1.2,13.3,NVIDIA RTX A6000,24153819,2026-09-27T04:28:06-07:00,mbr,2048x2048x2048,f32,"tforge-gpu-pipeline{block-tile=64,64 thread-tile=8,4 tile-k=16 promote=1 vectorize=1}",b64x64-t8x4-k16; grid=32x32x1 block=16x8x1 padded=2048x2048x2048; regs=92 smem=8192 blocks/SM=5 occ=0.417,,10,100,1.028096,0.861184,0.07399,GFLOP/s,16710.374501992035,1905,40.79% of FP32 peak at median clock,,err/bound=0.00232,model: pred_ms=0.6467 waves=3 resident=5 bound=smem fma_step=512 lds_step=768 latency_exposed=0
572f506,23.1.2,13.3,NVIDIA RTX A6000,24153819,2026-09-27T04:28:06-07:00,mbr,2048x2048x2048,f32,"tforge-gpu-pipeline{block-tile=64,64 thread-tile=8,4 tile-k=32 promote=1 vectorize=1}",b64x64-t8x4-k32; grid=32x32x1 block=16x8x1 padded=2048x2048x2048; regs=94 smem=16384 blocks/SM=5 occ=0.417,,10,100,0.996352,0.852992,0.065261,GFLOP/s,17242.77081192189,1800,44.55% of FP32 peak at median clock,,err/bound=0.00232,model: pred_ms=0.6467 waves=3 resident=5 bound=smem fma_step=1024 lds_step=1536 latency_exposed=0
572f506,23.1.2,13.3,NVIDIA RTX A6000,24153819,2026-09-27T04:28:06-07:00,mbr,2048x2048x2048,f32,"tforge-gpu-pipeline{block-tile=64,64 thread-tile=4,8 tile-k=8 promote=1 vectorize=1}",b64x64-t4x8-k8; grid=32x32x1 block=8x16x1 padded=2048x2048x2048; regs=80 smem=4096 blocks/SM=6 occ=0.5,,10,100,1.594368,1.514496,0.029961,GFLOP/s,10775.347463070006,1800,27.84% of FP32 peak at median clock,,err/bound=0.00232,model: pred_ms=0.7761 waves=3 resident=6 bound=smem fma_step=256 lds_step=384 latency_exposed=0
572f506,23.1.2,13.3,NVIDIA RTX A6000,24153819,2026-09-27T04:28:06-07:00,mbr,2048x2048x2048,f32,"tforge-gpu-pipeline{block-tile=64,64 thread-tile=4,8 tile-k=16 promote=1 vectorize=1}",b64x64-t4x8-k16; grid=32x32x1 block=8x16x1 padded=2048x2048x2048; regs=96 smem=8192 blocks/SM=5 occ=0.417,,10,100,1.52576,1.390592,0.038501,GFLOP/s,11259.876510067113,1905,27.49% of FP32 peak at median clock,,err/bound=0.00232,model: pred_ms=0.6467 waves=3 resident=5 bound=smem fma_step=512 lds_step=768 latency_exposed=0
572f506,23.1.2,13.3,NVIDIA RTX A6000,24153819,2026-09-27T04:28:06-07:00,mbr,2048x2048x2048,f32,"tforge-gpu-pipeline{block-tile=64,64 thread-tile=4,8 tile-k=32 promote=1 vectorize=1}",b64x64-t4x8-k32; grid=32x32x1 block=8x16x1 padded=2048x2048x2048; regs=96 smem=16384 blocks/SM=5 occ=0.417,,10,100,1.487776,1.339392,0.046924,GFLOP/s,11547.34932140322,1905,28.19% of FP32 peak at median clock,,err/bound=0.00232,model: pred_ms=0.6467 waves=3 resident=5 bound=smem fma_step=1024 lds_step=1536 latency_exposed=0
572f506,23.1.2,13.3,NVIDIA RTX A6000,24153819,2026-09-27T04:28:06-07:00,mbr,2048x2048x2048,f32,"tforge-gpu-pipeline{block-tile=64,64 thread-tile=8,8 tile-k=8 promote=1 vectorize=1}",b64x64-t8x8-k8; grid=32x32x1 block=8x8x1 padded=2048x2048x2048; regs=128 smem=4096 blocks/SM=8 occ=0.333,,10,100,1.248128,1.114144,0.04931,GFLOP/s,13764.509075992208,1905,33.60% of FP32 peak at median clock,,err/bound=0.00232,model: pred_ms=0.4599 waves=2 resident=8 bound=fma fma_step=256 lds_step=256 latency_exposed=0
572f506,23.1.2,13.3,NVIDIA RTX A6000,24153819,2026-09-27T04:28:06-07:00,mbr,2048x2048x2048,f32,"tforge-gpu-pipeline{block-tile=64,64 thread-tile=8,8 tile-k=16 promote=1 vectorize=1}",b64x64-t8x8-k16; grid=32x32x1 block=8x8x1 padded=2048x2048x2048; regs=128 smem=8192 blocks/SM=8 occ=0.333,,10,100,1.1648,1.027072,0.055198,GFLOP/s,14749.200879120877,1905,36.00% of FP32 peak at median clock,,err/bound=0.00232,model: pred_ms=0.4599 waves=2 resident=8 bound=fma fma_step=512 lds_step=512 latency_exposed=0
572f506,23.1.2,13.3,NVIDIA RTX A6000,24153819,2026-09-27T04:28:06-07:00,mbr,2048x2048x2048,f32,"tforge-gpu-pipeline{block-tile=64,64 thread-tile=8,8 tile-k=32 promote=1 vectorize=1}",b64x64-t8x8-k32; grid=32x32x1 block=8x8x1 padded=2048x2048x2048; regs=157 smem=16384 blocks/SM=5 occ=0.208,,10,100,1.110016,0.969728,0.059714,GFLOP/s,15477.136531365315,1905,37.78% of FP32 peak at median clock,,err/bound=0.00232,model: pred_ms=0.4312 waves=3 resident=5 bound=fma fma_step=1024 lds_step=1024 latency_exposed=0
572f506,23.1.2,13.3,NVIDIA RTX A6000,24153819,2026-09-27T04:28:06-07:00,mbr,2048x2048x2048,f32,"tforge-gpu-pipeline{block-tile=64,128 thread-tile=4,4 tile-k=8 promote=1 vectorize=1}",b64x128-t4x4-k8; grid=16x32x1 block=32x16x1 padded=2048x2048x2048; regs=64 smem=6144 blocks/SM=2 occ=0.667,,10,100,1.462272,1.354944,0.035458,GFLOP/s,11748.750700280112,1905,28.68% of FP32 peak at median clock,,err/bound=0.00232,model: pred_ms=0.9198 waves=4 resident=2 bound=smem fma_step=512 lds_step=1024 latency_exposed=0
572f506,23.1.2,13.3,NVIDIA RTX A6000,24153819,2026-09-27T04:28:06-07:00,mbr,2048x2048x2048,f32,"tforge-gpu-pipeline{block-tile=64,128 thread-tile=4,4 tile-k=16 promote=1 vectorize=1}",b64x128-t4x4-k16; grid=16x32x1 block=32x16x1 padded=2048x2048x2048; regs=64 smem=12288 blocks/SM=2 occ=0.667,,10,100,1.288192,1.149952,0.057022,GFLOP/s,13336.41971383148,1905,32.56% of FP32 peak at median clock,,err/bound=0.00232,model: pred_ms=0.9198 waves=4 resident=2 bound=smem fma_step=1024 lds_step=2048 latency_exposed=0
572f506,23.1.2,13.3,NVIDIA RTX A6000,24153819,2026-09-27T04:28:06-07:00,mbr,2048x2048x2048,f32,"tforge-gpu-pipeline{block-tile=64,128 thread-tile=4,4 tile-k=32 promote=1 vectorize=1}",b64x128-t4x4-k32; grid=16x32x1 block=32x16x1 padded=2048x2048x2048; regs=64 smem=24576 blocks/SM=2 occ=0.667,,10,100,1.24256,1.073184,0.072823,GFLOP/s,13826.18882307494,1905,33.75% of FP32 peak at median clock,,err/bound=0.00232,model: pred_ms=0.9198 waves=4 resident=2 bound=smem fma_step=2048 lds_step=4096 latency_exposed=0
572f506,23.1.2,13.3,NVIDIA RTX A6000,24153819,2026-09-27T04:28:06-07:00,mbr,2048x2048x2048,f32,"tforge-gpu-pipeline{block-tile=64,128 thread-tile=8,4 tile-k=8 promote=1 vectorize=1}",b64x128-t8x4-k8; grid=16x32x1 block=32x8x1 padded=2048x2048x2048; regs=90 smem=6144 blocks/SM=2 occ=0.333,,10,100,1.199104,1.093632,0.041775,GFLOP/s,14327.255337318533,1905,34.97% of FP32 peak at median clock,,err/bound=0.00232,model: pred_ms=0.6899 waves=4 resident=2 bound=smem fma_step=512 lds_step=768 latency_exposed=0
572f506,23.1.2,13.3,NVIDIA RTX A6000,24153819,2026-09-27T04:28:06-07:00,mbr,2048x2048x2048,f32,"tforge-gpu-pipeline{block-tile=64,128 thread-tile=8,4 tile-k=16 promote=1 vectorize=1}",b64x128-t8x4-k16; grid=16x32x1 block=32x8x1 padded=2048x2048x2048; regs=90 smem=12288 blocks/SM=2 occ=0.333,,10,100,1.093632,0.969664,0.047374,GFLOP/s,15709.003745318352,1905,38.35% of FP32 peak at median clock,,err/bound=0.00232,model: pred_ms=0.6899 waves=4 resident=2 bound=smem fma_step=1024 lds_step=1536 latency_exposed=0
572f506,23.1.2,13.3,NVIDIA RTX A6000,24153819,2026-09-27T04:28:06-07:00,mbr,2048x2048x2048,f32,"tforge-gpu-pipeline{block-tile=64,128 thread-tile=8,4 tile-k=32 promote=1 vectorize=1}",b64x128-t8x4-k32; grid=16x32x1 block=32x8x1 padded=2048x2048x2048; regs=102 smem=24576 blocks/SM=2 occ=0.333,,10,100,1.025072,0.898048,0.050645,GFLOP/s,16759.670719715297,1905,40.91% of FP32 peak at median clock,,err/bound=0.00232,model: pred_ms=0.6899 waves=4 resident=2 bound=smem fma_step=2048 lds_step=3072 latency_exposed=0
572f506,23.1.2,13.3,NVIDIA RTX A6000,24153819,2026-09-27T04:28:06-07:00,mbr,2048x2048x2048,f32,"tforge-gpu-pipeline{block-tile=64,128 thread-tile=4,8 tile-k=8 promote=1 vectorize=1}",b64x128-t4x8-k8; grid=16x32x1 block=16x16x1 padded=2048x2048x2048; regs=80 smem=6144 blocks/SM=3 occ=0.5,,10,100,1.558528,1.455904,0.039013,GFLOP/s,11023.137976346912,1905,26.91% of FP32 peak at median clock,,err/bound=0.00232,model: pred_ms=0.7761 waves=3 resident=3 bound=smem fma_step=512 lds_step=768 latency_exposed=0
572f506,23.1.2,13.3,NVIDIA RTX A6000,24153819,2026-09-27T04:28:06-07:00,mbr,2048x2048x2048,f32,"tforge-gpu-pipeline{block-tile=64,128 thread-tile=4,8 tile-k=16 promote=1 vectorize=1}",b64x128-t4x8-k16; grid=16x32x1 block=16x16x1 padded=2048x2048x2048; regs=80 smem=12288 blocks/SM=3 occ=0.5,,10,100,1.45192,1.335296,0.043658,GFLOP/s,11832.51775855419,1905,28.88% of FP32 peak at median clock,,err/bound=0.00232,model: pred_ms=0.7761 waves=3 resident=3 bound=smem fma_step=1024 lds_step=1536 latency_exposed=0
572f506,23.1.2,13.3,NVIDIA RTX A6000,24153819,2026-09-27T04:28:06-07:00,mbr,2048x2048x2048,f32,"tforge-gpu-pipeline{block-tile=64,128 thread-tile=4,8 tile-k=32 promote=1 vectorize=1}",b64x128-t4x8-k32; grid=16x32x1 block=16x16x1 padded=2048x2048x2048; regs=80 smem=24576 blocks/SM=3 occ=0.5,,10,100,1.427456,1.3176,0.041407,GFLOP/s,12035.305595408894,1905,29.38% of FP32 peak at median clock,,err/bound=0.00232,model: pred_ms=0.7761 waves=3 resident=3 bound=smem fma_step=2048 lds_step=3072 latency_exposed=0
572f506,23.1.2,13.3,NVIDIA RTX A6000,24153819,2026-09-27T04:28:06-07:00,mbr,2048x2048x2048,f32,"tforge-gpu-pipeline{block-tile=64,128 thread-tile=8,8 tile-k=8 promote=1 vectorize=1}",b64x128-t8x8-k8; grid=16x32x1 block=16x8x1 padded=2048x2048x2048; regs=128 smem=6144 blocks/SM=4 occ=0.333,,10,100,1.107984,0.971776,0.05367,GFLOP/s,15505.521003913414,1905,37.85% of FP32 peak at median clock,,err/bound=0.00232,model: pred_ms=0.4599 waves=2 resident=4 bound=fma fma_step=512 lds_step=512 latency_exposed=0
572f506,23.1.2,13.3,NVIDIA RTX A6000,24153819,2026-09-27T04:28:06-07:00,mbr,2048x2048x2048,f32,"tforge-gpu-pipeline{block-tile=64,128 thread-tile=8,8 tile-k=16 promote=1 vectorize=1}",b64x128-t8x8-k16; grid=16x32x1 block=16x8x1 padded=2048x2048x2048; regs=128 smem=12288 blocks/SM=4 occ=0.333,,10,100,1.052672,0.917504,0.055924,GFLOP/s,16320.24902723735,1905,39.84% of FP32 peak at median clock,,err/bound=0.00232,model: pred_ms=0.4599 waves=2 resident=4 bound=fma fma_step=1024 lds_step=1024 latency_exposed=0
572f506,23.1.2,13.3,NVIDIA RTX A6000,24153819,2026-09-27T04:28:06-07:00,mbr,2048x2048x2048,f32,"tforge-gpu-pipeline{block-tile=64,128 thread-tile=8,8 tile-k=32 promote=1 vectorize=1}",b64x128-t8x8-k32; grid=16x32x1 block=16x8x1 padded=2048x2048x2048; regs=127 smem=24576 blocks/SM=4 occ=0.333,,10,100,1.078272,0.954368,0.05013,GFLOP/s,15932.778727445395,1905,38.89% of FP32 peak at median clock,,err/bound=0.00232,model: pred_ms=0.4599 waves=2 resident=4 bound=fma fma_step=2048 lds_step=2048 latency_exposed=0
572f506,23.1.2,13.3,NVIDIA RTX A6000,24153819,2026-09-27T04:28:06-07:00,mbr,2048x2048x2048,f32,"tforge-gpu-pipeline{block-tile=128,32 thread-tile=4,4 tile-k=8 promote=1 vectorize=1}",b128x32-t4x4-k8; grid=64x16x1 block=8x32x1 padded=2048x2048x2048; regs=60 smem=5120 blocks/SM=4 occ=0.667,,10,100,1.588224,1.406976,0.072233,GFLOP/s,10817.031592520952,1905,26.41% of FP32 peak at median clock,,err/bound=0.00232,model: pred_ms=0.9198 waves=4 resident=4 bound=smem fma_step=256 lds_step=512 latency_exposed=0
572f506,23.1.2,13.3,NVIDIA RTX A6000,24153819,2026-09-27T04:28:06-07:00,mbr,2048x2048x2048,f32,"tforge-gpu-pipeline{block-tile=128,32 thread-tile=4,4 tile-k=16 promote=1 vectorize=1}",b128x32-t4x4-k16; grid=64x16x1 block=8x32x1 padded=2048x2048x2048; regs=64 smem=10240 blocks/SM=4 occ=0.667,,10,100,1.482752,1.299456,0.066366,GFLOP/s,11586.475138121545,1905,28.28% of FP32 peak at median clock,,err/bound=0.00232,model: pred_ms=0.9198 waves=4 resident=4 bound=smem fma_step=512 lds_step=1024 latency_exposed=0
572f506,23.1.2,13.3,NVIDIA RTX A6000,24153819,2026-09-27T04:28:06-07:00,mbr,2048x2048x2048,f32,"tforge-gpu-pipeline{block-tile=128,32 thread-tile=4,4 tile-k=32 promote=1 vectorize=1}",b128x32-t4x4-k32; grid=64x16x1 block=8x32x1 padded=2048x2048x2048; regs=66 smem=20480 blocks/SM=3 occ=0.5,,10,100,1.369488,1.184768,0.073599,GFLOP/s,12544.738752000747,1905,30.62% of FP32 peak at median clock,,err/bound=0.00232,model: pred_ms=0.8623 waves=5 resident=3 bound=smem fma_step=1024 lds_step=2048 latency_exposed=0
572f506,23.1.2,13.3,NVIDIA RTX A6000,24153819,2026-09-27T04:28:06-07:00,mbr,2048x2048x2048,f32,"tforge-gpu-pipeline{block-tile=128,32 thread-tile=8,4 tile-k=8 promote=1 vectorize=1}",b128x32-t8x4-k8; grid=64x16x1 block=8x16x1 padded=2048x2048x2048; regs=90 smem=5120 blocks/SM=5 occ=0.417,,10,100,1.401856,1.22368,0.062137,GFLOP/s,12255.08838568298,1905,29.92% of FP32 peak at median clock,,err/bound=0.00232,model: pred_ms=0.6467 waves=3 resident=5 bound=smem fma_step=256 lds_step=384 latency_exposed=0
572f506,23.1.2,13.3,NVIDIA RTX A6000,24153819,2026-09-27T04:28:06-07:00,mbr,2048x2048x2048,f32,"tforge-gpu-pipeline{block-tile=128,32 thread-tile=8,4 tile-k=16 promote=1 vectorize=1}",b128x32-t8x4-k16; grid=64x16x1 block=8x16x1 padded=2048x2048x2048; regs=96 smem=10240 blocks/SM=5 occ=0.417,,10,100,1.237392,1.068032,0.071731,GFLOP/s,13883.934261737588,1905,33.89% of FP32 peak at median clock,,err/bound=0.00232,model: pred_ms=0.6467 waves=3 resident=5 bound=smem fma_step=512 lds_step=768 latency_exposed=0
572f506,23.1.2,13.3,NVIDIA RTX A6000,24153819,2026-09-27T04:28:06-07:00,mbr,2048x2048x2048,f32,"tforge-gpu-pipeline{block-tile=128,32 thread-tile=8,4 tile-k=32 promote=1 vectorize=1}",b128x32-t8x4-k32; grid=64x16x1 block=8x16x1 padded=2048x2048x2048; regs=108 smem=20480 blocks/SM=4 occ=0.333,,10,100,1.15552,0.980992,0.07838,GFLOP/s,14867.651952367763,1905,36.29% of FP32 peak at median clock,,err/bound=0.00232,model: pred_ms=0.6899 waves=4 resident=4 bound=smem fma_step=1024 lds_step=1536 latency_exposed=0
572f506,23.1.2,13.3,NVIDIA RTX A6000,24153819,2026-09-27T04:28:06-07:00,mbr,2048x2048x2048,f32,"tforge-gpu-pipeline{block-tile=128,32 thread-tile=4,8 tile-k=8 promote=1 vectorize=1}",b128x32-t4x8-k8; grid=64x16x1 block=4x32x1 padded=2048x2048x2048; regs=80 smem=5120 blocks/SM=6 occ=0.5,,10,100,1.637376,1.462112,0.051261,GFLOP/s,10492.3176985616,1905,25.61% of FP32 peak at median clock,,err/bound=0.00232,model: pred_ms=0.7761 waves=3 resident=6 bound=smem fma_step=256 lds_step=384 latency_exposed=0
572f506,23.1.2,13.3,NVIDIA RTX A6000,24153819,2026-09-27T04:28:06-07:00,mbr,2048x2048x2048,f32,"tforge-gpu-pipeline{block-tile=128,32 thread-tile=4,8 tile-k=16 promote=1 vectorize=1}",b128x32-t4x8-k16; grid=64x16x1 block=4x32x1 padded=2048x2048x2048; regs=80 smem=10240 blocks/SM=6 occ=0.5,,10,100,1.484224,1.307648,0.053469,GFLOP/s,11574.984088655083,1905,28.26% of FP32 peak at median clock,,err/bound=0.00232,model: pred_ms=0.7761 waves=3 resident=6 bound=smem fma_step=512 lds_step=768 latency_exposed=0
572f506,23.1.2,13.3,NVIDIA RTX A6000,24153819,2026-09-27T04:28:06-07:00,mbr,2048x2048x2048,f32,"tforge-gpu-pipeline{block-tile=128,32 thread-tile=4,8 tile-k=32 promote=1 vectorize=1}",b128x32-t4x8-k32; grid=64x16x1 block=4x32x1 padded=2048x2048x2048; regs=102 smem=20480 blocks/SM=4 occ=0.333,,10,100,1.377728,1.197056,0.066876,GFLOP/s,12469.71041018256,1905,30.44% of FP32 peak at median clock,,err/bound=0.00232,model: pred_ms=0.6899 waves=4 resident=4 bound=smem fma_step=1024 lds_step=1536 latency_exposed=0
572f506,23.1.2,13.3,NVIDIA RTX A6000,24153819,2026-09-27T04:28:06-07:00,mbr,2048x2048x2048,f32,"tforge-gpu-pipeline{block-tile=128,32 thread-tile=8,8 tile-k=8 promote=1 vectorize=1}",b128x32-t8x8-k8; grid=64x16x1 block=4x16x1 padded=2048x2048x2048; regs=128 smem=5120 blocks/SM=8 occ=0.333,,10,100,1.517568,1.376256,0.044294,GFLOP/s,11320.658569500676,1905,27.63% of FP32 peak at median clock,,err/bound=0.00232,model: pred_ms=0.4599 waves=2 resident=8 bound=fma fma_step=256 lds_step=256 latency_exposed=0
572f506,23.1.2,13.3,NVIDIA RTX A6000,24153819,2026-09-27T04:28:06-07:00,mbr,2048x2048x2048,f32,"tforge-gpu-pipeline{block-tile=128,32 thread-tile=8,8 tile-k=16 promote=1 vectorize=1}",b128x32-t8x8-k16; grid=64x16x1 block=4x16x1 padded=2048x2048x2048; regs=127 smem=10240 blocks/SM=8 occ=0.333,,10,100,1.321888,1.154976,0.054061,GFLOP/s,12996.463530949672,1905,31.73% of FP32 peak at median clock,,err/bound=0.00232,model: pred_ms=0.4599 waves=2 resident=8 bound=fma fma_step=512 lds_step=512 latency_exposed=0
572f506,23.1.2,13.3,NVIDIA RTX A6000,24153819,2026-09-27T04:28:06-07:00,mbr,2048x2048x2048,f32,"tforge-gpu-pipeline{block-tile=128,32 thread-tile=8,8 tile-k=32 promote=1 vectorize=1}",b128x32-t8x8-k32; grid=64x16x1 block=4x16x1 padded=2048x2048x2048; regs=162 smem=20480 blocks/SM=4 occ=0.167,,10,100,1.2272,1.108704,0.042296,GFLOP/s,13999.241512385917,1875,34.72% of FP32 peak at median clock,,err/bound=0.00232,model: pred_ms=0.4599 waves=4 resident=4 bound=fma fma_step=1024 lds_step=1024 latency_exposed=0
572f506,23.1.2,13.3,NVIDIA RTX A6000,24153819,2026-09-27T04:28:06-07:00,mbr,2048x2048x2048,f32,"tforge-gpu-pipeline{block-tile=128,64 thread-tile=4,4 tile-k=8 promote=1 vectorize=1}",b128x64-t4x4-k8; grid=32x16x1 block=16x32x1 padded=2048x2048x2048; regs=64 smem=6144 blocks/SM=2 occ=0.667,,10,100,1.5616,1.44464,0.042938,GFLOP/s,11001.453114754098,1905,26.86% of FP32 peak at median clock,,err/bound=0.00232,model: pred_ms=0.9198 waves=4 resident=2 bound=smem fma_step=512 lds_step=1024 latency_exposed=0
572f506,23.1.2,13.3,NVIDIA RTX A6000,24153819,2026-09-27T04:28:06-07:00,mbr,2048x2048x2048,f32,"tforge-gpu-pipeline{block-tile=128,64 thread-tile=4,4 tile-k=16 promote=1 vectorize=1}",b128x64-t4x4-k16; grid=32x16x1 block=16x32x1 padded=2048x2048x2048; regs=60 smem=12288 blocks/SM=2 occ=0.667,,10,100,1.277952,1.147776,0.044569,GFLOP/s,13443.282051282053,1905,32.82% of FP32 peak at median clock,,err/bound=0.00232,model: pred_ms=0.9198 waves=4 resident=2 bound=smem fma_step=1024 lds_step=2048 latency_exposed=0
572f506,23.1.2,13.3,NVIDIA RTX A6000,24153819,2026-09-27T04:28:06-07:00,mbr,2048x2048x2048,f32,"tforge-gpu-pipeline{block-tile=128,64 thread-tile=4,4 tile-k=32 promote=1 vectorize=1}",b128x64-t4x4-k32; grid=32x16x1 block=16x32x1 padded=2048x2048x2048; regs=64 smem=24576 blocks/SM=2 occ=0.667,,10,100,1.205248,1.05664,0.065716,GFLOP/s,14254.219201359387,1905,34.80% of FP32 peak at median clock,,err/bound=0.00232,model: pred_ms=0.9198 waves=4 resident=2 bound=smem fma_step=2048 lds_step=4096 latency_exposed=0
572f506,23.1.2,13.3,NVIDIA RTX A6000,24153819,2026-09-27T04:28:06-07:00,mbr,2048x2048x2048,f32,"tforge-gpu-pipeline{block-tile=128,64 thread-tile=8,4 tile-k=8 promote=1 vectorize=1}",b128x64-t8x4-k8; grid=32x16x1 block=16x16x1 padded=2048x2048x2048; regs=94 smem=6144 blocks/SM=2 occ=0.333,,10,100,1.26048,1.16224,0.037815,GFLOP/s,13629.624574765168,1905,33.27% of FP32 peak at median clock,,err/bound=0.00232,model: pred_ms=0.6899 waves=4 resident=2 bound=smem fma_step=512 lds_step=768 latency_exposed=0
572f506,23.1.2,13.3,NVIDIA RTX A6000,24153819,2026-09-27T04:28:06-07:00,mbr,2048x2048x2048,f32,"tforge-gpu-pipeline{block-tile=128,64 thread-tile=8,4 tile-k=16 promote=1 vectorize=1}",b128x64-t8x4-k16; grid=32x16x1 block=16x16x1 padded=2048x2048x2048; regs=90 smem=12288 blocks/SM=2 occ=0.333,,10,100,1.095136,0.966656,0.054887,GFLOP/s,15687.429857113637,1905,38.29% of FP32 peak at median clock,,err/bound=0.00232,model: pred_ms=0.6899 waves=4 resident=2 bound=smem fma_step=1024 lds_step=1536 latency_exposed=0
572f506,23.1.2,13.3,NVIDIA RTX A6000,24153819,2026-09-27T04:28:06-07:00,mbr,2048x2048x2048,f32,"tforge-gpu-pipeline{block-tile=128,64 thread-tile=8,4 tile-k=32 promote=1 vectorize=1}",b128x64-t8x4-k32; grid=32x16x1 block=16x16x1 padded=2048x2048x2048; regs=102 smem=24576 blocks/SM=2 occ=0.333,,10,100,1.026032,0.900096,0.054727,GFLOP/s,16743.989645547117,1905,40.87% of FP32 peak at median clock,,err/bound=0.00232,model: pred_ms=0.6899 waves=4 resident=2 bound=smem fma_step=2048 lds_step=3072 latency_exposed=0
572f506,23.1.2,13.3,NVIDIA RTX A6000,24153819,2026-09-27T04:28:06-07:00,mbr,2048x2048x2048,f32,"tforge-gpu-pipeline{block-tile=128,64 thread-tile=4,8 tile-k=8 promote=1 vectorize=1}",b128x64-t4x8-k8; grid=32x16x1 block=8x32x1 padded=2048x2048x2048; regs=80 smem=6144 blocks/SM=3 occ=0.5,,10,100,1.671088,1.583072,0.032668,GFLOP/s,10280.649004720277,1905,25.10% of FP32 peak at median clock,,err/bound=0.00232,model: pred_ms=0.7761 waves=3 resident=3 bound=smem fma_step=512 lds_step=768 latency_exposed=0
572f506,23.1.2,13.3,NVIDIA RTX A6000,24153819,2026-09-27T04:28:06-07:00,mbr,2048x2048x2048,f32,"tforge-gpu-pipeline{block-tile=128,64 thread-tile=4,8 tile-k=16 promote=1 vectorize=1}",b128x64-t4x8-k16; grid=32x16x1 block=8x32x1 padded=2048x2048x2048; regs=80 smem=12288 blocks/SM=3 occ=0.5,,10,100,1.564672,1.475584,0.027416,GFLOP/s,10979.853403141362,1905,26.80% of FP32 peak at median clock,,err/bound=0.00232,model: pred_ms=0.7761 waves=3 resident=3 bound=smem fma_step=1024 lds_step=1536 latency_exposed=0
572f506,23.1.2,13.3,NVIDIA RTX A6000,24153819,2026-09-27T04:28:06-07:00,mbr,2048x2048x2048,f32,"tforge-gpu-pipeline{block-tile=128,64 thread-tile=4,8 tile-k=32 promote=1 vectorize=1}",b128x64-t4x8-k32; grid=32x16x1 block=8x32x1 padded=2048x2048x2048; regs=80 smem=24576 blocks/SM=3 occ=0.5,,10,100,1.518,1.416128,0.036662,GFLOP/s,11317.436880105402,1905,27.63% of FP32 peak at median clock,,err/bound=0.00232,model: pred_ms=0.7761 waves=3 resident=3 bound=smem fma_step=2048 lds_step=3072 latency_exposed=0
572f506,23.1.2,13.3,NVIDIA RTX A6000,24153819,2026-09-27T04:28:06-07:00,mbr,2048x2048x2048,f32,"tforge-gpu-pipeline{block-tile=128,64 thread-tile=8,8 tile-k=8 promote=1 vectorize=1}",b128x64-t8x8-k8; grid=32x16x1 block=8x16x1 padded=2048x2048x2048; regs=128 smem=6144 blocks/SM=4 occ=0.333,,10,100,1.232896,1.098752,0.05266,GFLOP/s,13934.564784053156,1905,34.02% of FP32 peak at median clock,,err/bound=0.00232,model: pred_ms=0.4599 waves=2 resident=4 bound=fma fma_step=512 lds_step=512 latency_exposed=0
572f506,23.1.2,13.3,NVIDIA RTX A6000,24153819,2026-09-27T04:28:06-07:00,mbr,2048x2048x2048,f32,"tforge-gpu-pipeline{block-tile=128,64 thread-tile=8,8 tile-k=16 promote=1 vectorize=1}",b128x64-t8x8-k16; grid=32x16x1 block=8x16x1 padded=2048x2048x2048; regs=128 smem=12288 blocks/SM=4 occ=0.333,,10,100,1.149808,1.023904,0.046989,GFLOP/s,14941.511264489374,1905,36.47% of FP32 peak at median clock,,err/bound=0.00232,model: pred_ms=0.4599 waves=2 resident=4 bound=fma fma_step=1024 lds_step=1024 latency_exposed=0
572f506,23.1.2,13.3,NVIDIA RTX A6000,24153819,2026-09-27T04:28:06-07:00,mbr,2048x2048x2048,f32,"tforge-gpu-pipeline{block-tile=128,64 thread-tile=8,8 tile-k=32 promote=1 vectorize=1}",b128x64-t8x8-k32; grid=32x16x1 block=8x16x1 padded=2048x2048x2048; regs=127 smem=24576 blocks/SM=4 occ=0.333,,10,100,1.123792,0.99824,0.048527,GFLOP/s,15287.410111479705,1905,37.32% of FP32 peak at median clock,,err/bound=0.00232,model: pred_ms=0.4599 waves=2 resident=4 bound=fma fma_step=2048 lds_step=2048 latency_exposed=0
572f506,23.1.2,13.3,NVIDIA RTX A6000,24153819,2026-09-27T04:28:06-07:00,mbr,2048x2048x2048,f32,"tforge-gpu-pipeline{block-tile=128,128 thread-tile=4,4 tile-k=8 promote=1 vectorize=1}",b128x128-t4x4-k8; grid=16x16x1 block=32x32x1 padded=2048x2048x2048; regs=64 smem=8192 blocks/SM=1 occ=0.667,,10,100,1.641216,1.595392,0.017808,GFLOP/s,10467.76852285135,1905,25.55% of FP32 peak at median clock,,err/bound=0.00232,model: pred_ms=1.1893 waves=4 resident=1 bound=smem fma_step=1024 lds_step=2048 latency_exposed=1
572f506,23.1.2,13.3,NVIDIA RTX A6000,24153819,2026-09-27T04:28:06-07:00,mbr,2048x2048x2048,f32,"tforge-gpu-pipeline{block-tile=128,128 thread-tile=4,4 tile-k=16 promote=1 vectorize=1}",b128x128-t4x4-k16; grid=16x16x1 block=32x32x1 padded=2048x2048x2048; regs=64 smem=16384 blocks/SM=1 occ=0.667,,10,100,1.432576,1.364896,0.025768,GFLOP/s,11992.291636883489,1905,29.27% of FP32 peak at median clock,,err/bound=0.00232,model: pred_ms=1.0545 waves=4 resident=1 bound=smem fma_step=2048 lds_step=4096 latency_exposed=1
572f506,23.1.2,13.3,NVIDIA RTX A6000,24153819,2026-09-27T04:28:06-07:00,mbr,2048x2048x2048,f32,"tforge-gpu-pipeline{block-tile=128,128 thread-tile=4,4 tile-k=32 promote=1 vectorize=1}",b128x128-t4x4-k32; grid=16x16x1 block=32x32x1 padded=2048x2048x2048; regs=64 smem=32768 blocks/SM=1 occ=0.667,,10,100,1.34488,1.271808,0.027399,GFLOP/s,12774.276652192015,1905,31.18% of FP32 peak at median clock,,err/bound=0.00232,model: pred_ms=0.9872 waves=4 resident=1 bound=smem fma_step=4096 lds_step=8192 latency_exposed=1
572f506,23.1.2,13.3,NVIDIA RTX A6000,24153819,2026-09-27T04:28:06-07:00,mbr,2048x2048x2048,f32,"tforge-gpu-pipeline{block-tile=128,128 thread-tile=8,4 tile-k=8 promote=1 vectorize=1}",b128x128-t8x4-k8; grid=16x16x1 block=32x16x1 padded=2048x2048x2048; regs=94 smem=8192 blocks/SM=1 occ=0.333,,10,100,1.491968,1.446912,0.019052,GFLOP/s,11514.90459849005,1905,28.11% of FP32 peak at median clock,,err/bound=0.00232,model: pred_ms=0.9593 waves=4 resident=1 bound=smem fma_step=1024 lds_step=1536 latency_exposed=1
572f506,23.1.2,13.3,NVIDIA RTX A6000,24153819,2026-09-27T04:28:06-07:00,mbr,2048x2048x2048,f32,"tforge-gpu-pipeline{block-tile=128,128 thread-tile=8,4 tile-k=16 promote=1 vectorize=1}",b128x128-t8x4-k16; grid=16x16x1 block=32x16x1 padded=2048x2048x2048; regs=96 smem=16384 blocks/SM=1 occ=0.333,,10,100,1.255424,1.178336,0.027671,GFLOP/s,13684.515497553015,1905,33.41% of FP32 peak at median clock,,err/bound=0.00232,model: pred_ms=0.8246 waves=4 resident=1 bound=smem fma_step=2048 lds_step=3072 latency_exposed=1
572f506,23.1.2,13.3,NVIDIA RTX A6000,24153819,2026-09-27T04:28:06-07:00,mbr,2048x2048x2048,f32,"tforge-gpu-pipeline{block-tile=128,128 thread-tile=8,4 tile-k=32 promote=1 vectorize=1}",b128x128-t8x4-k32; grid=16x16x1 block=32x16x1 padded=2048x2048x2048; regs=96 smem=32768 blocks/SM=1 occ=0.333,,10,100,1.147904,1.072992,0.033607,GFLOP/s,14966.29438001784,1890,36.82% of FP32 peak at median clock,,err/bound=0.00232,model: pred_ms=0.7572 waves=4 resident=1 bound=smem fma_step=4096 lds_step=6144 latency_exposed=1
572f506,23.1.2,13.3,NVIDIA RTX A6000,24153819,2026-09-27T04:28:06-07:00,mbr,2048x2048x2048,f32,"tforge-gpu-pipeline{block-tile=128,128 thread-tile=4,8 tile-k=8 promote=1 vectorize=1}",b128x128-t4x8-k8; grid=16x16x1 block=16x32x1 padded=2048x2048x2048; regs=88 smem=8192 blocks/SM=1 occ=0.333,,10,100,1.975232,1.970176,0.005001,GFLOP/s,8697.646243074232,1905,21.23% of FP32 peak at median clock,,err/bound=0.00232,model: pred_ms=0.9593 waves=4 resident=1 bound=smem fma_step=1024 lds_step=1536 latency_exposed=1
572f506,23.1.2,13.3,NVIDIA RTX A6000,24153819,2026-09-27T04:28:06-07:00,mbr,2048x2048x2048,f32,"tforge-gpu-pipeline{block-tile=128,128 thread-tile=4,8 tile-k=16 promote=1 vectorize=1}",b128x128-t4x8-k16; grid=16x16x1 block=16x32x1 padded=2048x2048x2048; regs=94 smem=16384 blocks/SM=1 occ=0.333,,10,100,1.6884,1.662976,0.011267,GFLOP/s,10175.236427386877,1905,24.84% of FP32 peak at median clock,,err/bound=0.00232,model: pred_ms=0.8246 waves=4 resident=1 bound=smem fma_step=2048 lds_step=3072 latency_exposed=1
572f506,23.1.2,13.3,NVIDIA RTX A6000,24153819,2026-09-27T04:28:06-07:00,mbr,2048x2048x2048,f32,"tforge-gpu-pipeline{block-tile=128,128 thread-tile=4,8 tile-k=32 promote=1 vectorize=1}",b128x128-t4x8-k32; grid=16x16x1 block=16x32x1 padded=2048x2048x2048; regs=100 smem=32768 blocks/SM=1 occ=0.333,,10,100,1.60928,1.575936,0.013031,GFLOP/s,10675.500338039372,1905,26.06% of FP32 peak at median clock,,err/bound=0.00232,model: pred_ms=0.7572 waves=4 resident=1 bound=smem fma_step=4096 lds_step=6144 latency_exposed=1
572f506,23.1.2,13.3,NVIDIA RTX A6000,24153819,2026-09-27T04:28:06-07:00,mbr,2048x2048x2048,f32,"tforge-gpu-pipeline{block-tile=128,128 thread-tile=8,8 tile-k=8 promote=1 vectorize=1}",b128x128-t8x8-k8; grid=16x16x1 block=16x16x1 padded=2048x2048x2048; regs=128 smem=8192 blocks/SM=2 occ=0.333,,10,100,1.24416,1.150752,0.037117,GFLOP/s,13808.408230452675,1905,33.71% of FP32 peak at median clock,,err/bound=0.00232,model: pred_ms=0.4599 waves=2 resident=2 bound=fma fma_step=1024 lds_step=1024 latency_exposed=0
572f506,23.1.2,13.3,NVIDIA RTX A6000,24153819,2026-09-27T04:28:06-07:00,mbr,2048x2048x2048,f32,"tforge-gpu-pipeline{block-tile=128,128 thread-tile=8,8 tile-k=16 promote=1 vectorize=1}",b128x128-t8x8-k16; grid=16x16x1 block=16x16x1 padded=2048x2048x2048; regs=128 smem=16384 blocks/SM=2 occ=0.333,,10,100,1.151968,1.057792,0.038545,GFLOP/s,14913.495152643127,1905,36.41% of FP32 peak at median clock,,err/bound=0.00232,model: pred_ms=0.4599 waves=2 resident=2 bound=fma fma_step=2048 lds_step=2048 latency_exposed=0
572f506,23.1.2,13.3,NVIDIA RTX A6000,24153819,2026-09-27T04:28:06-07:00,mbr,2048x2048x2048,f32,"tforge-gpu-pipeline{block-tile=128,128 thread-tile=8,8 tile-k=32 promote=1 vectorize=1}",b128x128-t8x8-k32; grid=16x16x1 block=16x16x1 padded=2048x2048x2048; regs=128 smem=32768 blocks/SM=2 occ=0.333,,10,100,1.091584,1.003584,0.033471,GFLOP/s,15738.4765478424,1905,38.42% of FP32 peak at median clock,,err/bound=0.00232,model: pred_ms=0.4599 waves=2 resident=2 bound=fma fma_step=4096 lds_step=4096 latency_exposed=0
572f506,23.1.2,13.3,NVIDIA RTX A6000,24153819,2026-09-27T04:28:06-07:00,mbr,4096x4096x4096,f32,"tforge-gpu-pipeline{block-tile=32,32 thread-tile=4,4 tile-k=8 promote=1 vectorize=1}",b32x32-t4x4-k8; grid=128x128x1 block=8x8x1 padded=4096x4096x4096; regs=64 smem=2048 blocks/SM=16 occ=0.667,,10,100,13.424128,12.991488,0.339679,GFLOP/s,10238.203440253252,1485,32.06% of FP32 peak at median clock,,err/bound=0.00146,model: pred_ms=5.9787 waves=13 resident=16 bound=smem fma_step=64 lds_step=128 latency_exposed=0
572f506,23.1.2,13.3,NVIDIA RTX A6000,24153819,2026-09-27T04:28:06-07:00,mbr,4096x4096x4096,f32,"tforge-gpu-pipeline{block-tile=32,32 thread-tile=4,4 tile-k=16 promote=1 vectorize=1}",b32x32-t4x4-k16; grid=128x128x1 block=8x8x1 padded=4096x4096x4096; regs=62 smem=4096 blocks/SM=16 occ=0.667,,10,100,12.964368,12.316672,0.313623,GFLOP/s,10601.284495472513,1455,33.88% of FP32 peak at median clock,,err/bound=0.00146,model: pred_ms=5.9787 waves=13 resident=16 bound=smem fma_step=128 lds_step=256 latency_exposed=0
572f506,23.1.2,13.3,NVIDIA RTX A6000,24153819,2026-09-27T04:28:06-07:00,mbr,4096x4096x4096,f32,"tforge-gpu-pipeline{block-tile=32,32 thread-tile=4,4 tile-k=32 promote=1 vectorize=1}",b32x32-t4x4-k32; grid=128x128x1 block=8x8x1 padded=4096x4096x4096; regs=80 smem=8192 blocks/SM=11 occ=0.458,,10,100,12.453888,12.28288,0.7377,GFLOP/s,11035.827002137807,1395,36.79% of FP32 peak at median clock,,err/bound=0.00146,model: pred_ms=5.6913 waves=18 resident=11 bound=smem fma_step=256 lds_step=512 latency_exposed=0
572f506,23.1.2,13.3,NVIDIA RTX A6000,24153819,2026-09-27T04:28:06-07:00,mbr,4096x4096x4096,f32,"tforge-gpu-pipeline{block-tile=32,32 thread-tile=8,4 tile-k=8 promote=1 vectorize=1}",b32x32-t8x4-k8; grid=128x128x1 block=8x4x1 padded=4096x4096x4096; regs=106 smem=2048 blocks/SM=16 occ=0.333,,10,100,12.363264,12.20608,0.308007,GFLOP/s,11116.720752060299,1470,35.17% of FP32 peak at median clock,,err/bound=0.00146,model: pred_ms=4.4840 waves=13 resident=16 bound=smem fma_step=64 lds_step=96 latency_exposed=0
572f506,23.1.2,13.3,NVIDIA RTX A6000,24153819,2026-09-27T04:28:06-07:00,mbr,4096x4096x4096,f32,"tforge-gpu-pipeline{block-tile=32,32 thread-tile=8,4 tile-k=16 promote=1 vectorize=1}",b32x32-t8x4-k16; grid=128x128x1 block=8x4x1 padded=4096x4096x4096; regs=108 smem=4096 blocks/SM=16 occ=0.333,,10,100,11.149232,11.134976,0.268887,GFLOP/s,12327.212625228356,1395,41.09% of FP32 peak at median clock,,err/bound=0.00146,model: pred_ms=4.4840 waves=13 resident=16 bound=smem fma_step=128 lds_step=192 latency_exposed=0
572f506,23.1.2,13.3,NVIDIA RTX A6000,24153819,2026-09-27T04:28:06-07:00,mbr,4096x4096x4096,f32,"tforge-gpu-pipeline{block-tile=32,32 thread-tile=8,4 tile-k=32 promote=1 vectorize=1}",b32x32-t8x4-k32; grid=128x128x1 block=8x4x1 padded=4096x4096x4096; regs=118 smem=8192 blocks/SM=11 occ=0.229,,10,100,12.423168,12.32896,0.280911,GFLOP/s,11063.11638641609,1410,36.49% of FP32 peak at median clock,,err/bound=0.00146,model: pred_ms=4.2685 waves=18 resident=11 bound=smem fma_step=256 lds_step=384 latency_exposed=0
572f506,23.1.2,13.3,NVIDIA RTX A6000,24153819,2026-09-27T04:28:06-07:00,mbr,4096x4096x4096,f32,"tforge-gpu-pipeline{block-tile=32,32 thread-tile=4,8 tile-k=8 promote=1 vectorize=1}",b32x32-t4x8-k8; grid=128x128x1 block=4x8x1 padded=4096x4096x4096; regs=104 smem=2048 blocks/SM=16 occ=0.333,,10,100,13.313536,12.99968,0.171853,GFLOP/s,10323.249471214862,1605,29.91% of FP32 peak at median clock,,err/bound=0.00146,model: pred_ms=4.4840 waves=13 resident=16 bound=smem fma_step=64 lds_step=96 latency_exposed=0
572f506,23.1.2,13.3,NVIDIA RTX A6000,24153819,2026-09-27T04:28:06-07:00,mbr,4096x4096x4096,f32,"tforge-gpu-pipeline{block-tile=32,32 thread-tile=4,8 tile-k=16 promote=1 vectorize=1}",b32x32-t4x8-k16; grid=128x128x1 block=4x8x1 padded=4096x4096x4096; regs=106 smem=4096 blocks/SM=16 occ=0.333,,10,100,12.463104,12.33408,0.1554,GFLOP/s,11027.666420179115,1530,33.52% of FP32 peak at median clock,,err/bound=0.00146,model: pred_ms=4.4840 waves=13 resident=16 bound=smem fma_step=128 lds_step=192 latency_exposed=0
572f506,23.1.2,13.3,NVIDIA RTX A6000,24153819,2026-09-27T04:28:06-07:00,mbr,4096x4096x4096,f32,"tforge-gpu-pipeline{block-tile=32,32 thread-tile=4,8 tile-k=32 promote=1 vectorize=1}",b32x32-t4x8-k32; grid=128x128x1 block=4x8x1 padded=4096x4096x4096; regs=126 smem=8192 blocks/SM=11 occ=0.229,,10,100,12.660224,12.576768,0.374636,GFLOP/s,10855.965381971126,1440,35.06% of FP32 peak at median clock,,err/bound=0.00146,model: pred_ms=4.2685 waves=18 resident=11 bound=smem fma_step=256 lds_step=384 latency_exposed=0
572f506,23.1.2,13.3,NVIDIA RTX A6000,24153819,2026-09-27T04:28:06-07:00,mbr,4096x4096x4096,f32,"tforge-gpu-pipeline{block-tile=32,64 thread-tile=4,4 tile-k=8 promote=1 vectorize=1}",b32x64-t4x4-k8; grid=64x128x1 block=16x8x1 padded=4096x4096x4096; regs=64 smem=3072 blocks/SM=8 occ=0.667,,10,100,11.74432,11.395072,0.353179,GFLOP/s,11702.589291844908,1425,38.19% of FP32 peak at median clock,,err/bound=0.00146,model: pred_ms=5.9787 waves=13 resident=8 bound=smem fma_step=128 lds_step=256 latency_exposed=0
572f506,23.1.2,13.3,NVIDIA RTX A6000,24153819,2026-09-27T04:28:06-07:00,mbr,4096x4096x4096,f32,"tforge-gpu-pipeline{block-tile=32,64 thread-tile=4,4 tile-k=16 promote=1 vectorize=1}",b32x64-t4x4-k16; grid=64x128x1 block=16x8x1 padded=4096x4096x4096; regs=63 smem=6144 blocks/SM=8 occ=0.667,,10,100,12.023808,11.118592,0.212812,GFLOP/s,11430.567876000681,1462,36.36% of FP32 peak at median clock,,err/bound=0.00146,model: pred_ms=5.9787 waves=13 resident=8 bound=smem fma_step=256 lds_step=512 latency_exposed=0
572f506,23.1.2,13.3,NVIDIA RTX A6000,24153819,2026-09-27T04:28:06-07:00,mbr,4096x4096x4096,f32,"tforge-gpu-pipeline{block-tile=32,64 thread-tile=4,4 tile-k=32 promote=1 vectorize=1}",b32x64-t4x4-k32; grid=64x128x1 block=16x8x1 padded=4096x4096x4096; regs=70 smem=12288 blocks/SM=7 occ=0.583,,10,100,11.702192,10.58816,0.415276,GFLOP/s,11744.718722099244,1425,38.33% of FP32 peak at median clock,,err/bound=0.00146,model: pred_ms=5.6338 waves=14 resident=7 bound=smem fma_step=512 lds_step=1024 latency_exposed=0
572f506,23.1.2,13.3,NVIDIA RTX A6000,24153819,2026-09-27T04:28:06-07:00,mbr,4096x4096x4096,f32,"tforge-gpu-pipeline{block-tile=32,64 thread-tile=8,4 tile-k=8 promote=1 vectorize=1}",b32x64-t8x4-k8; grid=64x128x1 block=16x4x1 padded=4096x4096x4096; regs=96 smem=3072 blocks/SM=10 occ=0.417,,10,100,9.996272,9.61024,0.390716,GFLOP/s,13749.020982222173,1395,45.83% of FP32 peak at median clock,,err/bound=0.00146,model: pred_ms=4.3116 waves=10 resident=10 bound=smem fma_step=128 lds_step=192 latency_exposed=0
572f506,23.1.2,13.3,NVIDIA RTX A6000,24153819,2026-09-27T04:28:06-07:00,mbr,4096x4096x4096,f32,"tforge-gpu-pipeline{block-tile=32,64 thread-tile=8,4 tile-k=16 promote=1 vectorize=1}",b32x64-t8x4-k16; grid=64x128x1 block=16x4x1 padded=4096x4096x4096; regs=94 smem=6144 blocks/SM=10 occ=0.417,,10,100,9.115136,9.05728,0.574248,GFLOP/s,15078.10234230186,1350,51.94% of FP32 peak at median clock,,err/bound=0.00146,model: pred_ms=4.3116 waves=10 resident=10 bound=smem fma_step=256 lds_step=384 latency_exposed=0
572f506,23.1.2,13.3,NVIDIA RTX A6000,24153819,2026-09-27T04:28:06-07:00,mbr,4096x4096x4096,f32,"tforge-gpu-pipeline{block-tile=32,64 thread-tile=8,4 tile-k=32 promote=1 vectorize=1}",b32x64-t8x4-k32; grid=64x128x1 block=16x4x1 padded=4096x4096x4096; regs=108 smem=12288 blocks/SM=7 occ=0.292,,10,100,12.167664,12.03712,0.055704,GFLOP/s,11295.426424661298,1470,35.73% of FP32 peak at median clock,,err/bound=0.00146,model: pred_ms=4.2253 waves=14 resident=7 bound=smem fma_step=512 lds_step=768 latency_exposed=0
572f506,23.1.2,13.3,NVIDIA RTX A6000,24153819,2026-09-27T04:28:06-07:00,mbr,4096x4096x4096,f32,"tforge-gpu-pipeline{block-tile=32,64 thread-tile=4,8 tile-k=8 promote=1 vectorize=1}",b32x64-t4x8-k8; grid=64x128x1 block=8x8x1 padded=4096x4096x4096; regs=80 smem=3072 blocks/SM=12 occ=0.5,,10,100,13.066752,12.594176,0.25664,GFLOP/s,10518.218565103249,1605,30.48% of FP32 peak at median clock,,err/bound=0.00146,model: pred_ms=4.6565 waves=9 resident=12 bound=smem fma_step=128 lds_step=192 latency_exposed=0
572f506,23.1.2,13.3,NVIDIA RTX A6000,24153819,2026-09-27T04:28:06-07:00,mbr,4096x4096x4096,f32,"tforge-gpu-pipeline{block-tile=32,64 thread-tile=4,8 tile-k=16 promote=1 vectorize=1}",b32x64-t4x8-k16; grid=64x128x1 block=8x8x1 padded=4096x4096x4096; regs=80 smem=6144 blocks/SM=12 occ=0.5,,10,100,12.640176,12.178432,0.265021,GFLOP/s,10873.183527824294,1590,31.80% of FP32 peak at median clock,,err/bound=0.00146,model: pred_ms=4.6565 waves=9 resident=12 bound=smem fma_step=256 lds_step=384 latency_exposed=0
572f506,23.1.2,13.3,NVIDIA RTX A6000,24153819,2026-09-27T04:28:06-07:00,mbr,4096x4096x4096,f32,"tforge-gpu-pipeline{block-tile=32,64 thread-tile=4,8 tile-k=32 promote=1 vectorize=1}",b32x64-t4x8-k32; grid=64x128x1 block=8x8x1 padded=4096x4096x4096; regs=114 smem=12288 blocks/SM=7 occ=0.292,,10,100,12.70784,12.020736,0.263015,GFLOP/s,10815.288315874295,1515,33.20% of FP32 peak at median clock,,err/bound=0.00146,model: pred_ms=4.2253 waves=14 resident=7 bound=smem fma_step=512 lds_step=768 latency_exposed=0
572f506,23.1.2,13.3,NVIDIA RTX A6000,24153819,2026-09-27T04:28:06-07:00,mbr,4096x4096x4096,f32,"tforge-gpu-pipeline{block-tile=32,64 thread-tile=8,8 tile-k=8 promote=1 vectorize=1}",b32x64-t8x8-k8; grid=64x128x1 block=8x4x1 padded=4096x4096x4096; regs=128 smem=3072 blocks/SM=16 occ=0.333,,10,100,10.012672,9.545728,0.138193,GFLOP/s,13726.501124974431,1530,41.72% of FP32 peak at median clock,,err/bound=0.00146,model: pred_ms=3.2193 waves=7 resident=16 bound=fma fma_step=128 lds_step=128 latency_exposed=0
572f506,23.1.2,13.3,NVIDIA RTX A6000,24153819,2026-09-27T04:28:06-07:00,mbr,4096x4096x4096,f32,"tforge-gpu-pipeline{block-tile=32,64 thread-tile=8,8 tile-k=16 promote=1 vectorize=1}",b32x64-t8x8-k16; grid=64x128x1 block=8x4x1 padded=4096x4096x4096; regs=128 smem=6144 blocks/SM=14 occ=0.292,,10,100,9.762304,9.36224,0.274427,GFLOP/s,14078.536529081659,1425,45.94% of FP32 peak at median clock,,err/bound=0.00146,model: pred_ms=2.8169 waves=7 resident=14 bound=fma fma_step=256 lds_step=256 latency_exposed=0
572f506,23.1.2,13.3,NVIDIA RTX A6000,24153819,2026-09-27T04:28:06-07:00,mbr,4096x4096x4096,f32,"tforge-gpu-pipeline{block-tile=32,64 thread-tile=8,8 tile-k=32 promote=1 vectorize=1}",b32x64-t8x8-k32; grid=64x128x1 block=8x4x1 padded=4096x4096x4096; regs=178 smem=12288 blocks/SM=7 occ=0.146,,10,100,11.812864,11.689824,0.07433,GFLOP/s,11634.685159500694,1500,36.07% of FP32 peak at median clock,,err/bound=0.00146,model: pred_ms=2.8169 waves=14 resident=7 bound=fma fma_step=512 lds_step=512 latency_exposed=0
572f506,23.1.2,13.3,NVIDIA RTX A6000,24153819,2026-09-27T04:28:06-07:00,mbr,4096x4096x4096,f32,"tforge-gpu-pipeline{block-tile=32,128 thread-tile=4,4 tile-k=8 promote=1 vectorize=1}",b32x128-t4x4-k8; grid=32x128x1 block=32x8x1 padded=4096x4096x4096; regs=60 smem=5120 blocks/SM=4 occ=0.667,,10,100,10.18368,9.718784,0.231653,GFLOP/s,13496.000804424333,1455,43.13% of FP32 peak at median clock,,err/bound=0.00146,model: pred_ms=5.9787 waves=13 resident=4 bound=smem fma_step=256 lds_step=512 latency_exposed=0
572f506,23.1.2,13.3,NVIDIA RTX A6000,24153819,2026-09-27T04:28:06-07:00,mbr,4096x4096x4096,f32,"tforge-gpu-pipeline{block-tile=32,128 thread-tile=4,4 tile-k=16 promote=1 vectorize=1}",b32x128-t4x4-k16; grid=32x128x1 block=32x8x1 padded=4096x4096x4096; regs=62 smem=10240 blocks/SM=4 occ=0.667,,10,100,9.862144,9.378592,0.263128,GFLOP/s,13936.011629114317,1425,45.48% of FP32 peak at median clock,,err/bound=0.00146,model: pred_ms=5.9787 waves=13 resident=4 bound=smem fma_step=512 lds_step=1024 latency_exposed=0
572f506,23.1.2,13.3,NVIDIA RTX A6000,24153819,2026-09-27T04:28:06-07:00,mbr,4096x4096x4096,f32,"tforge-gpu-pipeline{block-tile=32,128 thread-tile=4,4 tile-k=32 promote=1 vectorize=1}",b32x128-t4x4-k32; grid=32x128x1 block=32x8x1 padded=4096x4096x4096; regs=66 smem=20480 blocks/SM=3 occ=0.5,,10,100,9.857024,9.373696,0.282758,GFLOP/s,13943.250363598589,1440,45.03% of FP32 peak at median clock,,err/bound=0.00146,model: pred_ms=5.8637 waves=17 resident=3 bound=smem fma_step=1024 lds_step=2048 latency_exposed=0
572f506,23.1.2,13.3,NVIDIA RTX A6000,24153819,2026-09-27T04:28:06-07:00,mbr,4096x4096x4096,f32,"tforge-gpu-pipeline{block-tile=32,128 thread-tile=8,4 tile-k=8 promote=1 vectorize=1}",b32x128-t8x4-k8; grid=32x128x1 block=32x4x1 padded=4096x4096x4096; regs=86 smem=5120 blocks/SM=5 occ=0.417,,10,100,9.363968,8.715264,0.526809,GFLOP/s,14677.426649898845,1365,50.00% of FP32 peak at median clock,,err/bound=0.00146,model: pred_ms=4.3116 waves=10 resident=5 bound=smem fma_step=256 lds_step=384 latency_exposed=0
572f506,23.1.2,13.3,NVIDIA RTX A6000,24153819,2026-09-27T04:28:06-07:00,mbr,4096x4096x4096,f32,"tforge-gpu-pipeline{block-tile=32,128 thread-tile=8,4 tile-k=16 promote=1 vectorize=1}",b32x128-t8x4-k16; grid=32x128x1 block=32x4x1 padded=4096x4096x4096; regs=91 smem=10240 blocks/SM=5 occ=0.417,,10,100,8.555008,8.090624,0.743215,GFLOP/s,16065.321443533423,1410,52.98% of FP32 peak at median clock,,err/bound=0.00146,model: pred_ms=4.3116 waves=10 resident=5 bound=smem fma_step=512 lds_step=768 latency_exposed=0
572f506,23.1.2,13.3,NVIDIA RTX A6000,24153819,2026-09-27T04:28:06-07:00,mbr,4096x4096x4096,f32,"tforge-gpu-pipeline{block-tile=32,128 thread-tile=8,4 tile-k=32 promote=1 vectorize=1}",b32x128-t8x4-k32; grid=32x128x1 block=32x4x1 padded=4096x4096x4096; regs=106 smem=20480 blocks/SM=4 occ=0.333,,10,100,8.874496,8.264544,0.667188,GFLOP/s,15486.958749206715,1365,52.76% of FP32 peak at median clock,,err/bound=0.00146,model: pred_ms=4.4840 waves=13 resident=4 bound=smem fma_step=1024 lds_step=1536 latency_exposed=0
572f506,23.1.2,13.3,NVIDIA RTX A6000,24153819,2026-09-27T04:28:06-07:00,mbr,4096x4096x4096,f32,"tforge-gpu-pipeline{block-tile=32,128 thread-tile=4,8 tile-k=8 promote=1 vectorize=1}",b32x128-t4x8-k8; grid=32x128x1 block=16x8x1 padded=4096x4096x4096; regs=80 smem=5120 blocks/SM=6 occ=0.5,,10,100,11.982848,11.447168,0.144387,GFLOP/s,11469.640061527944,1575,33.86% of FP32 peak at median clock,,err/bound=0.00146,model: pred_ms=4.6565 waves=9 resident=6 bound=smem fma_step=256 lds_step=384 latency_exposed=0
572f506,23.1.2,13.3,NVIDIA RTX A6000,24153819,2026-09-27T04:28:06-07:00,mbr,4096x4096x4096,f32,"tforge-gpu-pipeline{block-tile=32,128 thread-tile=4,8 tile-k=16 promote=1 vectorize=1}",b32x128-t4x8-k16; grid=32x128x1 block=16x8x1 padded=4096x4096x4096; regs=80 smem=10240 blocks/SM=6 occ=0.5,,10,100,11.259904,10.837984,0.211068,GFLOP/s,12206.050200072752,1560,36.39% of FP32 peak at median clock,,err/bound=0.00146,model: pred_ms=4.6565 waves=9 resident=6 bound=smem fma_step=512 lds_step=768 latency_exposed=0
572f506,23.1.2,13.3,NVIDIA RTX A6000,24153819,2026-09-27T04:28:06-07:00,mbr,4096x4096x4096,f32,"tforge-gpu-pipeline{block-tile=32,128 thread-tile=4,8 tile-k=32 promote=1 vectorize=1}",b32x128-t4x8-k32; grid=32x128x1 block=16x8x1 padded=4096x4096x4096; regs=104 smem=20480 blocks/SM=4 occ=0.333,,10,100,11.180016,10.917888,0.115926,GFLOP/s,12293.269837180913,1560,36.65% of FP32 peak at median clock,,err/bound=0.00146,model: pred_ms=4.4840 waves=13 resident=4 bound=smem fma_step=1024 lds_step=1536 latency_exposed=0
572f506,23.1.2,13.3,NVIDIA RTX A6000,24153819,2026-09-27T04:28:06-07:00,mbr,4096x4096x4096,f32,"tforge-gpu-pipeline{block-tile=32,128 thread-tile=8,8 tile-k=8 promote=1 vectorize=1}",b32x128-t8x8-k8; grid=32x128x1 block=16x4x1 padded=4096x4096x4096; regs=128 smem=5120 blocks/SM=8 occ=0.333,,10,100,8.646656,8.626048,0.184913,GFLOP/s,15895.041212695405,1410,52.42% of FP32 peak at median clock,,err/bound=0.00146,model: pred_ms=3.2193 waves=7 resident=8 bound=fma fma_step=256 lds_step=256 latency_exposed=0
572f506,23.1.2,13.3,NVIDIA RTX A6000,24153819,2026-09-27T04:28:06-07:00,mbr,4096x4096x4096,f32,"tforge-gpu-pipeline{block-tile=32,128 thread-tile=8,8 tile-k=16 promote=1 vectorize=1}",b32x128-t8x8-k16; grid=32x128x1 block=16x4x1 padded=4096x4096x4096; regs=128 smem=10240 blocks/SM=8 occ=0.333,,10,100,8.374208,8.13056,0.182587,GFLOP/s,16412.173362782487,1410,54.13% of FP32 peak at median clock,,err/bound=0.00146,model: pred_ms=3.2193 waves=7 resident=8 bound=fma fma_step=512 lds_step=512 latency_exposed=0
572f506,23.1.2,13.3,NVIDIA RTX A6000,24153819,2026-09-27T04:28:06-07:00,mbr,4096x4096x4096,f32,"tforge-gpu-pipeline{block-tile=32,128 thread-tile=8,8 tile-k=32 promote=1 vectorize=1}",b32x128-t8x8-k32; grid=32x128x1 block=16x4x1 padded=4096x4096x4096; regs=162 smem=20480 blocks/SM=4 occ=0.167,,10,100,8.877568,8.2288,0.344907,GFLOP/s,15481.599630889901,1455,49.48% of FP32 peak at median clock,,err/bound=0.00146,model: pred_ms=2.9894 waves=13 resident=4 bound=fma fma_step=1024 lds_step=1024 latency_exposed=0
572f506,23.1.2,13.3,NVIDIA RTX A6000,24153819,2026-09-27T04:28:06-07:00,mbr,4096x4096x4096,f32,"tforge-gpu-pipeline{block-tile=64,32 thread-tile=4,4 tile-k=8 promote=1 vectorize=1}",b64x32-t4x4-k8; grid=128x64x1 block=8x16x1 padded=4096x4096x4096; regs=56 smem=3072 blocks/SM=9 occ=0.75,,10,100,12.920816,12.663808,0.251579,GFLOP/s,10637.018085545062,1485,33.31% of FP32 peak at median clock,,err/bound=0.00146,model: pred_ms=5.6913 waves=11 resident=9 bound=smem fma_step=128 lds_step=256 latency_exposed=0
572f506,23.1.2,13.3,NVIDIA RTX A6000,24153819,2026-09-27T04:28:06-07:00,mbr,4096x4096x4096,f32,"tforge-gpu-pipeline{block-tile=64,32 thread-tile=4,4 tile-k=16 promote=1 vectorize=1}",b64x32-t4x4-k16; grid=128x64x1 block=8x16x1 padded=4096x4096x4096; regs=63 smem=6144 blocks/SM=8 occ=0.667,,10,100,11.89376,11.771904,0.131654,GFLOP/s,11555.5512699096,1470,36.56% of FP32 peak at median clock,,err/bound=0.00146,model: pred_ms=5.9787 waves=13 resident=8 bound=smem fma_step=256 lds_step=512 latency_exposed=0
572f506,23.1.2,13.3,NVIDIA RTX A6000,24153819,2026-09-27T04:28:06-07:00,mbr,4096x4096x4096,f32,"tforge-gpu-pipeline{block-tile=64,32 thread-tile=4,4 tile-k=32 promote=1 vectorize=1}",b64x32-t4x4-k32; grid=128x64x1 block=8x16x1 padded=4096x4096x4096; regs=72 smem=12288 blocks/SM=7 occ=0.583,,10,100,11.10272,11.097088,0.260706,GFLOP/s,12378.85432326493,1425,40.40% of FP32 peak at median clock,,err/bound=0.00146,model: pred_ms=5.6338 waves=14 resident=7 bound=smem fma_step=512 lds_step=1024 latency_exposed=0
572f506,23.1.2,13.3,NVIDIA RTX A6000,24153819,2026-09-27T04:28:06-07:00,mbr,4096x4096x4096,f32,"tforge-gpu-pipeline{block-tile=64,32 thread-tile=8,4 tile-k=8 promote=1 vectorize=1}",b64x32-t8x4-k8; grid=128x64x1 block=8x8x1 padded=4096x4096x4096; regs=96 smem=3072 blocks/SM=10 occ=0.417,,10,100,11.097088,10.70592,0.159559,GFLOP/s,12385.136845990588,1455,39.58% of FP32 peak at median clock,,err/bound=0.00146,model: pred_ms=4.3116 waves=10 resident=10 bound=smem fma_step=128 lds_step=192 latency_exposed=0
572f506,23.1.2,13.3,NVIDIA RTX A6000,24153819,2026-09-27T04:28:06-07:00,mbr,4096x4096x4096,f32,"tforge-gpu-pipeline{block-tile=64,32 thread-tile=8,4 tile-k=16 promote=1 vectorize=1}",b64x32-t8x4-k16; grid=128x64x1 block=8x8x1 padded=4096x4096x4096; regs=94 smem=6144 blocks/SM=10 occ=0.417,,10,100,10.369536,10.358784,0.187013,GFLOP/s,13254.108329630179,1425,43.25% of FP32 peak at median clock,,err/bound=0.00146,model: pred_ms=4.3116 waves=10 resident=10 bound=smem fma_step=256 lds_step=384 latency_exposed=0
572f506,23.1.2,13.3,NVIDIA RTX A6000,24153819,2026-09-27T04:28:06-07:00,mbr,4096x4096x4096,f32,"tforge-gpu-pipeline{block-tile=64,32 thread-tile=8,4 tile-k=32 promote=1 vectorize=1}",b64x32-t8x4-k32; grid=128x64x1 block=8x8x1 padded=4096x4096x4096; regs=108 smem=12288 blocks/SM=7 occ=0.292,,10,100,9.551872,9.172992,0.420593,GFLOP/s,14388.692967409948,1335,50.12% of FP32 peak at median clock,,err/bound=0.00146,model: pred_ms=4.2253 waves=14 resident=7 bound=smem fma_step=512 lds_step=768 latency_exposed=0
572f506,23.1.2,13.3,NVIDIA RTX A6000,24153819,2026-09-27T04:28:06-07:00,mbr,4096x4096x4096,f32,"tforge-gpu-pipeline{block-tile=64,32 thread-tile=4,8 tile-k=8 promote=1 vectorize=1}",b64x32-t4x8-k8; grid=128x64x1 block=4x16x1 padded=4096x4096x4096; regs=79 smem=3072 blocks/SM=12 occ=0.5,,10,100,12.706816,12.589056,0.180482,GFLOP/s,10816.159883955193,1560,32.24% of FP32 peak at median clock,,err/bound=0.00146,model: pred_ms=4.6565 waves=9 resident=12 bound=smem fma_step=128 lds_step=192 latency_exposed=0
572f506,23.1.2,13.3,NVIDIA RTX A6000,24153819,2026-09-27T04:28:06-07:00,mbr,4096x4096x4096,f32,"tforge-gpu-pipeline{block-tile=64,32 thread-tile=4,8 tile-k=16 promote=1 vectorize=1}",b64x32-t4x8-k16; grid=128x64x1 block=4x16x1 padded=4096x4096x4096; regs=80 smem=6144 blocks/SM=12 occ=0.5,,10,100,11.774464,11.592544,0.187999,GFLOP/s,11672.629299473843,1500,36.19% of FP32 peak at median clock,,err/bound=0.00146,model: pred_ms=4.6565 waves=9 resident=12 bound=smem fma_step=256 lds_step=384 latency_exposed=0
572f506,23.1.2,13.3,NVIDIA RTX A6000,24153819,2026-09-27T04:28:06-07:00,mbr,4096x4096x4096,f32,"tforge-gpu-pipeline{block-tile=64,32 thread-tile=4,8 tile-k=32 promote=1 vectorize=1}",b64x32-t4x8-k32; grid=128x64x1 block=4x16x1 padded=4096x4096x4096; regs=112 smem=12288 blocks/SM=7 occ=0.292,,10,100,11.114384,10.998592,0.17339,GFLOP/s,12365.863323779347,1455,39.52% of FP32 peak at median clock,,err/bound=0.00146,model: pred_ms=4.2253 waves=14 resident=7 bound=smem fma_step=512 lds_step=768 latency_exposed=0
572f506,23.1.2,13.3,NVIDIA RTX A6000,24153819,2026-09-27T04:28:06-07:00,mbr,4096x4096x4096,f32,"tforge-gpu-pipeline{block-tile=64,32 thread-tile=8,8 tile-k=8 promote=1 vectorize=1}",b64x32-t8x8-k8; grid=128x64x1 block=4x8x1 padded=4096x4096x4096; regs=128 smem=3072 blocks/SM=16 occ=0.333,,10,100,11.65312,11.41136,0.142472,GFLOP/s,11794.176449912127,1560,35.16% of FP32 peak at median clock,,err/bound=0.00146,model: pred_ms=3.2193 waves=7 resident=16 bound=fma fma_step=128 lds_step=128 latency_exposed=0
572f506,23.1.2,13.3,NVIDIA RTX A6000,24153819,2026-09-27T04:28:06-07:00,mbr,4096x4096x4096,f32,"tforge-gpu-pipeline{block-tile=64,32 thread-tile=8,8 tile-k=16 promote=1 vectorize=1}",b64x32-t8x8-k16; grid=128x64x1 block=4x8x1 padded=4096x4096x4096; regs=128 smem=6144 blocks/SM=14 occ=0.292,,10,100,10.199552,10.187776,0.206496,GFLOP/s,13474.999046232617,1440,43.52% of FP32 peak at median clock,,err/bound=0.00146,model: pred_ms=2.8169 waves=7 resident=14 bound=fma fma_step=256 lds_step=256 latency_exposed=0
572f506,23.1.2,13.3,NVIDIA RTX A6000,24153819,2026-09-27T04:28:06-07:00,mbr,4096x4096x4096,f32,"tforge-gpu-pipeline{block-tile=64,32 thread-tile=8,8 tile-k=32 promote=1 vectorize=1}",b64x32-t8x8-k32; grid=128x64x1 block=4x8x1 padded=4096x4096x4096; regs=178 smem=12288 blocks/SM=7 occ=0.146,,10,100,9.76384,9.689952,0.251709,GFLOP/s,14076.32176192973,1425,45.94% of FP32 peak at median clock,,err/bound=0.00146,model: pred_ms=2.8169 waves=14 resident=7 bound=fma fma_step=512 lds_step=512 latency_exposed=0
572f506,23.1.2,13.3,NVIDIA RTX A6000,24153819,2026-09-27T04:28:06-07:00,mbr,4096x4096x4096,f32,"tforge-gpu-pipeline{block-tile=64,64 thread-tile=4,4 tile-k=8 promote=1 vectorize=1}",b64x64-t4x4-k8; grid=64x64x1 block=16x16x1 padded=4096x4096x4096; regs=64 smem=4096 blocks/SM=4 occ=0.667,,10,100,11.150768,10.76224,0.160178,GFLOP/s,12325.514571911099,1485,38.60% of FP32 peak at median clock,,err/bound=0.00146,model: pred_ms=5.9787 waves=13 resident=4 bound=smem fma_step=256 lds_step=512 latency_exposed=0
572f506,23.1.2,13.3,NVIDIA RTX A6000,24153819,2026-09-27T04:28:06-07:00,mbr,4096x4096x4096,f32,"tforge-gpu-pipeline{block-tile=64,64 thread-tile=4,4 tile-k=16 promote=1 vectorize=1}",b64x64-t4x4-k16; grid=64x64x1 block=16x16x1 padded=4096x4096x4096; regs=61 smem=8192 blocks/SM=4 occ=0.667,,10,100,9.388032,9.36864,0.19152,GFLOP/s,14639.804537521812,1335,51.00% of FP32 peak at median clock,,err/bound=0.00146,model: pred_ms=5.9787 waves=13 resident=4 bound=smem fma_step=512 lds_step=1024 latency_exposed=0
572f506,23.1.2,13.3,NVIDIA RTX A6000,24153819,2026-09-27T04:28:06-07:00,mbr,4096x4096x4096,f32,"tforge-gpu-pipeline{block-tile=64,64 thread-tile=4,4 tile-k=32 promote=1 vectorize=1}",b64x64-t4x4-k32; grid=64x64x1 block=16x16x1 padded=4096x4096x4096; regs=65 smem=16384 blocks/SM=3 occ=0.5,,10,100,9.351072,9.250816,0.168893,GFLOP/s,14697.668189486725,1320,51.78% of FP32 peak at median clock,,err/bound=0.00146,model: pred_ms=5.8637 waves=17 resident=3 bound=smem fma_step=1024 lds_step=2048 latency_exposed=0
572f506,23.1.2,13.3,NVIDIA RTX A6000,24153819,2026-09-27T04:28:06-07:00,mbr,4096x4096x4096,f32,"tforge-gpu-pipeline{block-tile=64,64 thread-tile=8,4 tile-k=8 promote=1 vectorize=1}",b64x64-t8x4-k8; grid=64x64x1 block=16x8x1 padded=4096x4096x4096; regs=96 smem=4096 blocks/SM=5 occ=0.417,,10,100,8.892416,8.749024,0.265994,GFLOP/s,15455.749424228465,1335,53.84% of FP32 peak at median clock,,err/bound=0.00146,model: pred_ms=4.3116 waves=10 resident=5 bound=smem fma_step=256 lds_step=384 latency_exposed=0
572f506,23.1.2,13.3,NVIDIA RTX A6000,24153819,2026-09-27T04:28:06-07:00,mbr,4096x4096x4096,f32,"tforge-gpu-pipeline{block-tile=64,64 thread-tile=8,4 tile-k=16 promote=1 vectorize=1}",b64x64-t8x4-k16; grid=64x64x1 block=16x8x1 padded=4096x4096x4096; regs=92 smem=8192 blocks/SM=5 occ=0.417,,10,100,8.137216,7.98208,0.456828,GFLOP/s,16890.169005222422,1275,61.60% of FP32 peak at median clock,,err/bound=0.00146,model: pred_ms=4.3116 waves=10 resident=5 bound=smem fma_step=512 lds_step=768 latency_exposed=0
572f506,23.1.2,13.3,NVIDIA RTX A6000,24153819,2026-09-27T04:28:06-07:00,mbr,4096x4096x4096,f32,"tforge-gpu-pipeline{block-tile=64,64 thread-tile=8,4 tile-k=32 promote=1 vectorize=1}",b64x64-t8x4-k32; grid=64x64x1 block=16x8x1 padded=4096x4096x4096; regs=94 smem=16384 blocks/SM=5 occ=0.417,,10,100,8.025088,7.692096,0.375888,GFLOP/s,17126.16154140615,1290,61.74% of FP32 peak at median clock,,err/bound=0.00146,model: pred_ms=4.3116 waves=10 resident=5 bound=smem fma_step=1024 lds_step=1536 latency_exposed=0
572f506,23.1.2,13.3,NVIDIA RTX A6000,24153819,2026-09-27T04:28:06-07:00,mbr,4096x4096x4096,f32,"tforge-gpu-pipeline{block-tile=64,64 thread-tile=4,8 tile-k=8 promote=1 vectorize=1}",b64x64-t4x8-k8; grid=64x64x1 block=8x16x1 padded=4096x4096x4096; regs=80 smem=4096 blocks/SM=6 occ=0.5,,10,100,12.392448,12.16512,0.084082,GFLOP/s,11090.541067592132,1605,32.13% of FP32 peak at median clock,,err/bound=0.00146,model: pred_ms=4.6565 waves=9 resident=6 bound=smem fma_step=256 lds_step=384 latency_exposed=0
572f506,23.1.2,13.3,NVIDIA RTX A6000,24153819,2026-09-27T04:28:06-07:00,mbr,4096x4096x4096,f32,"tforge-gpu-pipeline{block-tile=64,64 thread-tile=4,8 tile-k=16 promote=1 vectorize=1}",b64x64-t4x8-k16; grid=64x64x1 block=8x16x1 padded=4096x4096x4096; regs=96 smem=8192 blocks/SM=5 occ=0.417,,10,100,11.905408,11.570176,0.179866,GFLOP/s,11544.24556235284,1590,33.76% of FP32 peak at median clock,,err/bound=0.00146,model: pred_ms=4.3116 waves=10 resident=5 bound=smem fma_step=512 lds_step=768 latency_exposed=0
572f506,23.1.2,13.3,NVIDIA RTX A6000,24153819,2026-09-27T04:28:06-07:00,mbr,4096x4096x4096,f32,"tforge-gpu-pipeline{block-tile=64,64 thread-tile=4,8 tile-k=32 promote=1 vectorize=1}",b64x64-t4x8-k32; grid=64x64x1 block=8x16x1 padded=4096x4096x4096; regs=96 smem=16384 blocks/SM=5 occ=0.417,,10,100,11.49632,11.17184,0.206503,GFLOP/s,11955.038957857818,1575,35.30% of FP32 peak at median clock,,err/bound=0.00146,model: pred_ms=4.3116 waves=10 resident=5 bound=smem fma_step=1024 lds_step=1536 latency_exposed=0
572f506,23.1.2,13.3,NVIDIA RTX A6000,24153819,2026-09-27T04:28:06-07:00,mbr,4096x4096x4096,f32,"tforge-gpu-pipeline{block-tile=64,64 thread-tile=8,8 tile-k=8 promote=1 vectorize=1}",b64x64-t8x8-k8; grid=64x64x1 block=8x8x1 padded=4096x4096x4096; regs=128 smem=4096 blocks/SM=8 occ=0.333,,10,100,9.258864,9.011968,0.15899,GFLOP/s,14844.040637382728,1515,45.56% of FP32 peak at median clock,,err/bound=0.00146,model: pred_ms=3.2193 waves=7 resident=8 bound=fma fma_step=256 lds_step=256 latency_exposed=0
572f506,23.1.2,13.3,NVIDIA RTX A6000,24153819,2026-09-27T04:28:06-07:00,mbr,4096x4096x4096,f32,"tforge-gpu-pipeline{block-tile=64,64 thread-tile=8,8 tile-k=16 promote=1 vectorize=1}",b64x64-t8x8-k16; grid=64x64x1 block=8x8x1 padded=4096x4096x4096; regs=128 smem=8192 blocks/SM=8 occ=0.333,,10,100,8.743936,8.569856,0.188261,GFLOP/s,15718.202131397122,1470,49.72% of FP32 peak at median clock,,err/bound=0.00146,model: pred_ms=3.2193 waves=7 resident=8 bound=fma fma_step=512 lds_step=512 latency_exposed=0
572f506,23.1.2,13.3,NVIDIA RTX A6000,24153819,2026-09-27T04:28:06-07:00,mbr,4096x4096x4096,f32,"tforge-gpu-pipeline{block-tile=64,64 thread-tile=8,8 tile-k=32 promote=1 vectorize=1}",b64x64-t8x8-k32; grid=64x64x1 block=8x8x1 padded=4096x4096x4096; regs=157 smem=16384 blocks/SM=5 occ=0.208,,10,100,8.586704,8.35584,0.215532,GFLOP/s,16006.01971047331,1395,53.36% of FP32 peak at median clock,,err/bound=0.00146,model: pred_ms=2.8744 waves=10 resident=5 bound=fma fma_step=1024 lds_step=1024 latency_exposed=0
572f506,23.1.2,13.3,NVIDIA RTX A6000,24153819,2026-09-27T04:28:06-07:00,mbr,4096x4096x4096,f32,"tforge-gpu-pipeline{block-tile=64,128 thread-tile=4,4 tile-k=8 promote=1 vectorize=1}",b64x128-t4x4-k8; grid=32x64x1 block=32x16x1 padded=4096x4096x4096; regs=64 smem=6144 blocks/SM=2 occ=0.667,,10,100,10.799088,10.700608,0.022797,GFLOP/s,12726.903741501135,1590,37.22% of FP32 peak at median clock,,err/bound=0.00146,model: pred_ms=5.9787 waves=13 resident=2 bound=smem fma_step=512 lds_step=1024 latency_exposed=0
572f506,23.1.2,13.3,NVIDIA RTX A6000,24153819,2026-09-27T04:28:06-07:00,mbr,4096x4096x4096,f32,"tforge-gpu-pipeline{block-tile=64,128 thread-tile=4,4 tile-k=16 promote=1 vectorize=1}",b64x128-t4x4-k16; grid=32x64x1 block=32x16x1 padded=4096x4096x4096; regs=64 smem=12288 blocks/SM=2 occ=0.667,,10,100,9.55904,9.472928,0.06137,GFLOP/s,14377.90337439743,1470,45.48% of FP32 peak at median clock,,err/bound=0.00146,model: pred_ms=5.9787 waves=13 resident=2 bound=smem fma_step=1024 lds_step=2048 latency_exposed=0
572f506,23.1.2,13.3,NVIDIA RTX A6000,24153819,2026-09-27T04:28:06-07:00,mbr,4096x4096x4096,f32,"tforge-gpu-pipeline{block-tile=64,128 thread-tile=4,4 tile-k=32 promote=1 vectorize=1}",b64x128-t4x4-k32; grid=32x64x1 block=32x16x1 padded=4096x4096x4096; regs=64 smem=24576 blocks/SM=2 occ=0.667,,10,100,9.248768,8.9856,0.120519,GFLOP/s,14860.244464127545,1410,49.01% of FP32 peak at median clock,,err/bound=0.00146,model: pred_ms=5.9787 waves=13 resident=2 bound=smem fma_step=2048 lds_step=4096 latency_exposed=0
572f506,23.1.2,13.3,NVIDIA RTX A6000,24153819,2026-09-27T04:28:06-07:00,mbr,4096x4096x4096,f32,"tforge-gpu-pipeline{block-tile=64,128 thread-tile=8,4 tile-k=8 promote=1 vectorize=1}",b64x128-t8x4-k8; grid=32x64x1 block=32x8x1 padded=4096x4096x4096; regs=90 smem=6144 blocks/SM=2 occ=0.333,,10,100,8.784384,8.419328,0.121041,GFLOP/s,15645.827125954422,1515,48.02% of FP32 peak at median clock,,err/bound=0.00146,model: pred_ms=4.4840 waves=13 resident=2 bound=smem fma_step=512 lds_step=768 latency_exposed=0
572f506,23.1.2,13.3,NVIDIA RTX A6000,24153819,2026-09-27T04:28:06-07:00,mbr,4096x4096x4096,f32,"tforge-gpu-pipeline{block-tile=64,128 thread-tile=8,4 tile-k=16 promote=1 vectorize=1}",b64x128-t8x4-k16; grid=32x64x1 block=32x8x1 padded=4096x4096x4096; regs=90 smem=12288 blocks/SM=2 occ=0.333,,10,100,8.073216,7.942144,0.068752,GFLOP/s,17024.06494165398,1425,55.56% of FP32 peak at median clock,,err/bound=0.00146,model: pred_ms=4.4840 waves=13 resident=2 bound=smem fma_step=1024 lds_step=1536 latency_exposed=0
572f506,23.1.2,13.3,NVIDIA RTX A6000,24153819,2026-09-27T04:28:06-07:00,mbr,4096x4096x4096,f32,"tforge-gpu-pipeline{block-tile=64,128 thread-tile=8,4 tile-k=32 promote=1 vectorize=1}",b64x128-t8x4-k32; grid=32x64x1 block=32x8x1 padded=4096x4096x4096; regs=102 smem=24576 blocks/SM=2 occ=0.333,,10,100,7.6544,7.578624,0.100493,GFLOP/s,17955.54889632107,1395,59.86% of FP32 peak at median clock,,err/bound=0.00146,model: pred_ms=4.4840 waves=13 resident=2 bound=smem fma_step=2048 lds_step=3072 latency_exposed=0
572f506,23.1.2,13.3,NVIDIA RTX A6000,24153819,2026-09-27T04:28:06-07:00,mbr,4096x4096x4096,f32,"tforge-gpu-pipeline{block-tile=64,128 thread-tile=4,8 tile-k=8 promote=1 vectorize=1}",b64x128-t4x8-k8; grid=32x64x1 block=16x16x1 padded=4096x4096x4096; regs=80 smem=6144 blocks/SM=3 occ=0.5,,10,100,11.285504,11.160576,0.080189,GFLOP/s,12178.362036112874,1650,34.32% of FP32 peak at median clock,,err/bound=0.00146,model: pred_ms=4.6565 waves=9 resident=3 bound=smem fma_step=512 lds_step=768 latency_exposed=0
572f506,23.1.2,13.3,NVIDIA RTX A6000,24153819,2026-09-27T04:28:06-07:00,mbr,4096x4096x4096,f32,"tforge-gpu-pipeline{block-tile=64,128 thread-tile=4,8 tile-k=16 promote=1 vectorize=1}",b64x128-t4x8-k16; grid=32x64x1 block=16x16x1 padded=4096x4096x4096; regs=80 smem=12288 blocks/SM=3 occ=0.5,,10,100,10.5184,10.302464,0.110381,GFLOP/s,13066.526607849102,1605,37.86% of FP32 peak at median clock,,err/bound=0.00146,model: pred_ms=4.6565 waves=9 resident=3 bound=smem fma_step=1024 lds_step=1536 latency_exposed=0
572f506,23.1.2,13.3,NVIDIA RTX A6000,24153819,2026-09-27T04:28:06-07:00,mbr,4096x4096x4096,f32,"tforge-gpu-pipeline{block-tile=64,128 thread-tile=4,8 tile-k=32 promote=1 vectorize=1}",b64x128-t4x8-k32; grid=32x64x1 block=16x16x1 padded=4096x4096x4096; regs=80 smem=24576 blocks/SM=3 occ=0.5,,10,100,10.470336,10.177536,0.137797,GFLOP/s,13126.508401640596,1620,37.68% of FP32 peak at median clock,,err/bound=0.00146,model: pred_ms=4.6565 waves=9 resident=3 bound=smem fma_step=2048 lds_step=3072 latency_exposed=0
572f506,23.1.2,13.3,NVIDIA RTX A6000,24153819,2026-09-27T04:28:06-07:00,mbr,4096x4096x4096,f32,"tforge-gpu-pipeline{block-tile=64,128 thread-tile=8,8 tile-k=8 promote=1 vectorize=1}",b64x128-t8x8-k8; grid=32x64x1 block=16x8x1 padded=4096x4096x4096; regs=128 smem=6144 blocks/SM=4 occ=0.333,,10,100,7.9232,7.770112,0.112864,GFLOP/s,17346.394571890145,1410,57.21% of FP32 peak at median clock,,err/bound=0.00146,model: pred_ms=3.2193 waves=7 resident=4 bound=fma fma_step=512 lds_step=512 latency_exposed=0
572f506,23.1.2,13.3,NVIDIA RTX A6000,24153819,2026-09-27T04:28:06-07:00,mbr,4096x4096x4096,f32,"tforge-gpu-pipeline{block-tile=64,128 thread-tile=8,8 tile-k=16 promote=1 vectorize=1}",b64x128-t8x8-k16; grid=32x64x1 block=16x8x1 padded=4096x4096x4096; regs=128 smem=12288 blocks/SM=4 occ=0.333,,10,100,7.605248,7.340032,0.075294,GFLOP/s,18071.593914097215,1425,58.97% of FP32 peak at median clock,,err/bound=0.00146,model: pred_ms=3.2193 waves=7 resident=4 bound=fma fma_step=1024 lds_step=1024 latency_exposed=0
572f506,23.1.2,13.3,NVIDIA RTX A6000,24153819,2026-09-27T04:28:06-07:00,mbr,4096x4096x4096,f32,"tforge-gpu-pipeline{block-tile=64,128 thread-tile=8,8 tile-k=32 promote=1 vectorize=1}",b64x128-t8x8-k32; grid=32x64x1 block=16x8x1 padded=4096x4096x4096; regs=127 smem=24576 blocks/SM=4 occ=0.333,,10,100,7.863184,7.631872,0.129414,GFLOP/s,17478.791475819464,1425,57.04% of FP32 peak at median clock,,err/bound=0.00146,model: pred_ms=3.2193 waves=7 resident=4 bound=fma fma_step=2048 lds_step=2048 latency_exposed=0
572f506,23.1.2,13.3,NVIDIA RTX A6000,24153819,2026-09-27T04:28:06-07:00,mbr,4096x4096x4096,f32,"tforge-gpu-pipeline{block-tile=128,32 thread-tile=4,4 tile-k=8 promote=1 vectorize=1}",b128x32-t4x4-k8; grid=128x32x1 block=8x32x1 padded=4096x4096x4096; regs=60 smem=5120 blocks/SM=4 occ=0.667,,10,100,12.220816,11.682816,0.165286,GFLOP/s,11246.299221917752,1538,34.00% of FP32 peak at median clock,,err/bound=0.00146,model: pred_ms=5.9787 waves=13 resident=4 bound=smem fma_step=256 lds_step=512 latency_exposed=0
572f506,23.1.2,13.3,NVIDIA RTX A6000,24153819,2026-09-27T04:28:06-07:00,mbr,4096x4096x4096,f32,"tforge-gpu-pipeline{block-tile=128,32 thread-tile=4,4 tile-k=16 promote=1 vectorize=1}",b128x32-t4x4-k16; grid=128x32x1 block=8x32x1 padded=4096x4096x4096; regs=64 smem=10240 blocks/SM=4 occ=0.667,,10,100,11.37656,11.226944,0.188621,GFLOP/s,12080.888552602897,1545,36.36% of FP32 peak at median clock,,err/bound=0.00146,model: pred_ms=5.9787 waves=13 resident=4 bound=smem fma_step=512 lds_step=1024 latency_exposed=0
572f506,23.1.2,13.3,NVIDIA RTX A6000,24153819,2026-09-27T04:28:06-07:00,mbr,4096x4096x4096,f32,"tforge-gpu-pipeline{block-tile=128,32 thread-tile=4,4 tile-k=32 promote=1 vectorize=1}",b128x32-t4x4-k32; grid=128x32x1 block=8x32x1 padded=4096x4096x4096; regs=66 smem=20480 blocks/SM=3 occ=0.5,,10,100,10.6752,10.563584,0.140874,GFLOP/s,12874.602206235011,1500,39.91% of FP32 peak at median clock,,err/bound=0.00146,model: pred_ms=5.8637 waves=17 resident=3 bound=smem fma_step=1024 lds_step=2048 latency_exposed=0
572f506,23.1.2,13.3,NVIDIA RTX A6000,24153819,2026-09-27T04:28:06-07:00,mbr,4096x4096x4096,f32,"tforge-gpu-pipeline{block-tile=128,32 thread-tile=8,4 tile-k=8 promote=1 vectorize=1}",b128x32-t8x4-k8; grid=128x32x1 block=8x16x1 padded=4096x4096x4096; regs=90 smem=5120 blocks/SM=5 occ=0.417,,10,100,10.880992,10.866688,0.209428,GFLOP/s,12631.105093359134,1500,39.16% of FP32 peak at median clock,,err/bound=0.00146,model: pred_ms=4.3116 waves=10 resident=5 bound=smem fma_step=256 lds_step=384 latency_exposed=0
572f506,23.1.2,13.3,NVIDIA RTX A6000,24153819,2026-09-27T04:28:06-07:00,mbr,4096x4096x4096,f32,"tforge-gpu-pipeline{block-tile=128,32 thread-tile=8,4 tile-k=16 promote=1 vectorize=1}",b128x32-t8x4-k16; grid=128x32x1 block=8x16x1 padded=4096x4096x4096; regs=96 smem=10240 blocks/SM=5 occ=0.417,,10,100,9.619488,9.53856,0.175446,GFLOP/s,14287.55391887801,1440,46.14% of FP32 peak at median clock,,err/bound=0.00146,model: pred_ms=4.3116 waves=10 resident=5 bound=smem fma_step=512 lds_step=768 latency_exposed=0
572f506,23.1.2,13.3,NVIDIA RTX A6000,24153819,2026-09-27T04:28:06-07:00,mbr,4096x4096x4096,f32,"tforge-gpu-pipeline{block-tile=128,32 thread-tile=8,4 tile-k=32 promote=1 vectorize=1}",b128x32-t8x4-k32; grid=128x32x1 block=8x16x1 padded=4096x4096x4096; regs=108 smem=20480 blocks/SM=4 occ=0.333,,10,100,8.933232,8.597376,0.28031,GFLOP/s,15385.131996124133,1395,51.29% of FP32 peak at median clock,,err/bound=0.00146,model: pred_ms=4.4840 waves=13 resident=4 bound=smem fma_step=1024 lds_step=1536 latency_exposed=0
572f506,23.1.2,13.3,NVIDIA RTX A6000,24153819,2026-09-27T04:28:06-07:00,mbr,4096x4096x4096,f32,"tforge-gpu-pipeline{block-tile=128,32 thread-tile=4,8 tile-k=8 promote=1 vectorize=1}",b128x32-t4x8-k8; grid=128x32x1 block=4x32x1 padded=4096x4096x4096; regs=80 smem=5120 blocks/SM=6 occ=0.5,,10,100,12.555344,11.975744,0.125271,GFLOP/s,10946.649766983686,1575,32.32% of FP32 peak at median clock,,err/bound=0.00146,model: pred_ms=4.6565 waves=9 resident=6 bound=smem fma_step=256 lds_step=384 latency_exposed=0
572f506,23.1.2,13.3,NVIDIA RTX A6000,24153819,2026-09-27T04:28:06-07:00,mbr,4096x4096x4096,f32,"tforge-gpu-pipeline{block-tile=128,32 thread-tile=4,8 tile-k=16 promote=1 vectorize=1}",b128x32-t4x8-k16; grid=128x32x1 block=4x32x1 padded=4096x4096x4096; regs=80 smem=10240 blocks/SM=6 occ=0.5,,10,100,11.326464,11.20768,0.186849,GFLOP/s,12134.32130910406,1545,36.52% of FP32 peak at median clock,,err/bound=0.00146,model: pred_ms=4.6565 waves=9 resident=6 bound=smem fma_step=512 lds_step=768 latency_exposed=0
572f506,23.1.2,13.3,NVIDIA RTX A6000,24153819,2026-09-27T04:28:06-07:00,mbr,4096x4096x4096,f32,"tforge-gpu-pipeline{block-tile=128,32 thread-tile=4,8 tile-k=32 promote=1 vectorize=1}",b128x32-t4x8-k32; grid=128x32x1 block=4x32x1 padded=4096x4096x4096; regs=102 smem=20480 blocks/SM=4 occ=0.333,,10,100,10.508752,10.14784,0.182349,GFLOP/s,13078.522879976614,1485,40.96% of FP32 peak at median clock,,err/bound=0.00146,model: pred_ms=4.4840 waves=13 resident=4 bound=smem fma_step=1024 lds_step=1536 latency_exposed=0
572f506,23.1.2,13.3,NVIDIA RTX A6000,24153819,2026-09-27T04:28:06-07:00,mbr,4096x4096x4096,f32,"tforge-gpu-pipeline{block-tile=128,32 thread-tile=8,8 tile-k=8 promote=1 vectorize=1}",b128x32-t8x8-k8; grid=128x32x1 block=4x16x1 padded=4096x4096x4096; regs=128 smem=5120 blocks/SM=8 occ=0.333,,10,100,11.302336,11.153408,0.21617,GFLOP/s,12160.225414639945,1575,35.90% of FP32 peak at median clock,,err/bound=0.00146,model: pred_ms=3.2193 waves=7 resident=8 bound=fma fma_step=256 lds_step=256 latency_exposed=0
572f506,23.1.2,13.3,NVIDIA RTX A6000,24153819,2026-09-27T04:28:06-07:00,mbr,4096x4096x4096,f32,"tforge-gpu-pipeline{block-tile=128,32 thread-tile=8,8 tile-k=16 promote=1 vectorize=1}",b128x32-t8x8-k16; grid=128x32x1 block=4x16x1 padded=4096x4096x4096; regs=127 smem=10240 blocks/SM=8 occ=0.333,,10,100,9.749504,9.378592,0.240261,GFLOP/s,14097.020060917968,1485,44.15% of FP32 peak at median clock,,err/bound=0.00146,model: pred_ms=3.2193 waves=7 resident=8 bound=fma fma_step=512 lds_step=512 latency_exposed=0
572f506,23.1.2,13.3,NVIDIA RTX A6000,24153819,2026-09-27T04:28:06-07:00,mbr,4096x4096x4096,f32,"tforge-gpu-pipeline{block-tile=128,32 thread-tile=8,8 tile-k=32 promote=1 vectorize=1}",b128x32-t8x8-k32; grid=128x32x1 block=4x16x1 padded=4096x4096x4096; regs=162 smem=20480 blocks/SM=4 occ=0.167,,10,100,9.310672,8.974432,0.186089,GFLOP/s,14761.442941175459,1485,46.23% of FP32 peak at median clock,,err/bound=0.00146,model: pred_ms=2.9894 waves=13 resident=4 bound=fma fma_step=1024 lds_step=1024 latency_exposed=0
572f506,23.1.2,13.3,NVIDIA RTX A6000,24153819,2026-09-27T04:28:06-07:00,mbr,4096x4096x4096,f32,"tforge-gpu-pipeline{block-tile=128,64 thread-tile=4,4 tile-k=8 promote=1 vectorize=1}",b128x64-t4x4-k8; grid=64x32x1 block=16x32x1 padded=4096x4096x4096; regs=64 smem=6144 blocks/SM=2 occ=0.667,,10,100,11.534336,11.296544,0.07388,GFLOP/s,11915.636363636366,1605,34.52% of FP32 peak at median clock,,err/bound=0.00146,model: pred_ms=5.9787 waves=13 resident=2 bound=smem fma_step=512 lds_step=1024 latency_exposed=0
572f506,23.1.2,13.3,NVIDIA RTX A6000,24153819,2026-09-27T04:28:06-07:00,mbr,4096x4096x4096,f32,"tforge-gpu-pipeline{block-tile=128,64 thread-tile=4,4 tile-k=16 promote=1 vectorize=1}",b128x64-t4x4-k16; grid=64x32x1 block=16x32x1 padded=4096x4096x4096; regs=60 smem=12288 blocks/SM=2 occ=0.667,,10,100,9.58504,9.253888,0.07134,GFLOP/s,14338.902442973635,1455,45.83% of FP32 peak at median clock,,err/bound=0.00146,model: pred_ms=5.9787 waves=13 resident=2 bound=smem fma_step=1024 lds_step=2048 latency_exposed=0
572f506,23.1.2,13.3,NVIDIA RTX A6000,24153819,2026-09-27T04:28:06-07:00,mbr,4096x4096x4096,f32,"tforge-gpu-pipeline{block-tile=128,64 thread-tile=4,4 tile-k=32 promote=1 vectorize=1}",b128x64-t4x4-k32; grid=64x32x1 block=16x32x1 padded=4096x4096x4096; regs=64 smem=24576 blocks/SM=2 occ=0.667,,10,100,9.07152,8.7808,0.079058,GFLOP/s,15150.598077499691,1395,50.51% of FP32 peak at median clock,,err/bound=0.00146,model: pred_ms=5.9787 waves=13 resident=2 bound=smem fma_step=2048 lds_step=4096 latency_exposed=0
572f506,23.1.2,13.3,NVIDIA RTX A6000,24153819,2026-09-27T04:28:06-07:00,mbr,4096x4096x4096,f32,"tforge-gpu-pipeline{block-tile=128,64 thread-tile=8,4 tile-k=8 promote=1 vectorize=1}",b128x64-t8x4-k8; grid=64x32x1 block=16x16x1 padded=4096x4096x4096; regs=94 smem=6144 blocks/SM=2 occ=0.333,,10,100,9.065392,8.832896,0.209289,GFLOP/s,15160.839539205805,1530,46.08% of FP32 peak at median clock,,err/bound=0.00146,model: pred_ms=4.4840 waves=13 resident=2 bound=smem fma_step=512 lds_step=768 latency_exposed=0
572f506,23.1.2,13.3,NVIDIA RTX A6000,24153819,2026-09-27T04:28:06-07:00,mbr,4096x4096x4096,f32,"tforge-gpu-pipeline{block-tile=128,64 thread-tile=8,4 tile-k=16 promote=1 vectorize=1}",b128x64-t8x4-k16; grid=64x32x1 block=16x16x1 padded=4096x4096x4096; regs=90 smem=12288 blocks/SM=2 occ=0.333,,10,100,8.153088,7.936,0.103913,GFLOP/s,16857.288118563174,1425,55.01% of FP32 peak at median clock,,err/bound=0.00146,model: pred_ms=4.4840 waves=13 resident=2 bound=smem fma_step=1024 lds_step=1536 latency_exposed=0
572f506,23.1.2,13.3,NVIDIA RTX A6000,24153819,2026-09-27T04:28:06-07:00,mbr,4096x4096x4096,f32,"tforge-gpu-pipeline{block-tile=128,64 thread-tile=8,4 tile-k=32 promote=1 vectorize=1}",b128x64-t8x4-k32; grid=64x32x1 block=16x16x1 padded=4096x4096x4096; regs=102 smem=24576 blocks/SM=2 occ=0.333,,10,100,7.724032,7.645184,0.045986,GFLOP/s,17793.67996818242,1410,58.69% of FP32 peak at median clock,,err/bound=0.00146,model: pred_ms=4.4840 waves=13 resident=2 bound=smem fma_step=2048 lds_step=3072 latency_exposed=0
572f506,23.1.2,13.3,NVIDIA RTX A6000,24153819,2026-09-27T04:28:06-07:00,mbr,4096x4096x4096,f32,"tforge-gpu-pipeline{block-tile=128,64 thread-tile=4,8 tile-k=8 promote=1 vectorize=1}",b128x64-t4x8-k8; grid=64x32x1 block=8x32x1 padded=4096x4096x4096; regs=80 smem=6144 blocks/SM=3 occ=0.5,,10,100,12.146688,12.044288,0.090713,GFLOP/s,11314.932389141799,1665,31.60% of FP32 peak at median clock,,err/bound=0.00146,model: pred_ms=4.6565 waves=9 resident=3 bound=smem fma_step=512 lds_step=768 latency_exposed=0
572f506,23.1.2,13.3,NVIDIA RTX A6000,24153819,2026-09-27T04:28:06-07:00,mbr,4096x4096x4096,f32,"tforge-gpu-pipeline{block-tile=128,64 thread-tile=4,8 tile-k=16 promote=1 vectorize=1}",b128x64-t4x8-k16; grid=64x32x1 block=8x32x1 padded=4096x4096x4096; regs=80 smem=12288 blocks/SM=3 occ=0.5,,10,100,11.516832,11.3152,0.105596,GFLOP/s,11933.746491396245,1650,33.63% of FP32 peak at median clock,,err/bound=0.00146,model: pred_ms=4.6565 waves=9 resident=3 bound=smem fma_step=1024 lds_step=1536 latency_exposed=0
572f506,23.1.2,13.3,NVIDIA RTX A6000,24153819,2026-09-27T04:28:06-07:00,mbr,4096x4096x4096,f32,"tforge-gpu-pipeline{block-tile=128,64 thread-tile=4,8 tile-k=32 promote=1 vectorize=1}",b128x64-t4x8-k32; grid=64x32x1 block=8x32x1 padded=4096x4096x4096; regs=80 smem=24576 blocks/SM=3 occ=0.5,,10,100,11.242496,11.132928,0.115741,GFLOP/s,12224.950177611805,1635,34.77% of FP32 peak at median clock,,err/bound=0.00146,model: pred_ms=4.6565 waves=9 resident=3 bound=smem fma_step=2048 lds_step=3072 latency_exposed=0
572f506,23.1.2,13.3,NVIDIA RTX A6000,24153819,2026-09-27T04:28:06-07:00,mbr,4096x4096x4096,f32,"tforge-gpu-pipeline{block-tile=128,64 thread-tile=8,8 tile-k=8 promote=1 vectorize=1}",b128x64-t8x8-k8; grid=64x32x1 block=8x16x1 padded=4096x4096x4096; regs=128 smem=6144 blocks/SM=4 occ=0.333,,10,100,9.062832,8.810496,0.119329,GFLOP/s,15165.122058093983,1530,46.09% of FP32 peak at median clock,,err/bound=0.00146,model: pred_ms=3.2193 waves=7 resident=4 bound=fma fma_step=512 lds_step=512 latency_exposed=0
572f506,23.1.2,13.3,NVIDIA RTX A6000,24153819,2026-09-27T04:28:06-07:00,mbr,4096x4096x4096,f32,"tforge-gpu-pipeline{block-tile=128,64 thread-tile=8,8 tile-k=16 promote=1 vectorize=1}",b128x64-t8x8-k16; grid=64x32x1 block=8x16x1 padded=4096x4096x4096; regs=128 smem=12288 blocks/SM=4 occ=0.333,,10,100,8.424848,8.125216,0.135333,GFLOP/s,16313.523219884797,1485,51.09% of FP32 peak at median clock,,err/bound=0.00146,model: pred_ms=3.2193 waves=7 resident=4 bound=fma fma_step=1024 lds_step=1024 latency_exposed=0
572f506,23.1.2,13.3,NVIDIA RTX A6000,24153819,2026-09-27T04:28:06-07:00,mbr,4096x4096x4096,f32,"tforge-gpu-pipeline{block-tile=128,64 thread-tile=8,8 tile-k=32 promote=1 vectorize=1}",b128x64-t8x8-k32; grid=64x32x1 block=8x16x1 padded=4096x4096x4096; regs=127 smem=24576 blocks/SM=4 occ=0.333,,10,100,8.146336,7.844864,0.139147,GFLOP/s,16871.260094354075,1470,53.37% of FP32 peak at median clock,,err/bound=0.00146,model: pred_ms=3.2193 waves=7 resident=4 bound=fma fma_step=2048 lds_step=2048 latency_exposed=0
572f506,23.1.2,13.3,NVIDIA RTX A6000,24153819,2026-09-27T04:28:06-07:00,mbr,4096x4096x4096,f32,"tforge-gpu-pipeline{block-tile=128,128 thread-tile=4,4 tile-k=8 promote=1 vectorize=1}",b128x128-t4x4-k8; grid=32x32x1 block=32x32x1 padded=4096x4096x4096; regs=64 smem=8192 blocks/SM=1 occ=0.667,,10,100,11.474432,11.28448,0.04342,GFLOP/s,11977.84373745036,1695,32.86% of FP32 peak at median clock,,err/bound=0.00146,model: pred_ms=7.7303 waves=13 resident=1 bound=smem fma_step=1024 lds_step=2048 latency_exposed=1
572f506,23.1.2,13.3,NVIDIA RTX A6000,24153819,2026-09-27T04:28:06-07:00,mbr,4096x4096x4096,f32,"tforge-gpu-pipeline{block-tile=128,128 thread-tile=4,4 tile-k=16 promote=1 vectorize=1}",b128x128-t4x4-k16; grid=32x32x1 block=32x32x1 padded=4096x4096x4096; regs=64 smem=16384 blocks/SM=1 occ=0.667,,10,100,10.129296,9.74848,0.078512,GFLOP/s,13568.46057929396,1545,40.84% of FP32 peak at median clock,,err/bound=0.00146,model: pred_ms=6.8545 waves=13 resident=1 bound=smem fma_step=2048 lds_step=4096 latency_exposed=1
572f506,23.1.2,13.3,NVIDIA RTX A6000,24153819,2026-09-27T04:28:06-07:00,mbr,4096x4096x4096,f32,"tforge-gpu-pipeline{block-tile=128,128 thread-tile=4,4 tile-k=32 promote=1 vectorize=1}",b128x128-t4x4-k32; grid=32x32x1 block=32x32x1 padded=4096x4096x4096; regs=64 smem=32768 blocks/SM=1 occ=0.667,,10,100,9.493552,9.266176,0.05655,GFLOP/s,14477.0843907528,1560,43.16% of FP32 peak at median clock,,err/bound=0.00146,model: pred_ms=6.4166 waves=13 resident=1 bound=smem fma_step=4096 lds_step=8192 latency_exposed=1
572f506,23.1.2,13.3,NVIDIA RTX A6000,24153819,2026-09-27T04:28:06-07:00,mbr,4096x4096x4096,f32,"tforge-gpu-pipeline{block-tile=128,128 thread-tile=8,4 tile-k=8 promote=1 vectorize=1}",b128x128-t8x4-k8; grid=32x32x1 block=32x16x1 padded=4096x4096x4096; regs=94 smem=8192 blocks/SM=1 occ=0.333,,10,100,10.277376,10.113024,0.088969,GFLOP/s,13372.961490559457,1725,36.05% of FP32 peak at median clock,,err/bound=0.00146,model: pred_ms=6.2356 waves=13 resident=1 bound=smem fma_step=1024 lds_step=1536 latency_exposed=1
572f506,23.1.2,13.3,NVIDIA RTX A6000,24153819,2026-09-27T04:28:06-07:00,mbr,4096x4096x4096,f32,"tforge-gpu-pipeline{block-tile=128,128 thread-tile=8,4 tile-k=16 promote=1 vectorize=1}",b128x128-t8x4-k16; grid=32x32x1 block=32x16x1 padded=4096x4096x4096; regs=96 smem=16384 blocks/SM=1 occ=0.333,,10,100,8.679312,8.418112,0.089968,GFLOP/s,15835.235957873158,1635,45.04% of FP32 peak at median clock,,err/bound=0.00146,model: pred_ms=5.3598 waves=13 resident=1 bound=smem fma_step=2048 lds_step=3072 latency_exposed=1
572f506,23.1.2,13.3,NVIDIA RTX A6000,24153819,2026-09-27T04:28:06-07:00,mbr,4096x4096x4096,f32,"tforge-gpu-pipeline{block-tile=128,128 thread-tile=8,4 tile-k=32 promote=1 vectorize=1}",b128x128-t8x4-k32; grid=32x32x1 block=32x16x1 padded=4096x4096x4096; regs=96 smem=32768 blocks/SM=1 occ=0.333,,10,100,8.000512,7.902272,0.0355,GFLOP/s,17178.769742736462,1575,50.72% of FP32 peak at median clock,,err/bound=0.00146,model: pred_ms=4.9219 waves=13 resident=1 bound=smem fma_step=4096 lds_step=6144 latency_exposed=1
572f506,23.1.2,13.3,NVIDIA RTX A6000,24153819,2026-09-27T04:28:06-07:00,mbr,4096x4096x4096,f32,"tforge-gpu-pipeline{block-tile=128,128 thread-tile=4,8 tile-k=8 promote=1 vectorize=1}",b128x128-t4x8-k8; grid=32x32x1 block=16x32x1 padded=4096x4096x4096; regs=88 smem=8192 blocks/SM=1 occ=0.333,,10,100,13.380608,13.147136,0.046762,GFLOP/s,10271.50286982475,1815,26.32% of FP32 peak at median clock,,err/bound=0.00146,model: pred_ms=6.2356 waves=13 resident=1 bound=smem fma_step=1024 lds_step=1536 latency_exposed=1
572f506,23.1.2,13.3,NVIDIA RTX A6000,24153819,2026-09-27T04:28:06-07:00,mbr,4096x4096x4096,f32,"tforge-gpu-pipeline{block-tile=128,128 thread-tile=4,8 tile-k=16 promote=1 vectorize=1}",b128x128-t4x8-k16; grid=32x32x1 block=16x32x1 padded=4096x4096x4096; regs=94 smem=16384 blocks/SM=1 occ=0.333,,10,100,11.32544,11.124736,0.04852,GFLOP/s,12135.418444846293,1755,32.16% of FP32 peak at median clock,,err/bound=0.00146,model: pred_ms=5.3598 waves=13 resident=1 bound=smem fma_step=2048 lds_step=3072 latency_exposed=1
572f506,23.1.2,13.3,NVIDIA RTX A6000,24153819,2026-09-27T04:28:06-07:00,mbr,4096x4096x4096,f32,"tforge-gpu-pipeline{block-tile=128,128 thread-tile=4,8 tile-k=32 promote=1 vectorize=1}",b128x128-t4x8-k32; grid=32x32x1 block=16x32x1 padded=4096x4096x4096; regs=100 smem=32768 blocks/SM=1 occ=0.333,,10,100,10.76736,10.570752,0.044948,GFLOP/s,12764.405896338565,1740,34.11% of FP32 peak at median clock,,err/bound=0.00146,model: pred_ms=4.9219 waves=13 resident=1 bound=smem fma_step=4096 lds_step=6144 latency_exposed=1
572f506,23.1.2,13.3,NVIDIA RTX A6000,24153819,2026-09-27T04:28:06-07:00,mbr,4096x4096x4096,f32,"tforge-gpu-pipeline{block-tile=128,128 thread-tile=8,8 tile-k=8 promote=1 vectorize=1}",b128x128-t8x8-k8; grid=32x32x1 block=16x16x1 padded=4096x4096x4096; regs=128 smem=8192 blocks/SM=2 occ=0.333,,10,100,8.198144,7.972864,0.090716,GFLOP/s,16764.642518111417,1575,49.50% of FP32 peak at median clock,,err/bound=0.00146,model: pred_ms=3.2193 waves=7 resident=2 bound=fma fma_step=1024 lds_step=1024 latency_exposed=0
572f506,23.1.2,13.3,NVIDIA RTX A6000,24153819,2026-09-27T04:28:06-07:00,mbr,4096x4096x4096,f32,"tforge-gpu-pipeline{block-tile=128,128 thread-tile=8,8 tile-k=16 promote=1 vectorize=1}",b128x128-t8x8-k16; grid=32x32x1 block=16x16x1 padded=4096x4096x4096; regs=128 smem=16384 blocks/SM=2 occ=0.333,,10,100,7.68352,7.57248,0.048483,GFLOP/s,17887.498629794674,1530,54.37% of FP32 peak at median clock,,err/bound=0.00146,model: pred_ms=3.2193 waves=7 resident=2 bound=fma fma_step=2048 lds_step=2048 latency_exposed=0
572f506,23.1.2,13.3,NVIDIA RTX A6000,24153819,2026-09-27T04:28:06-07:00,mbr,4096x4096x4096,f32,"tforge-gpu-pipeline{block-tile=128,128 thread-tile=8,8 tile-k=32 promote=1 vectorize=1}",b128x128-t8x8-k32; grid=32x32x1 block=16x16x1 padded=4096x4096x4096; regs=128 smem=32768 blocks/SM=2 occ=0.333,,10,100,7.276544,7.074944,0.059889,GFLOP/s,18887.943709541232,1515,57.98% of FP32 peak at median clock,,err/bound=0.00146,model: pred_ms=3.2193 waves=7 resident=2 bound=fma fma_step=4096 lds_step=4096 latency_exposed=0
572f506,23.1.2,13.3,NVIDIA RTX A6000,24153819,2026-09-27T04:28:06-07:00,mbr,1536x1536x1536,f32,"tforge-gpu-pipeline{block-tile=32,32 thread-tile=4,4 tile-k=8 promote=1 vectorize=1}",b32x32-t4x4-k8; grid=48x48x1 block=8x8x1 padded=1536x1536x1536; regs=64 smem=2048 blocks/SM=16 occ=0.667,,10,100,0.661504,0.621568,0.030747,GFLOP/s,10956.482972136222,1800,28.31% of FP32 peak at median clock,,err/bound=0.00343,model: pred_ms=0.3449 waves=2 resident=16 bound=smem fma_step=64 lds_step=128 latency_exposed=0
572f506,23.1.2,13.3,NVIDIA RTX A6000,24153819,2026-09-27T04:28:06-07:00,mbr,1536x1536x1536,f32,"tforge-gpu-pipeline{block-tile=32,32 thread-tile=4,4 tile-k=16 promote=1 vectorize=1}",b32x32-t4x4-k16; grid=48x48x1 block=8x8x1 padded=1536x1536x1536; regs=62 smem=4096 blocks/SM=16 occ=0.667,,10,100,0.60928,0.579328,0.032244,GFLOP/s,11895.610084033613,1800,30.73% of FP32 peak at median clock,,err/bound=0.00343,model: pred_ms=0.3449 waves=2 resident=16 bound=smem fma_step=128 lds_step=256 latency_exposed=0
572f506,23.1.2,13.3,NVIDIA RTX A6000,24153819,2026-09-27T04:28:06-07:00,mbr,1536x1536x1536,f32,"tforge-gpu-pipeline{block-tile=32,32 thread-tile=4,4 tile-k=32 promote=1 vectorize=1}",b32x32-t4x4-k32; grid=48x48x1 block=8x8x1 padded=1536x1536x1536; regs=80 smem=8192 blocks/SM=11 occ=0.458,,10,100,0.586752,0.551936,0.032546,GFLOP/s,12352.33507853403,1800,31.91% of FP32 peak at median clock,,err/bound=0.00343,model: pred_ms=0.3557 waves=3 resident=11 bound=smem fma_step=256 lds_step=512 latency_exposed=0
572f506,23.1.2,13.3,NVIDIA RTX A6000,24153819,2026-09-27T04:28:06-07:00,mbr,1536x1536x1536,f32,"tforge-gpu-pipeline{block-tile=32,32 thread-tile=8,4 tile-k=8 promote=1 vectorize=1}",b32x32-t8x4-k8; grid=48x48x1 block=8x4x1 padded=1536x1536x1536; regs=106 smem=2048 blocks/SM=16 occ=0.333,,10,100,0.594944,0.543744,0.029726,GFLOP/s,12182.251290877797,1800,31.47% of FP32 peak at median clock,,err/bound=0.00343,model: pred_ms=0.2587 waves=2 resident=16 bound=smem fma_step=64 lds_step=96 latency_exposed=0
572f506,23.1.2,13.3,NVIDIA RTX A6000,24153819,2026-09-27T04:28:06-07:00,mbr,1536x1536x1536,f32,"tforge-gpu-pipeline{block-tile=32,32 thread-tile=8,4 tile-k=16 promote=1 vectorize=1}",b32x32-t8x4-k16; grid=48x48x1 block=8x4x1 padded=1536x1536x1536; regs=108 smem=4096 blocks/SM=16 occ=0.333,,10,100,0.531456,0.4864,0.029019,GFLOP/s,13637.549132947977,1800,35.23% of FP32 peak at median clock,,err/bound=0.00343,model: pred_ms=0.2587 waves=2 resident=16 bound=smem fma_step=128 lds_step=192 latency_exposed=0
572f506,23.1.2,13.3,NVIDIA RTX A6000,24153819,2026-09-27T04:28:06-07:00,mbr,1536x1536x1536,f32,"tforge-gpu-pipeline{block-tile=32,32 thread-tile=8,4 tile-k=32 promote=1 vectorize=1}",b32x32-t8x4-k32; grid=48x48x1 block=8x4x1 padded=1536x1536x1536; regs=118 smem=8192 blocks/SM=11 occ=0.229,,10,100,0.476112,0.470944,0.029622,GFLOP/s,15222.799072487147,1800,39.33% of FP32 peak at median clock,,err/bound=0.00343,model: pred_ms=0.2668 waves=3 resident=11 bound=smem fma_step=256 lds_step=384 latency_exposed=0
572f506,23.1.2,13.3,NVIDIA RTX A6000,24153819,2026-09-27T04:28:06-07:00,mbr,1536x1536x1536,f32,"tforge-gpu-pipeline{block-tile=32,32 thread-tile=4,8 tile-k=8 promote=1 vectorize=1}",b32x32-t4x8-k8; grid=48x48x1 block=4x8x1 padded=1536x1536x1536; regs=104 smem=2048 blocks/SM=16 occ=0.333,,10,100,0.666576,0.66032,0.02484,GFLOP/s,10873.114711600778,1800,28.09% of FP32 peak at median clock,,err/bound=0.00343,model: pred_ms=0.2587 waves=2 resident=16 bound=smem fma_step=64 lds_step=96 latency_exposed=0
572f506,23.1.2,13.3,NVIDIA RTX A6000,24153819,2026-09-27T04:28:06-07:00,mbr,1536x1536x1536,f32,"tforge-gpu-pipeline{block-tile=32,32 thread-tile=4,8 tile-k=16 promote=1 vectorize=1}",b32x32-t4x8-k16; grid=48x48x1 block=4x8x1 padded=1536x1536x1536; regs=106 smem=4096 blocks/SM=16 occ=0.333,,10,100,0.64152,0.598016,0.0253,GFLOP/s,11297.788552188553,1800,29.19% of FP32 peak at median clock,,err/bound=0.00343,model: pred_ms=0.2587 waves=2 resident=16 bound=smem fma_step=128 lds_step=192 latency_exposed=0
572f506,23.1.2,13.3,NVIDIA RTX A6000,24153819,2026-09-27T04:28:06-07:00,mbr,1536x1536x1536,f32,"tforge-gpu-pipeline{block-tile=32,32 thread-tile=4,8 tile-k=32 promote=1 vectorize=1}",b32x32-t4x8-k32; grid=48x48x1 block=4x8x1 padded=1536x1536x1536; regs=126 smem=8192 blocks/SM=11 occ=0.229,,10,100,0.595904,0.5632,0.030358,GFLOP/s,12162.625711524004,1800,31.42% of FP32 peak at median clock,,err/bound=0.00343,model: pred_ms=0.2668 waves=3 resident=11 bound=smem fma_step=256 lds_step=384 latency_exposed=0
572f506,23.1.2,13.3,NVIDIA RTX A6000,24153819,2026-09-27T04:28:06-07:00,mbr,1536x1536x1536,f32,"tforge-gpu-pipeline{block-tile=32,64 thread-tile=4,4 tile-k=8 promote=1 vectorize=1}",b32x64-t4x4-k8; grid=24x48x1 block=16x8x1 padded=1536x1536x1536; regs=64 smem=3072 blocks/SM=8 occ=0.667,,10,100,0.5468,0.525568,0.036172,GFLOP/s,13254.859751280175,1800,34.24% of FP32 peak at median clock,,err/bound=0.00343,model: pred_ms=0.3449 waves=2 resident=8 bound=smem fma_step=128 lds_step=256 latency_exposed=0
572f506,23.1.2,13.3,NVIDIA RTX A6000,24153819,2026-09-27T04:28:06-07:00,mbr,1536x1536x1536,f32,"tforge-gpu-pipeline{block-tile=32,64 thread-tile=4,4 tile-k=16 promote=1 vectorize=1}",b32x64-t4x4-k16; grid=24x48x1 block=16x8x1 padded=1536x1536x1536; regs=63 smem=6144 blocks/SM=8 occ=0.667,,10,100,0.458672,0.453632,0.030363,GFLOP/s,15801.612725433424,1800,40.82% of FP32 peak at median clock,,err/bound=0.00343,model: pred_ms=0.3449 waves=2 resident=8 bound=smem fma_step=256 lds_step=512 latency_exposed=0
572f506,23.1.2,13.3,NVIDIA RTX A6000,24153819,2026-09-27T04:28:06-07:00,mbr,1536x1536x1536,f32,"tforge-gpu-pipeline{block-tile=32,64 thread-tile=4,4 tile-k=32 promote=1 vectorize=1}",b32x64-t4x4-k32; grid=24x48x1 block=16x8x1 padded=1536x1536x1536; regs=70 smem=12288 blocks/SM=7 occ=0.583,,10,100,0.487488,0.45056,0.027685,GFLOP/s,14867.560456872785,1800,38.41% of FP32 peak at median clock,,err/bound=0.00343,model: pred_ms=0.3018 waves=2 resident=7 bound=smem fma_step=512 lds_step=1024 latency_exposed=0
572f506,23.1.2,13.3,NVIDIA RTX A6000,24153819,2026-09-27T04:28:06-07:00,mbr,1536x1536x1536,f32,"tforge-gpu-pipeline{block-tile=32,64 thread-tile=8,4 tile-k=8 promote=1 vectorize=1}",b32x64-t8x4-k8; grid=24x48x1 block=16x4x1 padded=1536x1536x1536; regs=96 smem=3072 blocks/SM=10 occ=0.417,,10,100,0.406528,0.400384,0.014491,GFLOP/s,17828.43324937028,1800,46.06% of FP32 peak at median clock,,err/bound=0.00343,model: pred_ms=0.3234 waves=2 resident=10 bound=smem fma_step=128 lds_step=192 latency_exposed=0
572f506,23.1.2,13.3,NVIDIA RTX A6000,24153819,2026-09-27T04:28:06-07:00,mbr,1536x1536x1536,f32,"tforge-gpu-pipeline{block-tile=32,64 thread-tile=8,4 tile-k=16 promote=1 vectorize=1}",b32x64-t8x4-k16; grid=24x48x1 block=16x4x1 padded=1536x1536x1536; regs=94 smem=6144 blocks/SM=10 occ=0.417,,10,100,0.394144,0.389056,0.016014,GFLOP/s,18388.602419420313,1800,47.51% of FP32 peak at median clock,,err/bound=0.00343,model: pred_ms=0.3234 waves=2 resident=10 bound=smem fma_step=256 lds_step=384 latency_exposed=0
572f506,23.1.2,13.3,NVIDIA RTX A6000,24153819,2026-09-27T04:28:06-07:00,mbr,1536x1536x1536,f32,"tforge-gpu-pipeline{block-tile=32,64 thread-tile=8,4 tile-k=32 promote=1 vectorize=1}",b32x64-t8x4-k32; grid=24x48x1 block=16x4x1 padded=1536x1536x1536; regs=108 smem=12288 blocks/SM=7 occ=0.292,,10,100,0.392192,0.388096,0.027512,GFLOP/s,18480.12532637076,1800,47.74% of FP32 peak at median clock,,err/bound=0.00343,model: pred_ms=0.2264 waves=2 resident=7 bound=smem fma_step=512 lds_step=768 latency_exposed=0
572f506,23.1.2,13.3,NVIDIA RTX A6000,24153819,2026-09-27T04:28:06-07:00,mbr,1536x1536x1536,f32,"tforge-gpu-pipeline{block-tile=32,64 thread-tile=4,8 tile-k=8 promote=1 vectorize=1}",b32x64-t4x8-k8; grid=24x48x1 block=8x8x1 padded=1536x1536x1536; regs=80 smem=3072 blocks/SM=12 occ=0.5,,10,100,0.661632,0.658432,0.015913,GFLOP/s,10954.363319791062,1800,28.30% of FP32 peak at median clock,,err/bound=0.00343,model: pred_ms=0.3880 waves=2 resident=12 bound=smem fma_step=128 lds_step=192 latency_exposed=0
572f506,23.1.2,13.3,NVIDIA RTX A6000,24153819,2026-09-27T04:28:06-07:00,mbr,1536x1536x1536,f32,"tforge-gpu-pipeline{block-tile=32,64 thread-tile=4,8 tile-k=16 promote=1 vectorize=1}",b32x64-t4x8-k16; grid=24x48x1 block=8x8x1 padded=1536x1536x1536; regs=80 smem=6144 blocks/SM=12 occ=0.5,,10,100,0.637952,0.63152,0.017414,GFLOP/s,11360.975922953452,1800,29.35% of FP32 peak at median clock,,err/bound=0.00343,model: pred_ms=0.3880 waves=2 resident=12 bound=smem fma_step=256 lds_step=384 latency_exposed=0
572f506,23.1.2,13.3,NVIDIA RTX A6000,24153819,2026-09-27T04:28:06-07:00,mbr,1536x1536x1536,f32,"tforge-gpu-pipeline{block-tile=32,64 thread-tile=4,8 tile-k=32 promote=1 vectorize=1}",b32x64-t4x8-k32; grid=24x48x1 block=8x8x1 padded=1536x1536x1536; regs=114 smem=12288 blocks/SM=7 occ=0.292,,10,100,0.6216,0.60928,0.021028,GFLOP/s,11659.841235521235,1800,30.12% of FP32 peak at median clock,,err/bound=0.00343,model: pred_ms=0.2264 waves=2 resident=7 bound=smem fma_step=512 lds_step=768 latency_exposed=0
572f506,23.1.2,13.3,NVIDIA RTX A6000,24153819,2026-09-27T04:28:06-07:00,mbr,1536x1536x1536,f32,"tforge-gpu-pipeline{block-tile=32,64 thread-tile=8,8 tile-k=8 promote=1 vectorize=1}",b32x64-t8x8-k8; grid=24x48x1 block=8x4x1 padded=1536x1536x1536; regs=128 smem=3072 blocks/SM=16 occ=0.333,,10,100,0.529872,0.500736,0.017554,GFLOP/s,13678.317238880332,1800,35.34% of FP32 peak at median clock,,err/bound=0.00343,model: pred_ms=0.1509 waves=1 resident=14 bound=fma fma_step=128 lds_step=128 latency_exposed=0
572f506,23.1.2,13.3,NVIDIA RTX A6000,24153819,2026-09-27T04:28:06-07:00,mbr,1536x1536x1536,f32,"tforge-gpu-pipeline{block-tile=32,64 thread-tile=8,8 tile-k=16 promote=1 vectorize=1}",b32x64-t8x8-k16; grid=24x48x1 block=8x4x1 padded=1536x1536x1536; regs=128 smem=6144 blocks/SM=14 occ=0.292,,10,100,0.515072,0.499712,0.017277,GFLOP/s,14071.347912524852,1800,36.35% of FP32 peak at median clock,,err/bound=0.00343,model: pred_ms=0.1509 waves=1 resident=14 bound=fma fma_step=256 lds_step=256 latency_exposed=0
572f506,23.1.2,13.3,NVIDIA RTX A6000,24153819,2026-09-27T04:28:06-07:00,mbr,1536x1536x1536,f32,"tforge-gpu-pipeline{block-tile=32,64 thread-tile=8,8 tile-k=32 promote=1 vectorize=1}",b32x64-t8x8-k32; grid=24x48x1 block=8x4x1 padded=1536x1536x1536; regs=178 smem=12288 blocks/SM=7 occ=0.146,,10,100,0.458752,0.454624,0.02338,GFLOP/s,15798.857142857143,1800,40.82% of FP32 peak at median clock,,err/bound=0.00343,model: pred_ms=0.1509 waves=2 resident=7 bound=fma fma_step=512 lds_step=512 latency_exposed=0
572f506,23.1.2,13.3,NVIDIA RTX A6000,24153819,2026-09-27T04:28:06-07:00,mbr,1536x1536x1536,f32,"tforge-gpu-pipeline{block-tile=32,128 thread-tile=4,4 tile-k=8 promote=1 vectorize=1}",b32x128-t4x4-k8; grid=12x48x1 block=32x8x1 padded=1536x1536x1536; regs=60 smem=5120 blocks/SM=4 occ=0.667,,10,100,0.525312,0.493568,0.018801,GFLOP/s,13797.052631578947,1800,35.64% of FP32 peak at median clock,,err/bound=0.00343,model: pred_ms=0.3449 waves=2 resident=4 bound=smem fma_step=256 lds_step=512 latency_exposed=0
572f506,23.1.2,13.3,NVIDIA RTX A6000,24153819,2026-09-27T04:28:06-07:00,mbr,1536x1536x1536,f32,"tforge-gpu-pipeline{block-tile=32,128 thread-tile=4,4 tile-k=16 promote=1 vectorize=1}",b32x128-t4x4-k16; grid=12x48x1 block=32x8x1 padded=1536x1536x1536; regs=62 smem=10240 blocks/SM=4 occ=0.667,,10,100,0.464384,0.458752,0.022355,GFLOP/s,15607.250275633956,1800,40.32% of FP32 peak at median clock,,err/bound=0.00343,model: pred_ms=0.3449 waves=2 resident=4 bound=smem fma_step=512 lds_step=1024 latency_exposed=0
572f506,23.1.2,13.3,NVIDIA RTX A6000,24153819,2026-09-27T04:28:06-07:00,mbr,1536x1536x1536,f32,"tforge-gpu-pipeline{block-tile=32,128 thread-tile=4,4 tile-k=32 promote=1 vectorize=1}",b32x128-t4x4-k32; grid=12x48x1 block=32x8x1 padded=1536x1536x1536; regs=66 smem=20480 blocks/SM=3 occ=0.5,,10,100,0.458752,0.455584,0.028666,GFLOP/s,15798.857142857143,1800,40.82% of FP32 peak at median clock,,err/bound=0.00343,model: pred_ms=0.3880 waves=3 resident=3 bound=smem fma_step=1024 lds_step=2048 latency_exposed=0
572f506,23.1.2,13.3,NVIDIA RTX A6000,24153819,2026-09-27T04:28:06-07:00,mbr,1536x1536x1536,f32,"tforge-gpu-pipeline{block-tile=32,128 thread-tile=8,4 tile-k=8 promote=1 vectorize=1}",b32x128-t8x4-k8; grid=12x48x1 block=32x4x1 padded=1536x1536x1536; regs=86 smem=5120 blocks/SM=5 occ=0.417,,10,100,0.485296,0.43344,0.027567,GFLOP/s,14934.714714318683,1800,38.58% of FP32 peak at median clock,,err/bound=0.00343,model: pred_ms=0.3234 waves=2 resident=5 bound=smem fma_step=256 lds_step=384 latency_exposed=0
572f506,23.1.2,13.3,NVIDIA RTX A6000,24153819,2026-09-27T04:28:06-07:00,mbr,1536x1536x1536,f32,"tforge-gpu-pipeline{block-tile=32,128 thread-tile=8,4 tile-k=16 promote=1 vectorize=1}",b32x128-t8x4-k16; grid=12x48x1 block=32x4x1 padded=1536x1536x1536; regs=91 smem=10240 blocks/SM=5 occ=0.417,,10,100,0.371712,0.364544,0.015676,GFLOP/s,19498.314049586777,1800,50.37% of FP32 peak at median clock,,err/bound=0.00343,model: pred_ms=0.3234 waves=2 resident=5 bound=smem fma_step=512 lds_step=768 latency_exposed=0
572f506,23.1.2,13.3,NVIDIA RTX A6000,24153819,2026-09-27T04:28:06-07:00,mbr,1536x1536x1536,f32,"tforge-gpu-pipeline{block-tile=32,128 thread-tile=8,4 tile-k=32 promote=1 vectorize=1}",b32x128-t8x4-k32; grid=12x48x1 block=32x4x1 padded=1536x1536x1536; regs=106 smem=20480 blocks/SM=4 occ=0.333,,10,100,0.397312,0.377568,0.014136,GFLOP/s,18241.9793814433,1800,47.13% of FP32 peak at median clock,,err/bound=0.00343,model: pred_ms=0.2587 waves=2 resident=4 bound=smem fma_step=1024 lds_step=1536 latency_exposed=0
572f506,23.1.2,13.3,NVIDIA RTX A6000,24153819,2026-09-27T04:28:06-07:00,mbr,1536x1536x1536,f32,"tforge-gpu-pipeline{block-tile=32,128 thread-tile=4,8 tile-k=8 promote=1 vectorize=1}",b32x128-t4x8-k8; grid=12x48x1 block=16x8x1 padded=1536x1536x1536; regs=80 smem=5120 blocks/SM=6 occ=0.5,,10,100,0.680944,0.667648,0.014501,GFLOP/s,10643.690688221057,1800,27.50% of FP32 peak at median clock,,err/bound=0.00343,model: pred_ms=0.3880 waves=2 resident=6 bound=smem fma_step=256 lds_step=384 latency_exposed=0
572f506,23.1.2,13.3,NVIDIA RTX A6000,24153819,2026-09-27T04:28:06-07:00,mbr,1536x1536x1536,f32,"tforge-gpu-pipeline{block-tile=32,128 thread-tile=4,8 tile-k=16 promote=1 vectorize=1}",b32x128-t4x8-k16; grid=12x48x1 block=16x8x1 padded=1536x1536x1536; regs=80 smem=10240 blocks/SM=6 occ=0.5,,10,100,0.595968,0.550912,0.025934,GFLOP/s,12161.319587628863,1860,30.41% of FP32 peak at median clock,,err/bound=0.00343,model: pred_ms=0.3880 waves=2 resident=6 bound=smem fma_step=512 lds_step=768 latency_exposed=0
572f506,23.1.2,13.3,NVIDIA RTX A6000,24153819,2026-09-27T04:28:06-07:00,mbr,1536x1536x1536,f32,"tforge-gpu-pipeline{block-tile=32,128 thread-tile=4,8 tile-k=32 promote=1 vectorize=1}",b32x128-t4x8-k32; grid=12x48x1 block=16x8x1 padded=1536x1536x1536; regs=104 smem=20480 blocks/SM=4 occ=0.333,,10,100,0.579552,0.54352,0.022009,GFLOP/s,12505.79294351499,1860,31.27% of FP32 peak at median clock,,err/bound=0.00343,model: pred_ms=0.2587 waves=2 resident=4 bound=smem fma_step=1024 lds_step=1536 latency_exposed=0
572f506,23.1.2,13.3,NVIDIA RTX A6000,24153819,2026-09-27T04:28:06-07:00,mbr,1536x1536x1536,f32,"tforge-gpu-pipeline{block-tile=32,128 thread-tile=8,8 tile-k=8 promote=1 vectorize=1}",b32x128-t8x8-k8; grid=12x48x1 block=16x4x1 padded=1536x1536x1536; regs=128 smem=5120 blocks/SM=8 occ=0.333,,10,100,0.453584,0.431904,0.016522,GFLOP/s,15978.864580761227,1800,41.28% of FP32 peak at median clock,,err/bound=0.00343,model: pred_ms=0.1509 waves=1 resident=7 bound=fma fma_step=256 lds_step=256 latency_exposed=0
572f506,23.1.2,13.3,NVIDIA RTX A6000,24153819,2026-09-27T04:28:06-07:00,mbr,1536x1536x1536,f32,"tforge-gpu-pipeline{block-tile=32,128 thread-tile=8,8 tile-k=16 promote=1 vectorize=1}",b32x128-t8x8-k16; grid=12x48x1 block=16x4x1 padded=1536x1536x1536; regs=128 smem=10240 blocks/SM=8 occ=0.333,,10,100,0.462848,0.443136,0.014985,GFLOP/s,15659.044247787611,1800,40.46% of FP32 peak at median clock,,err/bound=0.00343,model: pred_ms=0.1509 waves=1 resident=7 bound=fma fma_step=512 lds_step=512 latency_exposed=0
572f506,23.1.2,13.3,NVIDIA RTX A6000,24153819,2026-09-27T04:28:06-07:00,mbr,1536x1536x1536,f32,"tforge-gpu-pipeline{block-tile=32,128 thread-tile=8,8 tile-k=32 promote=1 vectorize=1}",b32x128-t8x8-k32; grid=12x48x1 block=16x4x1 padded=1536x1536x1536; regs=162 smem=20480 blocks/SM=4 occ=0.167,,10,100,0.468368,0.461824,0.017905,GFLOP/s,15474.492945717897,1800,39.98% of FP32 peak at median clock,,err/bound=0.00343,model: pred_ms=0.1725 waves=2 resident=4 bound=fma fma_step=1024 lds_step=1024 latency_exposed=0
572f506,23.1.2,13.3,NVIDIA RTX A6000,24153819,2026-09-27T04:28:06-07:00,mbr,1536x1536x1536,f32,"tforge-gpu-pipeline{block-tile=64,32 thread-tile=4,4 tile-k=8 promote=1 vectorize=1}",b64x32-t4x4-k8; grid=48x24x1 block=8x16x1 padded=1536x1536x1536; regs=56 smem=3072 blocks/SM=9 occ=0.75,,10,100,0.625664,0.606208,0.025538,GFLOP/s,11584.104746317511,1800,29.93% of FP32 peak at median clock,,err/bound=0.00343,model: pred_ms=0.3880 waves=2 resident=9 bound=smem fma_step=128 lds_step=256 latency_exposed=0
572f506,23.1.2,13.3,NVIDIA RTX A6000,24153819,2026-09-27T04:28:06-07:00,mbr,1536x1536x1536,f32,"tforge-gpu-pipeline{block-tile=64,32 thread-tile=4,4 tile-k=16 promote=1 vectorize=1}",b64x32-t4x4-k16; grid=48x24x1 block=8x16x1 padded=1536x1536x1536; regs=63 smem=6144 blocks/SM=8 occ=0.667,,10,100,0.581632,0.545792,0.028062,GFLOP/s,12461.070422535211,1800,32.19% of FP32 peak at median clock,,err/bound=0.00343,model: pred_ms=0.3449 waves=2 resident=8 bound=smem fma_step=256 lds_step=512 latency_exposed=0
572f506,23.1.2,13.3,NVIDIA RTX A6000,24153819,2026-09-27T04:28:06-07:00,mbr,1536x1536x1536,f32,"tforge-gpu-pipeline{block-tile=64,32 thread-tile=4,4 tile-k=32 promote=1 vectorize=1}",b64x32-t4x4-k32; grid=48x24x1 block=8x16x1 padded=1536x1536x1536; regs=72 smem=12288 blocks/SM=7 occ=0.583,,10,100,0.540672,0.506752,0.026942,GFLOP/s,13405.090909090908,1800,34.63% of FP32 peak at median clock,,err/bound=0.00343,model: pred_ms=0.3018 waves=2 resident=7 bound=smem fma_step=512 lds_step=1024 latency_exposed=0
572f506,23.1.2,13.3,NVIDIA RTX A6000,24153819,2026-09-27T04:28:06-07:00,mbr,1536x1536x1536,f32,"tforge-gpu-pipeline{block-tile=64,32 thread-tile=8,4 tile-k=8 promote=1 vectorize=1}",b64x32-t8x4-k8; grid=48x24x1 block=8x8x1 padded=1536x1536x1536; regs=96 smem=3072 blocks/SM=10 occ=0.417,,10,100,0.52584,0.501504,0.024309,GFLOP/s,13783.198904609768,1800,35.61% of FP32 peak at median clock,,err/bound=0.00343,model: pred_ms=0.3234 waves=2 resident=10 bound=smem fma_step=128 lds_step=192 latency_exposed=0
572f506,23.1.2,13.3,NVIDIA RTX A6000,24153819,2026-09-27T04:28:06-07:00,mbr,1536x1536x1536,f32,"tforge-gpu-pipeline{block-tile=64,32 thread-tile=8,4 tile-k=16 promote=1 vectorize=1}",b64x32-t8x4-k16; grid=48x24x1 block=8x8x1 padded=1536x1536x1536; regs=94 smem=6144 blocks/SM=10 occ=0.417,,10,100,0.462224,0.457728,0.028422,GFLOP/s,15680.183876215859,1800,40.51% of FP32 peak at median clock,,err/bound=0.00343,model: pred_ms=0.3234 waves=2 resident=10 bound=smem fma_step=256 lds_step=384 latency_exposed=0
572f506,23.1.2,13.3,NVIDIA RTX A6000,24153819,2026-09-27T04:28:06-07:00,mbr,1536x1536x1536,f32,"tforge-gpu-pipeline{block-tile=64,32 thread-tile=8,4 tile-k=32 promote=1 vectorize=1}",b64x32-t8x4-k32; grid=48x24x1 block=8x8x1 padded=1536x1536x1536; regs=108 smem=12288 blocks/SM=7 occ=0.292,,10,100,0.428032,0.422144,0.034266,GFLOP/s,16932.746411483255,1800,43.75% of FP32 peak at median clock,,err/bound=0.00343,model: pred_ms=0.2264 waves=2 resident=7 bound=smem fma_step=512 lds_step=768 latency_exposed=0
572f506,23.1.2,13.3,NVIDIA RTX A6000,24153819,2026-09-27T04:28:06-07:00,mbr,1536x1536x1536,f32,"tforge-gpu-pipeline{block-tile=64,32 thread-tile=4,8 tile-k=8 promote=1 vectorize=1}",b64x32-t4x8-k8; grid=48x24x1 block=4x16x1 padded=1536x1536x1536; regs=79 smem=3072 blocks/SM=12 occ=0.5,,10,100,0.636304,0.627712,0.019283,GFLOP/s,11390.400362091075,1800,29.43% of FP32 peak at median clock,,err/bound=0.00343,model: pred_ms=0.3880 waves=2 resident=12 bound=smem fma_step=128 lds_step=192 latency_exposed=0
572f506,23.1.2,13.3,NVIDIA RTX A6000,24153819,2026-09-27T04:28:06-07:00,mbr,1536x1536x1536,f32,"tforge-gpu-pipeline{block-tile=64,32 thread-tile=4,8 tile-k=16 promote=1 vectorize=1}",b64x32-t4x8-k16; grid=48x24x1 block=4x16x1 padded=1536x1536x1536; regs=80 smem=6144 blocks/SM=12 occ=0.5,,10,100,0.587776,0.567296,0.02011,GFLOP/s,12330.815331010455,1800,31.86% of FP32 peak at median clock,,err/bound=0.00343,model: pred_ms=0.3880 waves=2 resident=12 bound=smem fma_step=256 lds_step=384 latency_exposed=0
572f506,23.1.2,13.3,NVIDIA RTX A6000,24153819,2026-09-27T04:28:06-07:00,mbr,1536x1536x1536,f32,"tforge-gpu-pipeline{block-tile=64,32 thread-tile=4,8 tile-k=32 promote=1 vectorize=1}",b64x32-t4x8-k32; grid=48x24x1 block=4x16x1 padded=1536x1536x1536; regs=112 smem=12288 blocks/SM=7 occ=0.292,,10,100,0.556032,0.531456,0.024683,GFLOP/s,13034.78453038674,1800,33.68% of FP32 peak at median clock,,err/bound=0.00343,model: pred_ms=0.2264 waves=2 resident=7 bound=smem fma_step=512 lds_step=768 latency_exposed=0
572f506,23.1.2,13.3,NVIDIA RTX A6000,24153819,2026-09-27T04:28:06-07:00,mbr,1536x1536x1536,f32,"tforge-gpu-pipeline{block-tile=64,32 thread-tile=8,8 tile-k=8 promote=1 vectorize=1}",b64x32-t8x8-k8; grid=48x24x1 block=4x8x1 padded=1536x1536x1536; regs=128 smem=3072 blocks/SM=16 occ=0.333,,10,100,0.618368,0.591872,0.017098,GFLOP/s,11720.78327468433,1800,30.28% of FP32 peak at median clock,,err/bound=0.00343,model: pred_ms=0.1509 waves=1 resident=14 bound=fma fma_step=128 lds_step=128 latency_exposed=0
572f506,23.1.2,13.3,NVIDIA RTX A6000,24153819,2026-09-27T04:28:06-07:00,mbr,1536x1536x1536,f32,"tforge-gpu-pipeline{block-tile=64,32 thread-tile=8,8 tile-k=16 promote=1 vectorize=1}",b64x32-t8x8-k16; grid=48x24x1 block=4x8x1 padded=1536x1536x1536; regs=128 smem=6144 blocks/SM=14 occ=0.292,,10,100,0.536576,0.527136,0.019698,GFLOP/s,13507.419847328241,1800,34.90% of FP32 peak at median clock,,err/bound=0.00343,model: pred_ms=0.1509 waves=1 resident=14 bound=fma fma_step=256 lds_step=256 latency_exposed=0
572f506,23.1.2,13.3,NVIDIA RTX A6000,24153819,2026-09-27T04:28:06-07:00,mbr,1536x1536x1536,f32,"tforge-gpu-pipeline{block-tile=64,32 thread-tile=8,8 tile-k=32 promote=1 vectorize=1}",b64x32-t8x8-k32; grid=48x24x1 block=4x8x1 padded=1536x1536x1536; regs=178 smem=12288 blocks/SM=7 occ=0.146,,10,100,0.47304,0.467776,0.025218,GFLOP/s,15321.658447488584,1800,39.58% of FP32 peak at median clock,,err/bound=0.00343,model: pred_ms=0.1509 waves=2 resident=7 bound=fma fma_step=512 lds_step=512 latency_exposed=0
572f506,23.1.2,13.3,NVIDIA RTX A6000,24153819,2026-09-27T04:28:06-07:00,mbr,1536x1536x1536,f32,"tforge-gpu-pipeline{block-tile=64,64 thread-tile=4,4 tile-k=8 promote=1 vectorize=1}",b64x64-t4x4-k8; grid=24x24x1 block=16x16x1 padded=1536x1536x1536; regs=64 smem=4096 blocks/SM=4 occ=0.667,,10,100,0.54424,0.528384,0.020979,GFLOP/s,13317.208055269735,1800,34.40% of FP32 peak at median clock,,err/bound=0.00343,model: pred_ms=0.3449 waves=2 resident=4 bound=smem fma_step=256 lds_step=512 latency_exposed=0
572f506,23.1.2,13.3,NVIDIA RTX A6000,24153819,2026-09-27T04:28:06-07:00,mbr,1536x1536x1536,f32,"tforge-gpu-pipeline{block-tile=64,64 thread-tile=4,4 tile-k=16 promote=1 vectorize=1}",b64x64-t4x4-k16; grid=24x24x1 block=16x16x1 padded=1536x1536x1536; regs=61 smem=8192 blocks/SM=4 occ=0.667,,10,100,0.436224,0.434176,0.022267,GFLOP/s,16614.76056338028,1800,42.92% of FP32 peak at median clock,,err/bound=0.00343,model: pred_ms=0.3449 waves=2 resident=4 bound=smem fma_step=512 lds_step=1024 latency_exposed=0
572f506,23.1.2,13.3,NVIDIA RTX A6000,24153819,2026-09-27T04:28:06-07:00,mbr,1536x1536x1536,f32,"tforge-gpu-pipeline{block-tile=64,64 thread-tile=4,4 tile-k=32 promote=1 vectorize=1}",b64x64-t4x4-k32; grid=24x24x1 block=16x16x1 padded=1536x1536x1536; regs=65 smem=16384 blocks/SM=3 occ=0.5,,10,100,0.431136,0.429056,0.027206,GFLOP/s,16810.8376753507,1800,43.43% of FP32 peak at median clock,,err/bound=0.00343,model: pred_ms=0.3880 waves=3 resident=3 bound=smem fma_step=1024 lds_step=2048 latency_exposed=0
572f506,23.1.2,13.3,NVIDIA RTX A6000,24153819,2026-09-27T04:28:06-07:00,mbr,1536x1536x1536,f32,"tforge-gpu-pipeline{block-tile=64,64 thread-tile=8,4 tile-k=8 promote=1 vectorize=1}",b64x64-t8x4-k8; grid=24x24x1 block=16x8x1 padded=1536x1536x1536; regs=96 smem=4096 blocks/SM=5 occ=0.417,,10,100,0.399856,0.396288,0.016882,GFLOP/s,18125.918610699853,1800,46.83% of FP32 peak at median clock,,err/bound=0.00343,model: pred_ms=0.3234 waves=2 resident=5 bound=smem fma_step=256 lds_step=384 latency_exposed=0
572f506,23.1.2,13.3,NVIDIA RTX A6000,24153819,2026-09-27T04:28:06-07:00,mbr,1536x1536x1536,f32,"tforge-gpu-pipeline{block-tile=64,64 thread-tile=8,4 tile-k=16 promote=1 vectorize=1}",b64x64-t8x4-k16; grid=24x24x1 block=16x8x1 padded=1536x1536x1536; regs=92 smem=8192 blocks/SM=5 occ=0.417,,10,100,0.365568,0.362496,0.026113,GFLOP/s,19826.016806722688,1800,51.22% of FP32 peak at median clock,,err/bound=0.00343,model: pred_ms=0.3234 waves=2 resident=5 bound=smem fma_step=512 lds_step=768 latency_exposed=0
572f506,23.1.2,13.3,NVIDIA RTX A6000,24153819,2026-09-27T04:28:06-07:00,mbr,1536x1536x1536,f32,"tforge-gpu-pipeline{block-tile=64,64 thread-tile=8,4 tile-k=32 promote=1 vectorize=1}",b64x64-t8x4-k32; grid=24x24x1 block=16x8x1 padded=1536x1536x1536; regs=94 smem=16384 blocks/SM=5 occ=0.417,,10,100,0.35832,0.355328,0.024101,GFLOP/s,20227.052109845947,1800,52.26% of FP32 peak at median clock,,err/bound=0.00343,model: pred_ms=0.3234 waves=2 resident=5 bound=smem fma_step=1024 lds_step=1536 latency_exposed=0
572f506,23.1.2,13.3,NVIDIA RTX A6000,24153819,2026-09-27T04:28:06-07:00,mbr,1536x1536x1536,f32,"tforge-gpu-pipeline{block-tile=64,64 thread-tile=4,8 tile-k=8 promote=1 vectorize=1}",b64x64-t4x8-k8; grid=24x24x1 block=8x16x1 padded=1536x1536x1536; regs=80 smem=4096 blocks/SM=6 occ=0.5,,10,100,0.707616,0.642048,0.023616,GFLOP/s,10242.50061050061,1800,26.46% of FP32 peak at median clock,,err/bound=0.00343,model: pred_ms=0.3880 waves=2 resident=6 bound=smem fma_step=256 lds_step=384 latency_exposed=0
572f506,23.1.2,13.3,NVIDIA RTX A6000,24153819,2026-09-27T04:28:06-07:00,mbr,1536x1536x1536,f32,"tforge-gpu-pipeline{block-tile=64,64 thread-tile=4,8 tile-k=16 promote=1 vectorize=1}",b64x64-t4x8-k16; grid=24x24x1 block=8x16x1 padded=1536x1536x1536; regs=96 smem=8192 blocks/SM=5 occ=0.417,,10,100,0.604144,0.600064,0.012692,GFLOP/s,11996.738049206811,1800,30.99% of FP32 peak at median clock,,err/bound=0.00343,model: pred_ms=0.3234 waves=2 resident=5 bound=smem fma_step=512 lds_step=768 latency_exposed=0
572f506,23.1.2,13.3,NVIDIA RTX A6000,24153819,2026-09-27T04:28:06-07:00,mbr,1536x1536x1536,f32,"tforge-gpu-pipeline{block-tile=64,64 thread-tile=4,8 tile-k=32 promote=1 vectorize=1}",b64x64-t4x8-k32; grid=24x24x1 block=8x16x1 padded=1536x1536x1536; regs=96 smem=16384 blocks/SM=5 occ=0.417,,10,100,0.583472,0.579584,0.017583,GFLOP/s,12421.7739874407,1800,32.09% of FP32 peak at median clock,,err/bound=0.00343,model: pred_ms=0.3234 waves=2 resident=5 bound=smem fma_step=1024 lds_step=1536 latency_exposed=0
572f506,23.1.2,13.3,NVIDIA RTX A6000,24153819,2026-09-27T04:28:06-07:00,mbr,1536x1536x1536,f32,"tforge-gpu-pipeline{block-tile=64,64 thread-tile=8,8 tile-k=8 promote=1 vectorize=1}",b64x64-t8x8-k8; grid=24x24x1 block=8x8x1 padded=1536x1536x1536; regs=128 smem=4096 blocks/SM=8 occ=0.333,,10,100,0.490896,0.473088,0.016802,GFLOP/s,14764.343795834557,1800,38.14% of FP32 peak at median clock,,err/bound=0.00343,model: pred_ms=0.1509 waves=1 resident=7 bound=fma fma_step=256 lds_step=256 latency_exposed=0
572f506,23.1.2,13.3,NVIDIA RTX A6000,24153819,2026-09-27T04:28:06-07:00,mbr,1536x1536x1536,f32,"tforge-gpu-pipeline{block-tile=64,64 thread-tile=8,8 tile-k=16 promote=1 vectorize=1}",b64x64-t8x8-k16; grid=24x24x1 block=8x8x1 padded=1536x1536x1536; regs=128 smem=8192 blocks/SM=8 occ=0.333,,10,100,0.469952,0.451584,0.016294,GFLOP/s,15422.335285305735,1800,39.84% of FP32 peak at median clock,,err/bound=0.00343,model: pred_ms=0.1509 waves=1 resident=7 bound=fma fma_step=512 lds_step=512 latency_exposed=0
572f506,23.1.2,13.3,NVIDIA RTX A6000,24153819,2026-09-27T04:28:06-07:00,mbr,1536x1536x1536,f32,"tforge-gpu-pipeline{block-tile=64,64 thread-tile=8,8 tile-k=32 promote=1 vectorize=1}",b64x64-t8x8-k32; grid=24x24x1 block=8x8x1 padded=1536x1536x1536; regs=157 smem=16384 blocks/SM=5 occ=0.208,,10,100,0.487936,0.48128,0.02084,GFLOP/s,14853.909758656873,1800,38.38% of FP32 peak at median clock,,err/bound=0.00343,model: pred_ms=0.2156 waves=2 resident=5 bound=fma fma_step=1024 lds_step=1024 latency_exposed=0
572f506,23.1.2,13.3,NVIDIA RTX A6000,24153819,2026-09-27T04:28:06-07:00,mbr,1536x1536x1536,f32,"tforge-gpu-pipeline{block-tile=64,128 thread-tile=4,4 tile-k=8 promote=1 vectorize=1}",b64x128-t4x4-k8; grid=12x24x1 block=32x16x1 padded=1536x1536x1536; regs=64 smem=6144 blocks/SM=2 occ=0.667,,10,100,0.6076,0.59936,0.017486,GFLOP/s,11928.50117182357,1800,30.82% of FP32 peak at median clock,,err/bound=0.00343,model: pred_ms=0.3449 waves=2 resident=2 bound=smem fma_step=512 lds_step=1024 latency_exposed=0
572f506,23.1.2,13.3,NVIDIA RTX A6000,24153819,2026-09-27T04:28:06-07:00,mbr,1536x1536x1536,f32,"tforge-gpu-pipeline{block-tile=64,128 thread-tile=4,4 tile-k=16 promote=1 vectorize=1}",b64x128-t4x4-k16; grid=12x24x1 block=32x16x1 padded=1536x1536x1536; regs=64 smem=12288 blocks/SM=2 occ=0.667,,10,100,0.520192,0.513024,0.013481,GFLOP/s,13932.850393700784,1800,36.00% of FP32 peak at median clock,,err/bound=0.00343,model: pred_ms=0.3449 waves=2 resident=2 bound=smem fma_step=1024 lds_step=2048 latency_exposed=0
572f506,23.1.2,13.3,NVIDIA RTX A6000,24153819,2026-09-27T04:28:06-07:00,mbr,1536x1536x1536,f32,"tforge-gpu-pipeline{block-tile=64,128 thread-tile=4,4 tile-k=32 promote=1 vectorize=1}",b64x128-t4x4-k32; grid=12x24x1 block=32x16x1 padded=1536x1536x1536; regs=64 smem=24576 blocks/SM=2 occ=0.667,,10,100,0.491536,0.485088,0.0134,GFLOP/s,14745.120015624492,1800,38.09% of FP32 peak at median clock,,err/bound=0.00343,model: pred_ms=0.3449 waves=2 resident=2 bound=smem fma_step=2048 lds_step=4096 latency_exposed=0
572f506,23.1.2,13.3,NVIDIA RTX A6000,24153819,2026-09-27T04:28:06-07:00,mbr,1536x1536x1536,f32,"tforge-gpu-pipeline{block-tile=64,128 thread-tile=8,4 tile-k=8 promote=1 vectorize=1}",b64x128-t8x4-k8; grid=12x24x1 block=32x8x1 padded=1536x1536x1536; regs=90 smem=6144 blocks/SM=2 occ=0.333,,10,100,0.462848,0.446464,0.009708,GFLOP/s,15659.044247787611,1800,40.46% of FP32 peak at median clock,,err/bound=0.00343,model: pred_ms=0.2587 waves=2 resident=2 bound=smem fma_step=512 lds_step=768 latency_exposed=0
572f506,23.1.2,13.3,NVIDIA RTX A6000,24153819,2026-09-27T04:28:06-07:00,mbr,1536x1536x1536,f32,"tforge-gpu-pipeline{block-tile=64,128 thread-tile=8,4 tile-k=16 promote=1 vectorize=1}",b64x128-t8x4-k16; grid=12x24x1 block=32x8x1 padded=1536x1536x1536; regs=90 smem=12288 blocks/SM=2 occ=0.333,,10,100,0.407552,0.403456,0.017941,GFLOP/s,17783.638190954774,1800,45.94% of FP32 peak at median clock,,err/bound=0.00343,model: pred_ms=0.2587 waves=2 resident=2 bound=smem fma_step=1024 lds_step=1536 latency_exposed=0
572f506,23.1.2,13.3,NVIDIA RTX A6000,24153819,2026-09-27T04:28:06-07:00,mbr,1536x1536x1536,f32,"tforge-gpu-pipeline{block-tile=64,128 thread-tile=8,4 tile-k=32 promote=1 vectorize=1}",b64x128-t8x4-k32; grid=12x24x1 block=32x8x1 padded=1536x1536x1536; regs=80 smem=24576 blocks/SM=3 occ=0.5,,10,100,0.4012,0.397408,0.008019,GFLOP/s,18065.197686939184,1800,46.67% of FP32 peak at median clock,,err/bound=0.00343,model: pred_ms=0.3880 waves=2 resident=3 bound=smem fma_step=2048 lds_step=3072 latency_exposed=0
572f506,23.1.2,13.3,NVIDIA RTX A6000,24153819,2026-09-27T04:28:06-07:00,mbr,1536x1536x1536,f32,"tforge-gpu-pipeline{block-tile=64,128 thread-tile=4,8 tile-k=8 promote=1 vectorize=1}",b64x128-t4x8-k8; grid=12x24x1 block=16x16x1 padded=1536x1536x1536; regs=80 smem=6144 blocks/SM=3 occ=0.5,,10,100,0.680448,0.672768,0.002927,GFLOP/s,10651.44920993228,1800,27.52% of FP32 peak at median clock,,err/bound=0.00343,model: pred_ms=0.3880 waves=2 resident=3 bound=smem fma_step=512 lds_step=768 latency_exposed=0
572f506,23.1.2,13.3,NVIDIA RTX A6000,24153819,2026-09-27T04:28:06-07:00,mbr,1536x1536x1536,f32,"tforge-gpu-pipeline{block-tile=64,128 thread-tile=4,8 tile-k=16 promote=1 vectorize=1}",b64x128-t4x8-k16; grid=12x24x1 block=16x16x1 padded=1536x1536x1536; regs=80 smem=12288 blocks/SM=3 occ=0.5,,10,100,0.62464,0.621568,0.00494,GFLOP/s,11603.095081967213,1800,29.98% of FP32 peak at median clock,,err/bound=0.00343,model: pred_ms=0.3880 waves=2 resident=3 bound=smem fma_step=1024 lds_step=1536 latency_exposed=0
572f506,23.1.2,13.3,NVIDIA RTX A6000,24153819,2026-09-27T04:28:06-07:00,mbr,1536x1536x1536,f32,"tforge-gpu-pipeline{block-tile=64,128 thread-tile=4,8 tile-k=32 promote=1 vectorize=1}",b64x128-t4x8-k32; grid=12x24x1 block=16x16x1 padded=1536x1536x1536; regs=80 smem=24576 blocks/SM=3 occ=0.5,,10,100,0.61136,0.607232,0.007198,GFLOP/s,11855.138236063858,1800,30.63% of FP32 peak at median clock,,err/bound=0.00343,model: pred_ms=0.3880 waves=2 resident=3 bound=smem fma_step=2048 lds_step=3072 latency_exposed=0
572f506,23.1.2,13.3,NVIDIA RTX A6000,24153819,2026-09-27T04:28:06-07:00,mbr,1536x1536x1536,f32,"tforge-gpu-pipeline{block-tile=64,128 thread-tile=8,8 tile-k=8 promote=1 vectorize=1}",b64x128-t8x8-k8; grid=12x24x1 block=16x8x1 padded=1536x1536x1536; regs=128 smem=6144 blocks/SM=4 occ=0.333,,10,100,0.434176,0.431104,0.007005,GFLOP/s,16693.132075471698,1800,43.13% of FP32 peak at median clock,,err/bound=0.00343,model: pred_ms=0.1725 waves=1 resident=4 bound=fma fma_step=512 lds_step=512 latency_exposed=0
572f506,23.1.2,13.3,NVIDIA RTX A6000,24153819,2026-09-27T04:28:06-07:00,mbr,1536x1536x1536,f32,"tforge-gpu-pipeline{block-tile=64,128 thread-tile=8,8 tile-k=16 promote=1 vectorize=1}",b64x128-t8x8-k16; grid=12x24x1 block=16x8x1 padded=1536x1536x1536; regs=128 smem=12288 blocks/SM=4 occ=0.333,,10,100,0.407552,0.404704,0.018217,GFLOP/s,17783.638190954774,1800,45.94% of FP32 peak at median clock,,err/bound=0.00343,model: pred_ms=0.1725 waves=1 resident=4 bound=fma fma_step=1024 lds_step=1024 latency_exposed=0
572f506,23.1.2,13.3,NVIDIA RTX A6000,24153819,2026-09-27T04:28:06-07:00,mbr,1536x1536x1536,f32,"tforge-gpu-pipeline{block-tile=64,128 thread-tile=8,8 tile-k=32 promote=1 vectorize=1}",b64x128-t8x8-k32; grid=12x24x1 block=16x8x1 padded=1536x1536x1536; regs=127 smem=24576 blocks/SM=4 occ=0.333,,10,100,0.45664,0.449536,0.008968,GFLOP/s,15871.928241065172,1800,41.01% of FP32 peak at median clock,,err/bound=0.00343,model: pred_ms=0.1725 waves=1 resident=4 bound=fma fma_step=2048 lds_step=2048 latency_exposed=0
572f506,23.1.2,13.3,NVIDIA RTX A6000,24153819,2026-09-27T04:28:06-07:00,mbr,1536x1536x1536,f32,"tforge-gpu-pipeline{block-tile=128,32 thread-tile=4,4 tile-k=8 promote=1 vectorize=1}",b128x32-t4x4-k8; grid=48x12x1 block=8x32x1 padded=1536x1536x1536; regs=60 smem=5120 blocks/SM=4 occ=0.667,,10,100,0.627712,0.600064,0.022691,GFLOP/s,11546.309951060357,1800,29.83% of FP32 peak at median clock,,err/bound=0.00343,model: pred_ms=0.3449 waves=2 resident=4 bound=smem fma_step=256 lds_step=512 latency_exposed=0
572f506,23.1.2,13.3,NVIDIA RTX A6000,24153819,2026-09-27T04:28:06-07:00,mbr,1536x1536x1536,f32,"tforge-gpu-pipeline{block-tile=128,32 thread-tile=4,4 tile-k=16 promote=1 vectorize=1}",b128x32-t4x4-k16; grid=48x12x1 block=8x32x1 padded=1536x1536x1536; regs=64 smem=10240 blocks/SM=4 occ=0.667,,10,100,0.572384,0.553056,0.022033,GFLOP/s,12662.403756918431,1800,32.71% of FP32 peak at median clock,,err/bound=0.00343,model: pred_ms=0.3449 waves=2 resident=4 bound=smem fma_step=512 lds_step=1024 latency_exposed=0
572f506,23.1.2,13.3,NVIDIA RTX A6000,24153819,2026-09-27T04:28:06-07:00,mbr,1536x1536x1536,f32,"tforge-gpu-pipeline{block-tile=128,32 thread-tile=4,4 tile-k=32 promote=1 vectorize=1}",b128x32-t4x4-k32; grid=48x12x1 block=8x32x1 padded=1536x1536x1536; regs=66 smem=20480 blocks/SM=3 occ=0.5,,10,100,0.524288,0.5016,0.022687,GFLOP/s,13824.0,1800,35.71% of FP32 peak at median clock,,err/bound=0.00343,model: pred_ms=0.3880 waves=3 resident=3 bound=smem fma_step=1024 lds_step=2048 latency_exposed=0
572f506,23.1.2,13.3,NVIDIA RTX A6000,24153819,2026-09-27T04:28:06-07:00,mbr,1536x1536x1536,f32,"tforge-gpu-pipeline{block-tile=128,32 thread-tile=8,4 tile-k=8 promote=1 vectorize=1}",b128x32-t8x4-k8; grid=48x12x1 block=8x16x1 padded=1536x1536x1536; regs=90 smem=5120 blocks/SM=5 occ=0.417,,10,100,0.538624,0.520192,0.020094,GFLOP/s,13456.0608365019,1800,34.76% of FP32 peak at median clock,,err/bound=0.00343,model: pred_ms=0.3234 waves=2 resident=5 bound=smem fma_step=256 lds_step=384 latency_exposed=0
572f506,23.1.2,13.3,NVIDIA RTX A6000,24153819,2026-09-27T04:28:06-07:00,mbr,1536x1536x1536,f32,"tforge-gpu-pipeline{block-tile=128,32 thread-tile=8,4 tile-k=16 promote=1 vectorize=1}",b128x32-t8x4-k16; grid=48x12x1 block=8x16x1 padded=1536x1536x1536; regs=96 smem=10240 blocks/SM=5 occ=0.417,,10,100,0.44544,0.441344,0.02663,GFLOP/s,16271.006896551722,1800,42.04% of FP32 peak at median clock,,err/bound=0.00343,model: pred_ms=0.3234 waves=2 resident=5 bound=smem fma_step=512 lds_step=768 latency_exposed=0
572f506,23.1.2,13.3,NVIDIA RTX A6000,24153819,2026-09-27T04:28:06-07:00,mbr,1536x1536x1536,f32,"tforge-gpu-pipeline{block-tile=128,32 thread-tile=8,4 tile-k=32 promote=1 vectorize=1}",b128x32-t8x4-k32; grid=48x12x1 block=8x16x1 padded=1536x1536x1536; regs=110 smem=20480 blocks/SM=4 occ=0.333,,10,100,0.418304,0.412672,0.029418,GFLOP/s,17326.531211750305,1800,44.76% of FP32 peak at median clock,,err/bound=0.00343,model: pred_ms=0.2587 waves=2 resident=4 bound=smem fma_step=1024 lds_step=1536 latency_exposed=0
572f506,23.1.2,13.3,NVIDIA RTX A6000,24153819,2026-09-27T04:28:06-07:00,mbr,1536x1536x1536,f32,"tforge-gpu-pipeline{block-tile=128,32 thread-tile=4,8 tile-k=8 promote=1 vectorize=1}",b128x32-t4x8-k8; grid=48x12x1 block=4x32x1 padded=1536x1536x1536; regs=80 smem=5120 blocks/SM=6 occ=0.5,,10,100,0.70656,0.701408,0.014977,GFLOP/s,10257.808695652175,1800,26.50% of FP32 peak at median clock,,err/bound=0.00343,model: pred_ms=0.3880 waves=2 resident=6 bound=smem fma_step=256 lds_step=384 latency_exposed=0
572f506,23.1.2,13.3,NVIDIA RTX A6000,24153819,2026-09-27T04:28:06-07:00,mbr,1536x1536x1536,f32,"tforge-gpu-pipeline{block-tile=128,32 thread-tile=4,8 tile-k=16 promote=1 vectorize=1}",b128x32-t4x8-k16; grid=48x12x1 block=4x32x1 padded=1536x1536x1536; regs=80 smem=10240 blocks/SM=6 occ=0.5,,10,100,0.61184,0.570144,0.025437,GFLOP/s,11845.837656903763,1800,30.60% of FP32 peak at median clock,,err/bound=0.00343,model: pred_ms=0.3880 waves=2 resident=6 bound=smem fma_step=512 lds_step=768 latency_exposed=0
572f506,23.1.2,13.3,NVIDIA RTX A6000,24153819,2026-09-27T04:28:06-07:00,mbr,1536x1536x1536,f32,"tforge-gpu-pipeline{block-tile=128,32 thread-tile=4,8 tile-k=32 promote=1 vectorize=1}",b128x32-t4x8-k32; grid=48x12x1 block=4x32x1 padded=1536x1536x1536; regs=102 smem=20480 blocks/SM=4 occ=0.333,,10,100,0.536544,0.51712,0.021244,GFLOP/s,13508.225442834138,1800,34.90% of FP32 peak at median clock,,err/bound=0.00343,model: pred_ms=0.2587 waves=2 resident=4 bound=smem fma_step=1024 lds_step=1536 latency_exposed=0
572f506,23.1.2,13.3,NVIDIA RTX A6000,24153819,2026-09-27T04:28:06-07:00,mbr,1536x1536x1536,f32,"tforge-gpu-pipeline{block-tile=128,32 thread-tile=8,8 tile-k=8 promote=1 vectorize=1}",b128x32-t8x8-k8; grid=48x12x1 block=4x16x1 padded=1536x1536x1536; regs=128 smem=5120 blocks/SM=8 occ=0.333,,10,100,0.595968,0.575456,0.015597,GFLOP/s,12161.319587628863,1800,31.42% of FP32 peak at median clock,,err/bound=0.00343,model: pred_ms=0.1509 waves=1 resident=7 bound=fma fma_step=256 lds_step=256 latency_exposed=0
572f506,23.1.2,13.3,NVIDIA RTX A6000,24153819,2026-09-27T04:28:06-07:00,mbr,1536x1536x1536,f32,"tforge-gpu-pipeline{block-tile=128,32 thread-tile=8,8 tile-k=16 promote=1 vectorize=1}",b128x32-t8x8-k16; grid=48x12x1 block=4x16x1 padded=1536x1536x1536; regs=127 smem=10240 blocks/SM=8 occ=0.333,,10,100,0.535552,0.520192,0.018017,GFLOP/s,13533.246653919694,1800,34.96% of FP32 peak at median clock,,err/bound=0.00343,model: pred_ms=0.1509 waves=1 resident=7 bound=fma fma_step=512 lds_step=512 latency_exposed=0
572f506,23.1.2,13.3,NVIDIA RTX A6000,24153819,2026-09-27T04:28:06-07:00,mbr,1536x1536x1536,f32,"tforge-gpu-pipeline{block-tile=128,32 thread-tile=8,8 tile-k=32 promote=1 vectorize=1}",b128x32-t8x8-k32; grid=48x12x1 block=4x16x1 padded=1536x1536x1536; regs=162 smem=20480 blocks/SM=4 occ=0.167,,10,100,0.523264,0.51712,0.014301,GFLOP/s,13851.052837573387,1800,35.78% of FP32 peak at median clock,,err/bound=0.00343,model: pred_ms=0.1725 waves=2 resident=4 bound=fma fma_step=1024 lds_step=1024 latency_exposed=0
572f506,23.1.2,13.3,NVIDIA RTX A6000,24153819,2026-09-27T04:28:06-07:00,mbr,1536x1536x1536,f32,"tforge-gpu-pipeline{block-tile=128,64 thread-tile=4,4 tile-k=8 promote=1 vectorize=1}",b128x64-t4x4-k8; grid=24x12x1 block=16x32x1 padded=1536x1536x1536; regs=64 smem=6144 blocks/SM=2 occ=0.667,,10,100,0.633856,0.630784,0.008677,GFLOP/s,11434.390953150241,1800,29.54% of FP32 peak at median clock,,err/bound=0.00343,model: pred_ms=0.3449 waves=2 resident=2 bound=smem fma_step=512 lds_step=1024 latency_exposed=0
572f506,23.1.2,13.3,NVIDIA RTX A6000,24153819,2026-09-27T04:28:06-07:00,mbr,1536x1536x1536,f32,"tforge-gpu-pipeline{block-tile=128,64 thread-tile=4,4 tile-k=16 promote=1 vectorize=1}",b128x64-t4x4-k16; grid=24x12x1 block=16x32x1 padded=1536x1536x1536; regs=60 smem=12288 blocks/SM=2 occ=0.667,,10,100,0.533568,0.521216,0.011154,GFLOP/s,13583.568189996398,1800,35.09% of FP32 peak at median clock,,err/bound=0.00343,model: pred_ms=0.3449 waves=2 resident=2 bound=smem fma_step=1024 lds_step=2048 latency_exposed=0
572f506,23.1.2,13.3,NVIDIA RTX A6000,24153819,2026-09-27T04:28:06-07:00,mbr,1536x1536x1536,f32,"tforge-gpu-pipeline{block-tile=128,64 thread-tile=4,4 tile-k=32 promote=1 vectorize=1}",b128x64-t4x4-k32; grid=24x12x1 block=16x32x1 padded=1536x1536x1536; regs=64 smem=24576 blocks/SM=2 occ=0.667,,10,100,0.480256,0.47616,0.015868,GFLOP/s,15091.445628997868,1800,38.99% of FP32 peak at median clock,,err/bound=0.00343,model: pred_ms=0.3449 waves=2 resident=2 bound=smem fma_step=2048 lds_step=4096 latency_exposed=0
572f506,23.1.2,13.3,NVIDIA RTX A6000,24153819,2026-09-27T04:28:06-07:00,mbr,1536x1536x1536,f32,"tforge-gpu-pipeline{block-tile=128,64 thread-tile=8,4 tile-k=8 promote=1 vectorize=1}",b128x64-t8x4-k8; grid=24x12x1 block=16x16x1 padded=1536x1536x1536; regs=94 smem=6144 blocks/SM=2 occ=0.333,,10,100,0.493568,0.474112,0.009863,GFLOP/s,14684.414937759337,1800,37.94% of FP32 peak at median clock,,err/bound=0.00343,model: pred_ms=0.2587 waves=2 resident=2 bound=smem fma_step=512 lds_step=768 latency_exposed=0
572f506,23.1.2,13.3,NVIDIA RTX A6000,24153819,2026-09-27T04:28:06-07:00,mbr,1536x1536x1536,f32,"tforge-gpu-pipeline{block-tile=128,64 thread-tile=8,4 tile-k=16 promote=1 vectorize=1}",b128x64-t8x4-k16; grid=24x12x1 block=16x16x1 padded=1536x1536x1536; regs=90 smem=12288 blocks/SM=2 occ=0.333,,10,100,0.41224,0.407328,0.017224,GFLOP/s,17581.40236755288,1800,45.42% of FP32 peak at median clock,,err/bound=0.00343,model: pred_ms=0.2587 waves=2 resident=2 bound=smem fma_step=1024 lds_step=1536 latency_exposed=0
572f506,23.1.2,13.3,NVIDIA RTX A6000,24153819,2026-09-27T04:28:06-07:00,mbr,1536x1536x1536,f32,"tforge-gpu-pipeline{block-tile=128,64 thread-tile=8,4 tile-k=32 promote=1 vectorize=1}",b128x64-t8x4-k32; grid=24x12x1 block=16x16x1 padded=1536x1536x1536; regs=102 smem=24576 blocks/SM=2 occ=0.333,,10,100,0.39424,0.391168,0.017193,GFLOP/s,18384.124675324674,1800,47.50% of FP32 peak at median clock,,err/bound=0.00343,model: pred_ms=0.2587 waves=2 resident=2 bound=smem fma_step=2048 lds_step=3072 latency_exposed=0
572f506,23.1.2,13.3,NVIDIA RTX A6000,24153819,2026-09-27T04:28:06-07:00,mbr,1536x1536x1536,f32,"tforge-gpu-pipeline{block-tile=128,64 thread-tile=4,8 tile-k=8 promote=1 vectorize=1}",b128x64-t4x8-k8; grid=24x12x1 block=8x32x1 padded=1536x1536x1536; regs=80 smem=6144 blocks/SM=3 occ=0.5,,10,100,0.751824,0.748544,0.001412,GFLOP/s,9640.231373300132,1800,24.91% of FP32 peak at median clock,,err/bound=0.00343,model: pred_ms=0.3880 waves=2 resident=3 bound=smem fma_step=512 lds_step=768 latency_exposed=0
572f506,23.1.2,13.3,NVIDIA RTX A6000,24153819,2026-09-27T04:28:06-07:00,mbr,1536x1536x1536,f32,"tforge-gpu-pipeline{block-tile=128,64 thread-tile=4,8 tile-k=16 promote=1 vectorize=1}",b128x64-t4x8-k16; grid=24x12x1 block=8x32x1 padded=1536x1536x1536; regs=80 smem=12288 blocks/SM=3 occ=0.5,,10,100,0.689152,0.679936,0.003945,GFLOP/s,10516.921248142646,1800,27.17% of FP32 peak at median clock,,err/bound=0.00343,model: pred_ms=0.3880 waves=2 resident=3 bound=smem fma_step=1024 lds_step=1536 latency_exposed=0
572f506,23.1.2,13.3,NVIDIA RTX A6000,24153819,2026-09-27T04:28:06-07:00,mbr,1536x1536x1536,f32,"tforge-gpu-pipeline{block-tile=128,64 thread-tile=4,8 tile-k=32 promote=1 vectorize=1}",b128x64-t4x8-k32; grid=24x12x1 block=8x32x1 padded=1536x1536x1536; regs=80 smem=24576 blocks/SM=3 occ=0.5,,10,100,0.66304,0.659456,0.003146,GFLOP/s,10931.10115830116,1800,28.24% of FP32 peak at median clock,,err/bound=0.00343,model: pred_ms=0.3880 waves=2 resident=3 bound=smem fma_step=2048 lds_step=3072 latency_exposed=0
572f506,23.1.2,13.3,NVIDIA RTX A6000,24153819,2026-09-27T04:28:06-07:00,mbr,1536x1536x1536,f32,"tforge-gpu-pipeline{block-tile=128,64 thread-tile=8,8 tile-k=8 promote=1 vectorize=1}",b128x64-t8x8-k8; grid=24x12x1 block=8x16x1 padded=1536x1536x1536; regs=128 smem=6144 blocks/SM=4 occ=0.333,,10,100,0.50176,0.487424,0.016072,GFLOP/s,14444.669387755104,1860,36.11% of FP32 peak at median clock,,err/bound=0.00343,model: pred_ms=0.1725 waves=1 resident=4 bound=fma fma_step=512 lds_step=512 latency_exposed=0
572f506,23.1.2,13.3,NVIDIA RTX A6000,24153819,2026-09-27T04:28:06-07:00,mbr,1536x1536x1536,f32,"tforge-gpu-pipeline{block-tile=128,64 thread-tile=8,8 tile-k=16 promote=1 vectorize=1}",b128x64-t8x8-k16; grid=24x12x1 block=8x16x1 padded=1536x1536x1536; regs=128 smem=12288 blocks/SM=4 occ=0.333,,10,100,0.468896,0.451584,0.015231,GFLOP/s,15457.067904183443,1860,38.65% of FP32 peak at median clock,,err/bound=0.00343,model: pred_ms=0.1725 waves=1 resident=4 bound=fma fma_step=1024 lds_step=1024 latency_exposed=0
572f506,23.1.2,13.3,NVIDIA RTX A6000,24153819,2026-09-27T04:28:06-07:00,mbr,1536x1536x1536,f32,"tforge-gpu-pipeline{block-tile=128,64 thread-tile=8,8 tile-k=32 promote=1 vectorize=1}",b128x64-t8x8-k32; grid=24x12x1 block=8x16x1 padded=1536x1536x1536; regs=127 smem=24576 blocks/SM=4 occ=0.333,,10,100,0.479232,0.470016,0.016443,GFLOP/s,15123.692307692307,1800,39.07% of FP32 peak at median clock,,err/bound=0.00343,model: pred_ms=0.1725 waves=1 resident=4 bound=fma fma_step=2048 lds_step=2048 latency_exposed=0
572f506,23.1.2,13.3,NVIDIA RTX A6000,24153819,2026-09-27T04:28:06-07:00,mbr,1536x1536x1536,f32,"tforge-gpu-pipeline{block-tile=128,128 thread-tile=4,4 tile-k=8 promote=1 vectorize=1}",b128x128-t4x4-k8; grid=12x12x1 block=32x32x1 padded=1536x1536x1536; regs=64 smem=8192 blocks/SM=1 occ=0.667,,10,100,0.63488,0.631808,0.001717,GFLOP/s,11415.948387096774,1800,29.49% of FP32 peak at median clock,,err/bound=0.00343,model: pred_ms=0.4460 waves=2 resident=1 bound=smem fma_step=1024 lds_step=2048 latency_exposed=1
572f506,23.1.2,13.3,NVIDIA RTX A6000,24153819,2026-09-27T04:28:06-07:00,mbr,1536x1536x1536,f32,"tforge-gpu-pipeline{block-tile=128,128 thread-tile=4,4 tile-k=16 promote=1 vectorize=1}",b128x128-t4x4-k16; grid=12x12x1 block=32x32x1 padded=1536x1536x1536; regs=64 smem=16384 blocks/SM=1 occ=0.667,,10,100,0.548864,0.54672,0.006575,GFLOP/s,13205.014925373132,1800,34.12% of FP32 peak at median clock,,err/bound=0.00343,model: pred_ms=0.3955 waves=2 resident=1 bound=smem fma_step=2048 lds_step=4096 latency_exposed=1
572f506,23.1.2,13.3,NVIDIA RTX A6000,24153819,2026-09-27T04:28:06-07:00,mbr,1536x1536x1536,f32,"tforge-gpu-pipeline{block-tile=128,128 thread-tile=4,4 tile-k=32 promote=1 vectorize=1}",b128x128-t4x4-k32; grid=12x12x1 block=32x32x1 padded=1536x1536x1536; regs=64 smem=32768 blocks/SM=1 occ=0.667,,10,100,0.498688,0.4976,0.008647,GFLOP/s,14533.650924024638,1800,37.55% of FP32 peak at median clock,,err/bound=0.00343,model: pred_ms=0.3702 waves=2 resident=1 bound=smem fma_step=4096 lds_step=8192 latency_exposed=1
572f506,23.1.2,13.3,NVIDIA RTX A6000,24153819,2026-09-27T04:28:06-07:00,mbr,1536x1536x1536,f32,"tforge-gpu-pipeline{block-tile=128,128 thread-tile=8,4 tile-k=8 promote=1 vectorize=1}",b128x128-t8x4-k8; grid=12x12x1 block=32x16x1 padded=1536x1536x1536; regs=94 smem=8192 blocks/SM=1 occ=0.333,,10,100,0.581488,0.579392,0.001515,GFLOP/s,12464.156288693834,1800,32.20% of FP32 peak at median clock,,err/bound=0.00343,model: pred_ms=0.3597 waves=2 resident=1 bound=smem fma_step=1024 lds_step=1536 latency_exposed=1
572f506,23.1.2,13.3,NVIDIA RTX A6000,24153819,2026-09-27T04:28:06-07:00,mbr,1536x1536x1536,f32,"tforge-gpu-pipeline{block-tile=128,128 thread-tile=8,4 tile-k=16 promote=1 vectorize=1}",b128x128-t8x4-k16; grid=12x12x1 block=32x16x1 padded=1536x1536x1536; regs=96 smem=16384 blocks/SM=1 occ=0.333,,10,100,0.48024,0.477184,0.003084,GFLOP/s,15091.948425787108,1800,38.99% of FP32 peak at median clock,,err/bound=0.00343,model: pred_ms=0.3092 waves=2 resident=1 bound=smem fma_step=2048 lds_step=3072 latency_exposed=1
572f506,23.1.2,13.3,NVIDIA RTX A6000,24153819,2026-09-27T04:28:06-07:00,mbr,1536x1536x1536,f32,"tforge-gpu-pipeline{block-tile=128,128 thread-tile=8,4 tile-k=32 promote=1 vectorize=1}",b128x128-t8x4-k32; grid=12x12x1 block=32x16x1 padded=1536x1536x1536; regs=96 smem=32768 blocks/SM=1 occ=0.333,,10,100,0.427008,0.42496,0.01129,GFLOP/s,16973.35251798561,1800,43.85% of FP32 peak at median clock,,err/bound=0.00343,model: pred_ms=0.2840 waves=2 resident=1 bound=smem fma_step=4096 lds_step=6144 latency_exposed=1
572f506,23.1.2,13.3,NVIDIA RTX A6000,24153819,2026-09-27T04:28:06-07:00,mbr,1536x1536x1536,f32,"tforge-gpu-pipeline{block-tile=128,128 thread-tile=4,8 tile-k=8 promote=1 vectorize=1}",b128x128-t4x8-k8; grid=12x12x1 block=16x32x1 padded=1536x1536x1536; regs=88 smem=8192 blocks/SM=1 occ=0.333,,10,100,0.806704,0.802816,0.001752,GFLOP/s,8984.407306769273,1800,23.21% of FP32 peak at median clock,,err/bound=0.00343,model: pred_ms=0.3597 waves=2 resident=1 bound=smem fma_step=1024 lds_step=1536 latency_exposed=1
572f506,23.1.2,13.3,NVIDIA RTX A6000,24153819,2026-09-27T04:28:06-07:00,mbr,1536x1536x1536,f32,"tforge-gpu-pipeline{block-tile=128,128 thread-tile=4,8 tile-k=16 promote=1 vectorize=1}",b128x128-t4x8-k16; grid=12x12x1 block=16x32x1 padded=1536x1536x1536; regs=94 smem=16384 blocks/SM=1 occ=0.333,,10,100,0.649216,0.645984,0.008346,GFLOP/s,11163.86119873817,1905,27.25% of FP32 peak at median clock,,err/bound=0.00343,model: pred_ms=0.3092 waves=2 resident=1 bound=smem fma_step=2048 lds_step=3072 latency_exposed=1
572f506,23.1.2,13.3,NVIDIA RTX A6000,24153819,2026-09-27T04:28:06-07:00,mbr,1536x1536x1536,f32,"tforge-gpu-pipeline{block-tile=128,128 thread-tile=4,8 tile-k=32 promote=1 vectorize=1}",b128x128-t4x8-k32; grid=12x12x1 block=16x32x1 padded=1536x1536x1536; regs=100 smem=32768 blocks/SM=1 occ=0.333,,10,100,0.62136,0.617184,0.007421,GFLOP/s,11664.344843568946,1905,28.47% of FP32 peak at median clock,,err/bound=0.00343,model: pred_ms=0.2840 waves=2 resident=1 bound=smem fma_step=4096 lds_step=6144 latency_exposed=1
572f506,23.1.2,13.3,NVIDIA RTX A6000,24153819,2026-09-27T04:28:06-07:00,mbr,1536x1536x1536,f32,"tforge-gpu-pipeline{block-tile=128,128 thread-tile=8,8 tile-k=8 promote=1 vectorize=1}",b128x128-t8x8-k8; grid=12x12x1 block=16x16x1 padded=1536x1536x1536; regs=128 smem=8192 blocks/SM=2 occ=0.333,,10,100,0.469872,0.464896,0.005741,GFLOP/s,15424.961078761875,1800,39.85% of FP32 peak at median clock,,err/bound=0.00343,model: pred_ms=0.1725 waves=1 resident=2 bound=fma fma_step=1024 lds_step=1024 latency_exposed=0
572f506,23.1.2,13.3,NVIDIA RTX A6000,24153819,2026-09-27T04:28:06-07:00,mbr,1536x1536x1536,f32,"tforge-gpu-pipeline{block-tile=128,128 thread-tile=8,8 tile-k=16 promote=1 vectorize=1}",b128x128-t8x8-k16; grid=12x12x1 block=16x16x1 padded=1536x1536x1536; regs=128 smem=16384 blocks/SM=2 occ=0.333,,10,100,0.441776,0.436224,0.008823,GFLOP/s,16405.955307667235,1800,42.38% of FP32 peak at median clock,,err/bound=0.00343,model: pred_ms=0.1725 waves=1 resident=2 bound=fma fma_step=2048 lds_step=2048 latency_exposed=0
572f506,23.1.2,13.3,NVIDIA RTX A6000,24153819,2026-09-27T04:28:06-07:00,mbr,1536x1536x1536,f32,"tforge-gpu-pipeline{block-tile=128,128 thread-tile=8,8 tile-k=32 promote=1 vectorize=1}",b128x128-t8x8-k32; grid=12x12x1 block=16x16x1 padded=1536x1536x1536; regs=128 smem=32768 blocks/SM=2 occ=0.333,,10,100,0.420336,0.41472,0.007963,GFLOP/s,17242.77081192189,1800,44.55% of FP32 peak at median clock,,err/bound=0.00343,model: pred_ms=0.1725 waves=1 resident=2 bound=fma fma_step=4096 lds_step=4096 latency_exposed=0
572f506,23.1.2,13.3,NVIDIA RTX A6000,24153819,2026-09-27T04:28:06-07:00,mbr,2560x2560x2560,f32,"tforge-gpu-pipeline{block-tile=32,32 thread-tile=4,4 tile-k=8 promote=1 vectorize=1}",b32x32-t4x4-k8; grid=80x80x1 block=8x8x1 padded=2560x2560x2560; regs=64 smem=2048 blocks/SM=16 occ=0.667,,10,100,3.2512,3.074048,0.049733,GFLOP/s,10320.629921259842,1800,26.66% of FP32 peak at median clock,,err/bound=0.00193,model: pred_ms=1.4372 waves=5 resident=16 bound=smem fma_step=64 lds_step=128 latency_exposed=0
572f506,23.1.2,13.3,NVIDIA RTX A6000,24153819,2026-09-27T04:28:06-07:00,mbr,2560x2560x2560,f32,"tforge-gpu-pipeline{block-tile=32,32 thread-tile=4,4 tile-k=16 promote=1 vectorize=1}",b32x32-t4x4-k16; grid=80x80x1 block=8x8x1 padded=2560x2560x2560; regs=62 smem=4096 blocks/SM=16 occ=0.667,,10,100,3.088384,2.688,0.055455,GFLOP/s,10864.72148541114,1920,26.31% of FP32 peak at median clock,,err/bound=0.00193,model: pred_ms=1.4372 waves=5 resident=16 bound=smem fma_step=128 lds_step=256 latency_exposed=0
572f506,23.1.2,13.3,NVIDIA RTX A6000,24153819,2026-09-27T04:28:06-07:00,mbr,2560x2560x2560,f32,"tforge-gpu-pipeline{block-tile=32,32 thread-tile=4,4 tile-k=32 promote=1 vectorize=1}",b32x32-t4x4-k32; grid=80x80x1 block=8x8x1 padded=2560x2560x2560; regs=78 smem=8192 blocks/SM=11 occ=0.458,,10,100,2.900384,2.484224,0.055902,GFLOP/s,11568.961902975607,1920,28.02% of FP32 peak at median clock,,err/bound=0.00193,model: pred_ms=1.3833 waves=7 resident=11 bound=smem fma_step=256 lds_step=512 latency_exposed=0
572f506,23.1.2,13.3,NVIDIA RTX A6000,24153819,2026-09-27T04:28:06-07:00,mbr,2560x2560x2560,f32,"tforge-gpu-pipeline{block-tile=32,32 thread-tile=8,4 tile-k=8 promote=1 vectorize=1}",b32x32-t8x4-k8; grid=80x80x1 block=8x4x1 padded=2560x2560x2560; regs=106 smem=2048 blocks/SM=16 occ=0.333,,10,100,2.892128,2.743296,0.051523,GFLOP/s,11601.987187289084,1920,28.10% of FP32 peak at median clock,,err/bound=0.00193,model: pred_ms=1.0779 waves=5 resident=16 bound=smem fma_step=64 lds_step=96 latency_exposed=0
572f506,23.1.2,13.3,NVIDIA RTX A6000,24153819,2026-09-27T04:28:06-07:00,mbr,2560x2560x2560,f32,"tforge-gpu-pipeline{block-tile=32,32 thread-tile=8,4 tile-k=16 promote=1 vectorize=1}",b32x32-t8x4-k16; grid=80x80x1 block=8x4x1 padded=2560x2560x2560; regs=108 smem=4096 blocks/SM=16 occ=0.333,,10,100,2.655232,2.33184,0.087348,GFLOP/s,12637.099884303894,1875,31.34% of FP32 peak at median clock,,err/bound=0.00193,model: pred_ms=1.0779 waves=5 resident=16 bound=smem fma_step=128 lds_step=192 latency_exposed=0
572f506,23.1.2,13.3,NVIDIA RTX A6000,24153819,2026-09-27T04:28:06-07:00,mbr,2560x2560x2560,f32,"tforge-gpu-pipeline{block-tile=32,32 thread-tile=8,4 tile-k=32 promote=1 vectorize=1}",b32x32-t8x4-k32; grid=80x80x1 block=8x4x1 padded=2560x2560x2560; regs=118 smem=8192 blocks/SM=11 occ=0.229,,10,100,2.787328,2.55696,0.033707,GFLOP/s,12038.207200587804,1905,29.39% of FP32 peak at median clock,,err/bound=0.00193,model: pred_ms=1.0375 waves=7 resident=11 bound=smem fma_step=256 lds_step=384 latency_exposed=0
572f506,23.1.2,13.3,NVIDIA RTX A6000,24153819,2026-09-27T04:28:06-07:00,mbr,2560x2560x2560,f32,"tforge-gpu-pipeline{block-tile=32,32 thread-tile=4,8 tile-k=8 promote=1 vectorize=1}",b32x32-t4x8-k8; grid=80x80x1 block=4x8x1 padded=2560x2560x2560; regs=104 smem=2048 blocks/SM=16 occ=0.333,,10,100,3.288032,3.223552,0.018552,GFLOP/s,10205.019902482702,1905,24.91% of FP32 peak at median clock,,err/bound=0.00193,model: pred_ms=1.0779 waves=5 resident=16 bound=smem fma_step=64 lds_step=96 latency_exposed=0
572f506,23.1.2,13.3,NVIDIA RTX A6000,24153819,2026-09-27T04:28:06-07:00,mbr,2560x2560x2560,f32,"tforge-gpu-pipeline{block-tile=32,32 thread-tile=4,8 tile-k=16 promote=1 vectorize=1}",b32x32-t4x8-k16; grid=80x80x1 block=4x8x1 padded=2560x2560x2560; regs=106 smem=4096 blocks/SM=16 occ=0.333,,10,100,3.08016,2.823168,0.060314,GFLOP/s,10893.730195833985,1905,26.59% of FP32 peak at median clock,,err/bound=0.00193,model: pred_ms=1.0779 waves=5 resident=16 bound=smem fma_step=128 lds_step=192 latency_exposed=0
572f506,23.1.2,13.3,NVIDIA RTX A6000,24153819,2026-09-27T04:28:06-07:00,mbr,2560x2560x2560,f32,"tforge-gpu-pipeline{block-tile=32,32 thread-tile=4,8 tile-k=32 promote=1 vectorize=1}",b32x32-t4x8-k32; grid=80x80x1 block=4x8x1 padded=2560x2560x2560; regs=126 smem=8192 blocks/SM=11 occ=0.229,,10,100,2.971616,2.69824,0.080547,GFLOP/s,11291.644680873975,1905,27.56% of FP32 peak at median clock,,err/bound=0.00193,model: pred_ms=1.0375 waves=7 resident=11 bound=smem fma_step=256 lds_step=384 latency_exposed=0
572f506,23.1.2,13.3,NVIDIA RTX A6000,24153819,2026-09-27T04:28:06-07:00,mbr,2560x2560x2560,f32,"tforge-gpu-pipeline{block-tile=32,64 thread-tile=4,4 tile-k=8 promote=1 vectorize=1}",b32x64-t4x4-k8; grid=40x80x1 block=16x8x1 padded=2560x2560x2560; regs=64 smem=3072 blocks/SM=8 occ=0.667,,10,100,2.781184,2.392064,0.053837,GFLOP/s,12064.801178203239,1905,29.45% of FP32 peak at median clock,,err/bound=0.00193,model: pred_ms=1.4372 waves=5 resident=8 bound=smem fma_step=128 lds_step=256 latency_exposed=0
572f506,23.1.2,13.3,NVIDIA RTX A6000,24153819,2026-09-27T04:28:06-07:00,mbr,2560x2560x2560,f32,"tforge-gpu-pipeline{block-tile=32,64 thread-tile=4,4 tile-k=16 promote=1 vectorize=1}",b32x64-t4x4-k16; grid=40x80x1 block=16x8x1 padded=2560x2560x2560; regs=63 smem=6144 blocks/SM=8 occ=0.667,,10,100,2.502656,2.208768,0.084978,GFLOP/s,13407.528641571193,1905,32.73% of FP32 peak at median clock,,err/bound=0.00193,model: pred_ms=1.4372 waves=5 resident=8 bound=smem fma_step=256 lds_step=512 latency_exposed=0
572f506,23.1.2,13.3,NVIDIA RTX A6000,24153819,2026-09-27T04:28:06-07:00,mbr,2560x2560x2560,f32,"tforge-gpu-pipeline{block-tile=32,64 thread-tile=4,4 tile-k=32 promote=1 vectorize=1}",b32x64-t4x4-k32; grid=40x80x1 block=16x8x1 padded=2560x2560x2560; regs=70 smem=12288 blocks/SM=7 occ=0.583,,10,100,2.501632,2.10944,0.053611,GFLOP/s,13413.01678264429,1905,32.74% of FP32 peak at median clock,,err/bound=0.00193,model: pred_ms=1.5091 waves=6 resident=7 bound=smem fma_step=512 lds_step=1024 latency_exposed=0
572f506,23.1.2,13.3,NVIDIA RTX A6000,24153819,2026-09-27T04:28:06-07:00,mbr,2560x2560x2560,f32,"tforge-gpu-pipeline{block-tile=32,64 thread-tile=8,4 tile-k=8 promote=1 vectorize=1}",b32x64-t8x4-k8; grid=40x80x1 block=16x4x1 padded=2560x2560x2560; regs=96 smem=3072 blocks/SM=10 occ=0.417,,10,100,2.188864,1.85856,0.059663,GFLOP/s,15329.610245314465,1905,37.42% of FP32 peak at median clock,,err/bound=0.00193,model: pred_ms=1.0779 waves=4 resident=10 bound=smem fma_step=128 lds_step=192 latency_exposed=0
572f506,23.1.2,13.3,NVIDIA RTX A6000,24153819,2026-09-27T04:28:06-07:00,mbr,2560x2560x2560,f32,"tforge-gpu-pipeline{block-tile=32,64 thread-tile=8,4 tile-k=16 promote=1 vectorize=1}",b32x64-t8x4-k16; grid=40x80x1 block=16x4x1 padded=2560x2560x2560; regs=94 smem=6144 blocks/SM=10 occ=0.417,,10,100,2.174976,1.833856,0.091029,GFLOP/s,15427.495291902072,1905,37.66% of FP32 peak at median clock,,err/bound=0.00193,model: pred_ms=1.0779 waves=4 resident=10 bound=smem fma_step=256 lds_step=384 latency_exposed=0
572f506,23.1.2,13.3,NVIDIA RTX A6000,24153819,2026-09-27T04:28:06-07:00,mbr,2560x2560x2560,f32,"tforge-gpu-pipeline{block-tile=32,64 thread-tile=8,4 tile-k=32 promote=1 vectorize=1}",b32x64-t8x4-k32; grid=40x80x1 block=16x4x1 padded=2560x2560x2560; regs=108 smem=12288 blocks/SM=7 occ=0.292,,10,100,2.178048,1.93536,0.044452,GFLOP/s,15405.735778091206,1905,37.61% of FP32 peak at median clock,,err/bound=0.00193,model: pred_ms=1.1318 waves=6 resident=7 bound=smem fma_step=512 lds_step=768 latency_exposed=0
572f506,23.1.2,13.3,NVIDIA RTX A6000,24153819,2026-09-27T04:28:06-07:00,mbr,2560x2560x2560,f32,"tforge-gpu-pipeline{block-tile=32,64 thread-tile=4,8 tile-k=8 promote=1 vectorize=1}",b32x64-t4x8-k8; grid=40x80x1 block=8x8x1 padded=2560x2560x2560; regs=80 smem=3072 blocks/SM=12 occ=0.5,,10,100,3.200448,3.044352,0.03494,GFLOP/s,10484.292199092128,1905,25.59% of FP32 peak at median clock,,err/bound=0.00193,model: pred_ms=1.2935 waves=4 resident=12 bound=smem fma_step=128 lds_step=192 latency_exposed=0
572f506,23.1.2,13.3,NVIDIA RTX A6000,24153819,2026-09-27T04:28:06-07:00,mbr,2560x2560x2560,f32,"tforge-gpu-pipeline{block-tile=32,64 thread-tile=4,8 tile-k=16 promote=1 vectorize=1}",b32x64-t4x8-k16; grid=40x80x1 block=8x8x1 padded=2560x2560x2560; regs=80 smem=6144 blocks/SM=12 occ=0.5,,10,100,3.105792,3.058688,0.022815,GFLOP/s,10803.824596109464,1905,26.37% of FP32 peak at median clock,,err/bound=0.00193,model: pred_ms=1.2935 waves=4 resident=12 bound=smem fma_step=256 lds_step=384 latency_exposed=0
572f506,23.1.2,13.3,NVIDIA RTX A6000,24153819,2026-09-27T04:28:06-07:00,mbr,2560x2560x2560,f32,"tforge-gpu-pipeline{block-tile=32,64 thread-tile=4,8 tile-k=32 promote=1 vectorize=1}",b32x64-t4x8-k32; grid=40x80x1 block=8x8x1 padded=2560x2560x2560; regs=114 smem=12288 blocks/SM=7 occ=0.292,,10,100,3.038608,2.814976,0.064327,GFLOP/s,11042.698498786287,1905,26.96% of FP32 peak at median clock,,err/bound=0.00193,model: pred_ms=1.1318 waves=6 resident=7 bound=smem fma_step=512 lds_step=768 latency_exposed=0
572f506,23.1.2,13.3,NVIDIA RTX A6000,24153819,2026-09-27T04:28:06-07:00,mbr,2560x2560x2560,f32,"tforge-gpu-pipeline{block-tile=32,64 thread-tile=8,8 tile-k=8 promote=1 vectorize=1}",b32x64-t8x8-k8; grid=40x80x1 block=8x4x1 padded=2560x2560x2560; regs=128 smem=3072 blocks/SM=16 occ=0.333,,10,100,2.4652,2.160544,0.077233,GFLOP/s,13611.241278598085,1905,33.23% of FP32 peak at median clock,,err/bound=0.00193,model: pred_ms=0.8623 waves=3 resident=16 bound=fma fma_step=128 lds_step=128 latency_exposed=0
572f506,23.1.2,13.3,NVIDIA RTX A6000,24153819,2026-09-27T04:28:06-07:00,mbr,2560x2560x2560,f32,"tforge-gpu-pipeline{block-tile=32,64 thread-tile=8,8 tile-k=16 promote=1 vectorize=1}",b32x64-t8x8-k16; grid=40x80x1 block=8x4x1 padded=2560x2560x2560; regs=128 smem=6144 blocks/SM=14 occ=0.292,,10,100,2.385296,2.08384,0.061407,GFLOP/s,14067.198368672065,1905,34.34% of FP32 peak at median clock,,err/bound=0.00193,model: pred_ms=0.7545 waves=3 resident=14 bound=fma fma_step=256 lds_step=256 latency_exposed=0
572f506,23.1.2,13.3,NVIDIA RTX A6000,24153819,2026-09-27T04:28:06-07:00,mbr,2560x2560x2560,f32,"tforge-gpu-pipeline{block-tile=32,64 thread-tile=8,8 tile-k=32 promote=1 vectorize=1}",b32x64-t8x8-k32; grid=40x80x1 block=8x4x1 padded=2560x2560x2560; regs=178 smem=12288 blocks/SM=7 occ=0.146,,10,100,2.354016,2.029568,0.088958,GFLOP/s,14254.122316925628,1905,34.80% of FP32 peak at median clock,,err/bound=0.00193,model: pred_ms=0.7545 waves=6 resident=7 bound=fma fma_step=512 lds_step=512 latency_exposed=0
572f506,23.1.2,13.3,NVIDIA RTX A6000,24153819,2026-09-27T04:28:06-07:00,mbr,2560x2560x2560,f32,"tforge-gpu-pipeline{block-tile=32,128 thread-tile=4,4 tile-k=8 promote=1 vectorize=1}",b32x128-t4x4-k8; grid=20x80x1 block=32x8x1 padded=2560x2560x2560; regs=60 smem=5120 blocks/SM=4 occ=0.667,,10,100,2.520064,2.290688,0.081131,GFLOP/s,13314.912637139372,1905,32.50% of FP32 peak at median clock,,err/bound=0.00193,model: pred_ms=1.4372 waves=5 resident=4 bound=smem fma_step=256 lds_step=512 latency_exposed=0
572f506,23.1.2,13.3,NVIDIA RTX A6000,24153819,2026-09-27T04:28:06-07:00,mbr,2560x2560x2560,f32,"tforge-gpu-pipeline{block-tile=32,128 thread-tile=4,4 tile-k=16 promote=1 vectorize=1}",b32x128-t4x4-k16; grid=20x80x1 block=32x8x1 padded=2560x2560x2560; regs=62 smem=10240 blocks/SM=4 occ=0.667,,10,100,2.420736,2.101568,0.072728,GFLOP/s,13861.25211505922,1905,33.84% of FP32 peak at median clock,,err/bound=0.00193,model: pred_ms=1.4372 waves=5 resident=4 bound=smem fma_step=512 lds_step=1024 latency_exposed=0
572f506,23.1.2,13.3,NVIDIA RTX A6000,24153819,2026-09-27T04:28:06-07:00,mbr,2560x2560x2560,f32,"tforge-gpu-pipeline{block-tile=32,128 thread-tile=4,4 tile-k=32 promote=1 vectorize=1}",b32x128-t4x4-k32; grid=20x80x1 block=32x8x1 padded=2560x2560x2560; regs=66 smem=20480 blocks/SM=3 occ=0.5,,10,100,2.418608,2.087936,0.063494,GFLOP/s,13873.447867533721,1905,33.87% of FP32 peak at median clock,,err/bound=0.00193,model: pred_ms=1.5091 waves=7 resident=3 bound=smem fma_step=1024 lds_step=2048 latency_exposed=0
572f506,23.1.2,13.3,NVIDIA RTX A6000,24153819,2026-09-27T04:28:06-07:00,mbr,2560x2560x2560,f32,"tforge-gpu-pipeline{block-tile=32,128 thread-tile=8,4 tile-k=8 promote=1 vectorize=1}",b32x128-t8x4-k8; grid=20x80x1 block=32x4x1 padded=2560x2560x2560; regs=86 smem=5120 blocks/SM=5 occ=0.417,,10,100,2.168416,1.839904,0.092046,GFLOP/s,15474.167318448119,1905,37.77% of FP32 peak at median clock,,err/bound=0.00193,model: pred_ms=1.0779 waves=4 resident=5 bound=smem fma_step=256 lds_step=384 latency_exposed=0
572f506,23.1.2,13.3,NVIDIA RTX A6000,24153819,2026-09-27T04:28:06-07:00,mbr,2560x2560x2560,f32,"tforge-gpu-pipeline{block-tile=32,128 thread-tile=8,4 tile-k=16 promote=1 vectorize=1}",b32x128-t8x4-k16; grid=20x80x1 block=32x4x1 padded=2560x2560x2560; regs=91 smem=10240 blocks/SM=5 occ=0.417,,10,100,2.040832,1.707008,0.071438,GFLOP/s,16441.54540893126,1905,40.14% of FP32 peak at median clock,,err/bound=0.00193,model: pred_ms=1.0779 waves=4 resident=5 bound=smem fma_step=512 lds_step=768 latency_exposed=0
572f506,23.1.2,13.3,NVIDIA RTX A6000,24153819,2026-09-27T04:28:06-07:00,mbr,2560x2560x2560,f32,"tforge-gpu-pipeline{block-tile=32,128 thread-tile=8,4 tile-k=32 promote=1 vectorize=1}",b32x128-t8x4-k32; grid=20x80x1 block=32x4x1 padded=2560x2560x2560; regs=106 smem=20480 blocks/SM=4 occ=0.333,,10,100,2.083648,1.747968,0.088858,GFLOP/s,16103.695057898454,1905,39.31% of FP32 peak at median clock,,err/bound=0.00193,model: pred_ms=1.0779 waves=5 resident=4 bound=smem fma_step=1024 lds_step=1536 latency_exposed=0
572f506,23.1.2,13.3,NVIDIA RTX A6000,24153819,2026-09-27T04:28:06-07:00,mbr,2560x2560x2560,f32,"tforge-gpu-pipeline{block-tile=32,128 thread-tile=4,8 tile-k=8 promote=1 vectorize=1}",b32x128-t4x8-k8; grid=20x80x1 block=16x8x1 padded=2560x2560x2560; regs=80 smem=5120 blocks/SM=6 occ=0.5,,10,100,2.961408,2.719744,0.054796,GFLOP/s,11330.567081604426,1800,29.27% of FP32 peak at median clock,,err/bound=0.00193,model: pred_ms=1.2935 waves=4 resident=6 bound=smem fma_step=256 lds_step=384 latency_exposed=0
572f506,23.1.2,13.3,NVIDIA RTX A6000,24153819,2026-09-27T04:28:06-07:00,mbr,2560x2560x2560,f32,"tforge-gpu-pipeline{block-tile=32,128 thread-tile=4,8 tile-k=16 promote=1 vectorize=1}",b32x128-t4x8-k16; grid=20x80x1 block=16x8x1 padded=2560x2560x2560; regs=80 smem=10240 blocks/SM=6 occ=0.5,,10,100,2.816912,2.514944,0.039917,GFLOP/s,11911.77857171257,1905,29.08% of FP32 peak at median clock,,err/bound=0.00193,model: pred_ms=1.2935 waves=4 resident=6 bound=smem fma_step=512 lds_step=768 latency_exposed=0
572f506,23.1.2,13.3,NVIDIA RTX A6000,24153819,2026-09-27T04:28:06-07:00,mbr,2560x2560x2560,f32,"tforge-gpu-pipeline{block-tile=32,128 thread-tile=4,8 tile-k=32 promote=1 vectorize=1}",b32x128-t4x8-k32; grid=20x80x1 block=16x8x1 padded=2560x2560x2560; regs=104 smem=20480 blocks/SM=4 occ=0.333,,10,100,2.78016,2.619392,0.022925,GFLOP/s,12069.24493554328,1905,29.46% of FP32 peak at median clock,,err/bound=0.00193,model: pred_ms=1.0779 waves=5 resident=4 bound=smem fma_step=1024 lds_step=1536 latency_exposed=0
572f506,23.1.2,13.3,NVIDIA RTX A6000,24153819,2026-09-27T04:28:06-07:00,mbr,2560x2560x2560,f32,"tforge-gpu-pipeline{block-tile=32,128 thread-tile=8,8 tile-k=8 promote=1 vectorize=1}",b32x128-t8x8-k8; grid=20x80x1 block=16x4x1 padded=2560x2560x2560; regs=128 smem=5120 blocks/SM=8 occ=0.333,,10,100,2.1336,1.816576,0.084735,GFLOP/s,15726.674165729286,1905,38.39% of FP32 peak at median clock,,err/bound=0.00193,model: pred_ms=0.8623 waves=3 resident=8 bound=fma fma_step=256 lds_step=256 latency_exposed=0
572f506,23.1.2,13.3,NVIDIA RTX A6000,24153819,2026-09-27T04:28:06-07:00,mbr,2560x2560x2560,f32,"tforge-gpu-pipeline{block-tile=32,128 thread-tile=8,8 tile-k=16 promote=1 vectorize=1}",b32x128-t8x8-k16; grid=20x80x1 block=16x4x1 padded=2560x2560x2560; regs=128 smem=10240 blocks/SM=8 occ=0.333,,10,100,2.104432,1.813504,0.053381,GFLOP/s,15944.650147878381,1905,38.92% of FP32 peak at median clock,,err/bound=0.00193,model: pred_ms=0.8623 waves=3 resident=8 bound=fma fma_step=512 lds_step=512 latency_exposed=0
572f506,23.1.2,13.3,NVIDIA RTX A6000,24153819,2026-09-27T04:28:06-07:00,mbr,2560x2560x2560,f32,"tforge-gpu-pipeline{block-tile=32,128 thread-tile=8,8 tile-k=32 promote=1 vectorize=1}",b32x128-t8x8-k32; grid=20x80x1 block=16x4x1 padded=2560x2560x2560; regs=162 smem=20480 blocks/SM=4 occ=0.167,,10,100,2.09856,1.82272,0.042351,GFLOP/s,15989.265019823115,1905,39.03% of FP32 peak at median clock,,err/bound=0.00193,model: pred_ms=0.7186 waves=5 resident=4 bound=fma fma_step=1024 lds_step=1024 latency_exposed=0
572f506,23.1.2,13.3,NVIDIA RTX A6000,24153819,2026-09-27T04:28:06-07:00,mbr,2560x2560x2560,f32,"tforge-gpu-pipeline{block-tile=64,32 thread-tile=4,4 tile-k=8 promote=1 vectorize=1}",b64x32-t4x4-k8; grid=80x40x1 block=8x16x1 padded=2560x2560x2560; regs=56 smem=3072 blocks/SM=9 occ=0.75,,10,100,3.154944,2.767872,0.071332,GFLOP/s,10635.507951963646,1905,25.96% of FP32 peak at median clock,,err/bound=0.00193,model: pred_ms=1.6168 waves=5 resident=9 bound=smem fma_step=128 lds_step=256 latency_exposed=0
572f506,23.1.2,13.3,NVIDIA RTX A6000,24153819,2026-09-27T04:28:06-07:00,mbr,2560x2560x2560,f32,"tforge-gpu-pipeline{block-tile=64,32 thread-tile=4,4 tile-k=16 promote=1 vectorize=1}",b64x32-t4x4-k16; grid=80x40x1 block=8x16x1 padded=2560x2560x2560; regs=63 smem=6144 blocks/SM=8 occ=0.667,,10,100,2.8928,2.527232,0.087383,GFLOP/s,11599.29203539823,1905,28.32% of FP32 peak at median clock,,err/bound=0.00193,model: pred_ms=1.4372 waves=5 resident=8 bound=smem fma_step=256 lds_step=512 latency_exposed=0
572f506,23.1.2,13.3,NVIDIA RTX A6000,24153819,2026-09-27T04:28:06-07:00,mbr,2560x2560x2560,f32,"tforge-gpu-pipeline{block-tile=64,32 thread-tile=4,4 tile-k=32 promote=1 vectorize=1}",b64x32-t4x4-k32; grid=80x40x1 block=8x16x1 padded=2560x2560x2560; regs=72 smem=12288 blocks/SM=7 occ=0.583,,10,100,2.760128,2.4064,0.094374,GFLOP/s,12156.839103114058,1905,29.68% of FP32 peak at median clock,,err/bound=0.00193,model: pred_ms=1.5091 waves=6 resident=7 bound=smem fma_step=512 lds_step=1024 latency_exposed=0
572f506,23.1.2,13.3,NVIDIA RTX A6000,24153819,2026-09-27T04:28:06-07:00,mbr,2560x2560x2560,f32,"tforge-gpu-pipeline{block-tile=64,32 thread-tile=8,4 tile-k=8 promote=1 vectorize=1}",b64x32-t8x4-k8; grid=80x40x1 block=8x8x1 padded=2560x2560x2560; regs=96 smem=3072 blocks/SM=10 occ=0.417,,10,100,2.695648,2.486272,0.039593,GFLOP/s,12447.631144719193,1905,30.39% of FP32 peak at median clock,,err/bound=0.00193,model: pred_ms=1.0779 waves=4 resident=10 bound=smem fma_step=128 lds_step=192 latency_exposed=0
572f506,23.1.2,13.3,NVIDIA RTX A6000,24153819,2026-09-27T04:28:06-07:00,mbr,2560x2560x2560,f32,"tforge-gpu-pipeline{block-tile=64,32 thread-tile=8,4 tile-k=16 promote=1 vectorize=1}",b64x32-t8x4-k16; grid=80x40x1 block=8x8x1 padded=2560x2560x2560; regs=94 smem=6144 blocks/SM=10 occ=0.417,,10,100,2.54464,2.208768,0.060853,GFLOP/s,13186.317907444667,1905,32.19% of FP32 peak at median clock,,err/bound=0.00193,model: pred_ms=1.0779 waves=4 resident=10 bound=smem fma_step=256 lds_step=384 latency_exposed=0
572f506,23.1.2,13.3,NVIDIA RTX A6000,24153819,2026-09-27T04:28:06-07:00,mbr,2560x2560x2560,f32,"tforge-gpu-pipeline{block-tile=64,32 thread-tile=8,4 tile-k=32 promote=1 vectorize=1}",b64x32-t8x4-k32; grid=80x40x1 block=8x8x1 padded=2560x2560x2560; regs=108 smem=12288 blocks/SM=7 occ=0.292,,10,100,2.34952,1.963008,0.08995,GFLOP/s,14281.398753788008,1905,34.86% of FP32 peak at median clock,,err/bound=0.00193,model: pred_ms=1.1318 waves=6 resident=7 bound=smem fma_step=512 lds_step=768 latency_exposed=0
572f506,23.1.2,13.3,NVIDIA RTX A6000,24153819,2026-09-27T04:28:06-07:00,mbr,2560x2560x2560,f32,"tforge-gpu-pipeline{block-tile=64,32 thread-tile=4,8 tile-k=8 promote=1 vectorize=1}",b64x32-t4x8-k8; grid=80x40x1 block=4x16x1 padded=2560x2560x2560; regs=79 smem=3072 blocks/SM=12 occ=0.5,,10,100,3.125248,2.961408,0.04689,GFLOP/s,10736.566186107471,1905,26.21% of FP32 peak at median clock,,err/bound=0.00193,model: pred_ms=1.2935 waves=4 resident=12 bound=smem fma_step=128 lds_step=192 latency_exposed=0
572f506,23.1.2,13.3,NVIDIA RTX A6000,24153819,2026-09-27T04:28:06-07:00,mbr,2560x2560x2560,f32,"tforge-gpu-pipeline{block-tile=64,32 thread-tile=4,8 tile-k=16 promote=1 vectorize=1}",b64x32-t4x8-k16; grid=80x40x1 block=4x16x1 padded=2560x2560x2560; regs=80 smem=6144 blocks/SM=12 occ=0.5,,10,100,2.89992,2.7576,0.043653,GFLOP/s,11570.812987944497,1905,28.25% of FP32 peak at median clock,,err/bound=0.00193,model: pred_ms=1.2935 waves=4 resident=12 bound=smem fma_step=256 lds_step=384 latency_exposed=0
572f506,23.1.2,13.3,NVIDIA RTX A6000,24153819,2026-09-27T04:28:06-07:00,mbr,2560x2560x2560,f32,"tforge-gpu-pipeline{block-tile=64,32 thread-tile=4,8 tile-k=32 promote=1 vectorize=1}",b64x32-t4x8-k32; grid=80x40x1 block=4x16x1 padded=2560x2560x2560; regs=112 smem=12288 blocks/SM=7 occ=0.292,,10,100,2.732544,2.482912,0.036428,GFLOP/s,12279.557804009744,1905,29.98% of FP32 peak at median clock,,err/bound=0.00193,model: pred_ms=1.1318 waves=6 resident=7 bound=smem fma_step=512 lds_step=768 latency_exposed=0
572f506,23.1.2,13.3,NVIDIA RTX A6000,24153819,2026-09-27T04:28:06-07:00,mbr,2560x2560x2560,f32,"tforge-gpu-pipeline{block-tile=64,32 thread-tile=8,8 tile-k=8 promote=1 vectorize=1}",b64x32-t8x8-k8; grid=80x40x1 block=4x8x1 padded=2560x2560x2560; regs=128 smem=3072 blocks/SM=16 occ=0.333,,10,100,2.863088,2.745344,0.037623,GFLOP/s,11719.664921231903,1905,28.61% of FP32 peak at median clock,,err/bound=0.00193,model: pred_ms=0.8623 waves=3 resident=16 bound=fma fma_step=128 lds_step=128 latency_exposed=0
572f506,23.1.2,13.3,NVIDIA RTX A6000,24153819,2026-09-27T04:28:06-07:00,mbr,2560x2560x2560,f32,"tforge-gpu-pipeline{block-tile=64,32 thread-tile=8,8 tile-k=16 promote=1 vectorize=1}",b64x32-t8x8-k16; grid=80x40x1 block=4x8x1 padded=2560x2560x2560; regs=128 smem=6144 blocks/SM=14 occ=0.292,,10,100,2.503536,2.195456,0.040385,GFLOP/s,13402.815857251502,1905,32.72% of FP32 peak at median clock,,err/bound=0.00193,model: pred_ms=0.7545 waves=3 resident=14 bound=fma fma_step=256 lds_step=256 latency_exposed=0
572f506,23.1.2,13.3,NVIDIA RTX A6000,24153819,2026-09-27T04:28:06-07:00,mbr,2560x2560x2560,f32,"tforge-gpu-pipeline{block-tile=64,32 thread-tile=8,8 tile-k=32 promote=1 vectorize=1}",b64x32-t8x8-k32; grid=80x40x1 block=4x8x1 padded=2560x2560x2560; regs=178 smem=12288 blocks/SM=7 occ=0.146,,10,100,2.399232,2.071552,0.068746,GFLOP/s,13985.48868971404,1905,34.14% of FP32 peak at median clock,,err/bound=0.00193,model: pred_ms=0.7545 waves=6 resident=7 bound=fma fma_step=512 lds_step=512 latency_exposed=0
572f506,23.1.2,13.3,NVIDIA RTX A6000,24153819,2026-09-27T04:28:06-07:00,mbr,2560x2560x2560,f32,"tforge-gpu-pipeline{block-tile=64,64 thread-tile=4,4 tile-k=8 promote=1 vectorize=1}",b64x64-t4x4-k8; grid=40x40x1 block=16x16x1 padded=2560x2560x2560; regs=64 smem=4096 blocks/SM=4 occ=0.667,,10,100,2.73008,2.503744,0.069967,GFLOP/s,12290.640567309383,1905,30.00% of FP32 peak at median clock,,err/bound=0.00193,model: pred_ms=1.4372 waves=5 resident=4 bound=smem fma_step=256 lds_step=512 latency_exposed=0
572f506,23.1.2,13.3,NVIDIA RTX A6000,24153819,2026-09-27T04:28:06-07:00,mbr,2560x2560x2560,f32,"tforge-gpu-pipeline{block-tile=64,64 thread-tile=4,4 tile-k=16 promote=1 vectorize=1}",b64x64-t4x4-k16; grid=40x40x1 block=16x16x1 padded=2560x2560x2560; regs=61 smem=8192 blocks/SM=4 occ=0.667,,10,100,2.326528,1.992704,0.068888,GFLOP/s,14422.535211267605,1905,35.21% of FP32 peak at median clock,,err/bound=0.00193,model: pred_ms=1.4372 waves=5 resident=4 bound=smem fma_step=512 lds_step=1024 latency_exposed=0
572f506,23.1.2,13.3,NVIDIA RTX A6000,24153819,2026-09-27T04:28:06-07:00,mbr,2560x2560x2560,f32,"tforge-gpu-pipeline{block-tile=64,64 thread-tile=4,4 tile-k=32 promote=1 vectorize=1}",b64x64-t4x4-k32; grid=40x40x1 block=16x16x1 padded=2560x2560x2560; regs=65 smem=16384 blocks/SM=3 occ=0.5,,10,100,2.286512,1.96736,0.050431,GFLOP/s,14674.942445086665,1905,35.82% of FP32 peak at median clock,,err/bound=0.00193,model: pred_ms=1.5091 waves=7 resident=3 bound=smem fma_step=1024 lds_step=2048 latency_exposed=0
572f506,23.1.2,13.3,NVIDIA RTX A6000,24153819,2026-09-27T04:28:06-07:00,mbr,2560x2560x2560,f32,"tforge-gpu-pipeline{block-tile=64,64 thread-tile=8,4 tile-k=8 promote=1 vectorize=1}",b64x64-t8x4-k8; grid=40x40x1 block=16x8x1 padded=2560x2560x2560; regs=96 smem=4096 blocks/SM=5 occ=0.417,,10,100,2.10944,1.80224,0.072916,GFLOP/s,15906.796116504853,1905,38.83% of FP32 peak at median clock,,err/bound=0.00193,model: pred_ms=1.0779 waves=4 resident=5 bound=smem fma_step=256 lds_step=384 latency_exposed=0
572f506,23.1.2,13.3,NVIDIA RTX A6000,24153819,2026-09-27T04:28:06-07:00,mbr,2560x2560x2560,f32,"tforge-gpu-pipeline{block-tile=64,64 thread-tile=8,4 tile-k=16 promote=1 vectorize=1}",b64x64-t8x4-k16; grid=40x40x1 block=16x8x1 padded=2560x2560x2560; regs=92 smem=8192 blocks/SM=5 occ=0.417,,10,100,1.995776,1.668096,0.067626,GFLOP/s,16812.72447408928,1905,41.04% of FP32 peak at median clock,,err/bound=0.00193,model: pred_ms=1.0779 waves=4 resident=5 bound=smem fma_step=512 lds_step=768 latency_exposed=0
572f506,23.1.2,13.3,NVIDIA RTX A6000,24153819,2026-09-27T04:28:06-07:00,mbr,2560x2560x2560,f32,"tforge-gpu-pipeline{block-tile=64,64 thread-tile=8,4 tile-k=32 promote=1 vectorize=1}",b64x64-t8x4-k32; grid=40x40x1 block=16x8x1 padded=2560x2560x2560; regs=94 smem=16384 blocks/SM=5 occ=0.417,,10,100,1.96096,1.645568,0.0741,GFLOP/s,17111.227154047,1905,41.77% of FP32 peak at median clock,,err/bound=0.00193,model: pred_ms=1.0779 waves=4 resident=5 bound=smem fma_step=1024 lds_step=1536 latency_exposed=0
572f506,23.1.2,13.3,NVIDIA RTX A6000,24153819,2026-09-27T04:28:06-07:00,mbr,2560x2560x2560,f32,"tforge-gpu-pipeline{block-tile=64,64 thread-tile=4,8 tile-k=8 promote=1 vectorize=1}",b64x64-t4x8-k8; grid=40x40x1 block=8x16x1 padded=2560x2560x2560; regs=80 smem=4096 blocks/SM=6 occ=0.5,,10,100,3.061728,2.853152,0.040849,GFLOP/s,10959.31186571766,1905,26.75% of FP32 peak at median clock,,err/bound=0.00193,model: pred_ms=1.2935 waves=4 resident=6 bound=smem fma_step=256 lds_step=384 latency_exposed=0
572f506,23.1.2,13.3,NVIDIA RTX A6000,24153819,2026-09-27T04:28:06-07:00,mbr,2560x2560x2560,f32,"tforge-gpu-pipeline{block-tile=64,64 thread-tile=4,8 tile-k=16 promote=1 vectorize=1}",b64x64-t4x8-k16; grid=40x40x1 block=8x16x1 padded=2560x2560x2560; regs=96 smem=8192 blocks/SM=5 occ=0.417,,10,100,2.94296,2.661376,0.056604,GFLOP/s,11401.592954032676,1905,27.83% of FP32 peak at median clock,,err/bound=0.00193,model: pred_ms=1.0779 waves=4 resident=5 bound=smem fma_step=512 lds_step=768 latency_exposed=0
572f506,23.1.2,13.3,NVIDIA RTX A6000,24153819,2026-09-27T04:28:06-07:00,mbr,2560x2560x2560,f32,"tforge-gpu-pipeline{block-tile=64,64 thread-tile=4,8 tile-k=32 promote=1 vectorize=1}",b64x64-t4x8-k32; grid=40x40x1 block=8x16x1 padded=2560x2560x2560; regs=96 smem=16384 blocks/SM=5 occ=0.417,,10,100,2.864128,2.635776,0.056636,GFLOP/s,11715.409367179122,1890,28.83% of FP32 peak at median clock,,err/bound=0.00193,model: pred_ms=1.0779 waves=4 resident=5 bound=smem fma_step=1024 lds_step=1536 latency_exposed=0
572f506,23.1.2,13.3,NVIDIA RTX A6000,24153819,2026-09-27T04:28:06-07:00,mbr,2560x2560x2560,f32,"tforge-gpu-pipeline{block-tile=64,64 thread-tile=8,8 tile-k=8 promote=1 vectorize=1}",b64x64-t8x8-k8; grid=40x40x1 block=8x8x1 padded=2560x2560x2560; regs=128 smem=4096 blocks/SM=8 occ=0.333,,10,100,2.2784,2.041856,0.068909,GFLOP/s,14727.191011235955,1890,36.24% of FP32 peak at median clock,,err/bound=0.00193,model: pred_ms=0.8623 waves=3 resident=8 bound=fma fma_step=256 lds_step=256 latency_exposed=0
572f506,23.1.2,13.3,NVIDIA RTX A6000,24153819,2026-09-27T04:28:06-07:00,mbr,2560x2560x2560,f32,"tforge-gpu-pipeline{block-tile=64,64 thread-tile=8,8 tile-k=16 promote=1 vectorize=1}",b64x64-t8x8-k16; grid=40x40x1 block=8x8x1 padded=2560x2560x2560; regs=128 smem=8192 blocks/SM=8 occ=0.333,,10,100,2.180048,1.90464,0.046889,GFLOP/s,15391.602386736435,1890,37.87% of FP32 peak at median clock,,err/bound=0.00193,model: pred_ms=0.8623 waves=3 resident=8 bound=fma fma_step=512 lds_step=512 latency_exposed=0
572f506,23.1.2,13.3,NVIDIA RTX A6000,24153819,2026-09-27T04:28:06-07:00,mbr,2560x2560x2560,f32,"tforge-gpu-pipeline{block-tile=64,64 thread-tile=8,8 tile-k=32 promote=1 vectorize=1}",b64x64-t8x8-k32; grid=40x40x1 block=8x8x1 padded=2560x2560x2560; regs=157 smem=16384 blocks/SM=5 occ=0.208,,10,100,2.136576,1.878016,0.044671,GFLOP/s,15704.768751497724,1890,38.64% of FP32 peak at median clock,,err/bound=0.00193,model: pred_ms=0.7186 waves=4 resident=5 bound=fma fma_step=1024 lds_step=1024 latency_exposed=0
572f506,23.1.2,13.3,NVIDIA RTX A6000,24153819,2026-09-27T04:28:06-07:00,mbr,2560x2560x2560,f32,"tforge-gpu-pipeline{block-tile=64,128 thread-tile=4,4 tile-k=8 promote=1 vectorize=1}",b64x128-t4x4-k8; grid=20x40x1 block=32x16x1 padded=2560x2560x2560; regs=64 smem=6144 blocks/SM=2 occ=0.667,,10,100,2.642848,2.382848,0.072295,GFLOP/s,12696.31548995629,1890,31.24% of FP32 peak at median clock,,err/bound=0.00193,model: pred_ms=1.4372 waves=5 resident=2 bound=smem fma_step=512 lds_step=1024 latency_exposed=0
572f506,23.1.2,13.3,NVIDIA RTX A6000,24153819,2026-09-27T04:28:06-07:00,mbr,2560x2560x2560,f32,"tforge-gpu-pipeline{block-tile=64,128 thread-tile=4,4 tile-k=16 promote=1 vectorize=1}",b64x128-t4x4-k16; grid=20x40x1 block=32x16x1 padded=2560x2560x2560; regs=64 smem=12288 blocks/SM=2 occ=0.667,,10,100,2.359296,2.049024,0.069973,GFLOP/s,14222.22222222222,1890,34.99% of FP32 peak at median clock,,err/bound=0.00193,model: pred_ms=1.4372 waves=5 resident=2 bound=smem fma_step=1024 lds_step=2048 latency_exposed=0
572f506,23.1.2,13.3,NVIDIA RTX A6000,24153819,2026-09-27T04:28:06-07:00,mbr,2560x2560x2560,f32,"tforge-gpu-pipeline{block-tile=64,128 thread-tile=4,4 tile-k=32 promote=1 vectorize=1}",b64x128-t4x4-k32; grid=20x40x1 block=32x16x1 padded=2560x2560x2560; regs=64 smem=24576 blocks/SM=2 occ=0.667,,10,100,2.248704,1.92496,0.063528,GFLOP/s,14921.675774134788,1890,36.71% of FP32 peak at median clock,,err/bound=0.00193,model: pred_ms=1.4372 waves=5 resident=2 bound=smem fma_step=2048 lds_step=4096 latency_exposed=0
572f506,23.1.2,13.3,NVIDIA RTX A6000,24153819,2026-09-27T04:28:06-07:00,mbr,2560x2560x2560,f32,"tforge-gpu-pipeline{block-tile=64,128 thread-tile=8,4 tile-k=8 promote=1 vectorize=1}",b64x128-t8x4-k8; grid=20x40x1 block=32x8x1 padded=2560x2560x2560; regs=90 smem=6144 blocks/SM=2 occ=0.333,,10,100,2.052096,1.80016,0.063718,GFLOP/s,16351.29740518962,1890,40.23% of FP32 peak at median clock,,err/bound=0.00193,model: pred_ms=1.0779 waves=5 resident=2 bound=smem fma_step=512 lds_step=768 latency_exposed=0
572f506,23.1.2,13.3,NVIDIA RTX A6000,24153819,2026-09-27T04:28:06-07:00,mbr,2560x2560x2560,f32,"tforge-gpu-pipeline{block-tile=64,128 thread-tile=8,4 tile-k=16 promote=1 vectorize=1}",b64x128-t8x4-k16; grid=20x40x1 block=32x8x1 padded=2560x2560x2560; regs=90 smem=12288 blocks/SM=2 occ=0.333,,10,100,1.973248,1.698816,0.073724,GFLOP/s,17004.670472236638,1890,41.84% of FP32 peak at median clock,,err/bound=0.00193,model: pred_ms=1.0779 waves=5 resident=2 bound=smem fma_step=1024 lds_step=1536 latency_exposed=0
572f506,23.1.2,13.3,NVIDIA RTX A6000,24153819,2026-09-27T04:28:06-07:00,mbr,2560x2560x2560,f32,"tforge-gpu-pipeline{block-tile=64,128 thread-tile=8,4 tile-k=32 promote=1 vectorize=1}",b64x128-t8x4-k32; grid=20x40x1 block=32x8x1 padded=2560x2560x2560; regs=80 smem=24576 blocks/SM=3 occ=0.5,,10,100,1.867152,1.608512,0.072363,GFLOP/s,17970.916133233928,1890,44.22% of FP32 peak at median clock,,err/bound=0.00193,model: pred_ms=1.2935 waves=4 resident=3 bound=smem fma_step=2048 lds_step=3072 latency_exposed=0
572f506,23.1.2,13.3,NVIDIA RTX A6000,24153819,2026-09-27T04:28:06-07:00,mbr,2560x2560x2560,f32,"tforge-gpu-pipeline{block-tile=64,128 thread-tile=4,8 tile-k=8 promote=1 vectorize=1}",b64x128-t4x8-k8; grid=20x40x1 block=16x16x1 padded=2560x2560x2560; regs=80 smem=6144 blocks/SM=3 occ=0.5,,10,100,2.809856,2.56512,0.030757,GFLOP/s,11941.690962099125,1890,29.38% of FP32 peak at median clock,,err/bound=0.00193,model: pred_ms=1.2935 waves=4 resident=3 bound=smem fma_step=512 lds_step=768 latency_exposed=0
572f506,23.1.2,13.3,NVIDIA RTX A6000,24153819,2026-09-27T04:28:06-07:00,mbr,2560x2560x2560,f32,"tforge-gpu-pipeline{block-tile=64,128 thread-tile=4,8 tile-k=16 promote=1 vectorize=1}",b64x128-t4x8-k16; grid=20x40x1 block=16x16x1 padded=2560x2560x2560; regs=80 smem=12288 blocks/SM=3 occ=0.5,,10,100,2.617328,2.374592,0.028174,GFLOP/s,12820.109669097643,1890,31.54% of FP32 peak at median clock,,err/bound=0.00193,model: pred_ms=1.2935 waves=4 resident=3 bound=smem fma_step=1024 lds_step=1536 latency_exposed=0
572f506,23.1.2,13.3,NVIDIA RTX A6000,24153819,2026-09-27T04:28:06-07:00,mbr,2560x2560x2560,f32,"tforge-gpu-pipeline{block-tile=64,128 thread-tile=4,8 tile-k=32 promote=1 vectorize=1}",b64x128-t4x8-k32; grid=20x40x1 block=16x16x1 padded=2560x2560x2560; regs=80 smem=24576 blocks/SM=3 occ=0.5,,10,100,2.6112,2.428928,0.025458,GFLOP/s,12850.19607843137,1890,31.62% of FP32 peak at median clock,,err/bound=0.00193,model: pred_ms=1.2935 waves=4 resident=3 bound=smem fma_step=2048 lds_step=3072 latency_exposed=0
572f506,23.1.2,13.3,NVIDIA RTX A6000,24153819,2026-09-27T04:28:06-07:00,mbr,2560x2560x2560,f32,"tforge-gpu-pipeline{block-tile=64,128 thread-tile=8,8 tile-k=8 promote=1 vectorize=1}",b64x128-t8x8-k8; grid=20x40x1 block=16x8x1 padded=2560x2560x2560; regs=128 smem=6144 blocks/SM=4 occ=0.333,,10,100,1.993136,1.712128,0.076266,GFLOP/s,16834.993698372815,1890,41.42% of FP32 peak at median clock,,err/bound=0.00193,model: pred_ms=0.8623 waves=3 resident=4 bound=fma fma_step=512 lds_step=512 latency_exposed=0
572f506,23.1.2,13.3,NVIDIA RTX A6000,24153819,2026-09-27T04:28:06-07:00,mbr,2560x2560x2560,f32,"tforge-gpu-pipeline{block-tile=64,128 thread-tile=8,8 tile-k=16 promote=1 vectorize=1}",b64x128-t8x8-k16; grid=20x40x1 block=16x8x1 padded=2560x2560x2560; regs=128 smem=12288 blocks/SM=4 occ=0.333,,10,100,1.910736,1.645472,0.072179,GFLOP/s,17560.998484353673,1890,43.21% of FP32 peak at median clock,,err/bound=0.00193,model: pred_ms=0.8623 waves=3 resident=4 bound=fma fma_step=1024 lds_step=1024 latency_exposed=0
572f506,23.1.2,13.3,NVIDIA RTX A6000,24153819,2026-09-27T04:28:06-07:00,mbr,2560x2560x2560,f32,"tforge-gpu-pipeline{block-tile=64,128 thread-tile=8,8 tile-k=32 promote=1 vectorize=1}",b64x128-t8x8-k32; grid=20x40x1 block=16x8x1 padded=2560x2560x2560; regs=127 smem=24576 blocks/SM=4 occ=0.333,,10,100,1.969152,1.705792,0.077307,GFLOP/s,17040.041601664067,1890,41.93% of FP32 peak at median clock,,err/bound=0.00193,model: pred_ms=0.8623 waves=3 resident=4 bound=fma fma_step=2048 lds_step=2048 latency_exposed=0
572f506,23.1.2,13.3,NVIDIA RTX A6000,24153819,2026-09-27T04:28:06-07:00,mbr,2560x2560x2560,f32,"tforge-gpu-pipeline{block-tile=128,32 thread-tile=4,4 tile-k=8 promote=1 vectorize=1}",b128x32-t4x4-k8; grid=80x20x1 block=8x32x1 padded=2560x2560x2560; regs=60 smem=5120 blocks/SM=4 occ=0.667,,10,100,3.073024,3.039232,0.012607,GFLOP/s,10919.026991002998,1890,26.87% of FP32 peak at median clock,,err/bound=0.00193,model: pred_ms=1.4372 waves=5 resident=4 bound=smem fma_step=256 lds_step=512 latency_exposed=0
572f506,23.1.2,13.3,NVIDIA RTX A6000,24153819,2026-09-27T04:28:06-07:00,mbr,2560x2560x2560,f32,"tforge-gpu-pipeline{block-tile=128,32 thread-tile=4,4 tile-k=16 promote=1 vectorize=1}",b128x32-t4x4-k16; grid=80x20x1 block=8x32x1 padded=2560x2560x2560; regs=64 smem=10240 blocks/SM=4 occ=0.667,,10,100,2.87232,2.551712,0.037806,GFLOP/s,11681.996434937611,1890,28.74% of FP32 peak at median clock,,err/bound=0.00193,model: pred_ms=1.4372 waves=5 resident=4 bound=smem fma_step=512 lds_step=1024 latency_exposed=0
572f506,23.1.2,13.3,NVIDIA RTX A6000,24153819,2026-09-27T04:28:06-07:00,mbr,2560x2560x2560,f32,"tforge-gpu-pipeline{block-tile=128,32 thread-tile=4,4 tile-k=32 promote=1 vectorize=1}",b128x32-t4x4-k32; grid=80x20x1 block=8x32x1 padded=2560x2560x2560; regs=66 smem=20480 blocks/SM=3 occ=0.5,,10,100,2.631568,2.296832,0.045982,GFLOP/s,12750.737203066763,1890,31.37% of FP32 peak at median clock,,err/bound=0.00193,model: pred_ms=1.5091 waves=7 resident=3 bound=smem fma_step=1024 lds_step=2048 latency_exposed=0
572f506,23.1.2,13.3,NVIDIA RTX A6000,24153819,2026-09-27T04:28:06-07:00,mbr,2560x2560x2560,f32,"tforge-gpu-pipeline{block-tile=128,32 thread-tile=8,4 tile-k=8 promote=1 vectorize=1}",b128x32-t8x4-k8; grid=80x20x1 block=8x16x1 padded=2560x2560x2560; regs=90 smem=5120 blocks/SM=5 occ=0.417,,10,100,2.71872,2.388992,0.043063,GFLOP/s,12341.996233521659,1890,30.37% of FP32 peak at median clock,,err/bound=0.00193,model: pred_ms=1.0779 waves=4 resident=5 bound=smem fma_step=256 lds_step=384 latency_exposed=0
572f506,23.1.2,13.3,NVIDIA RTX A6000,24153819,2026-09-27T04:28:06-07:00,mbr,2560x2560x2560,f32,"tforge-gpu-pipeline{block-tile=128,32 thread-tile=8,4 tile-k=16 promote=1 vectorize=1}",b128x32-t8x4-k16; grid=80x20x1 block=8x16x1 padded=2560x2560x2560; regs=96 smem=10240 blocks/SM=5 occ=0.417,,10,100,2.410432,2.066432,0.066904,GFLOP/s,13920.505535937125,1890,34.25% of FP32 peak at median clock,,err/bound=0.00193,model: pred_ms=1.0779 waves=4 resident=5 bound=smem fma_step=512 lds_step=768 latency_exposed=0
572f506,23.1.2,13.3,NVIDIA RTX A6000,24153819,2026-09-27T04:28:06-07:00,mbr,2560x2560x2560,f32,"tforge-gpu-pipeline{block-tile=128,32 thread-tile=8,4 tile-k=32 promote=1 vectorize=1}",b128x32-t8x4-k32; grid=80x20x1 block=8x16x1 padded=2560x2560x2560; regs=110 smem=20480 blocks/SM=4 occ=0.333,,10,100,2.266944,1.97632,0.089757,GFLOP/s,14801.614861240509,1890,36.42% of FP32 peak at median clock,,err/bound=0.00193,model: pred_ms=1.0779 waves=5 resident=4 bound=smem fma_step=1024 lds_step=1536 latency_exposed=0
572f506,23.1.2,13.3,NVIDIA RTX A6000,24153819,2026-09-27T04:28:06-07:00,mbr,2560x2560x2560,f32,"tforge-gpu-pipeline{block-tile=128,32 thread-tile=4,8 tile-k=8 promote=1 vectorize=1}",b128x32-t4x8-k8; grid=80x20x1 block=4x32x1 padded=2560x2560x2560; regs=80 smem=5120 blocks/SM=6 occ=0.5,,10,100,3.140656,2.843488,0.054328,GFLOP/s,10683.892791824383,1890,26.29% of FP32 peak at median clock,,err/bound=0.00193,model: pred_ms=1.2935 waves=4 resident=6 bound=smem fma_step=256 lds_step=384 latency_exposed=0
572f506,23.1.2,13.3,NVIDIA RTX A6000,24153819,2026-09-27T04:28:06-07:00,mbr,2560x2560x2560,f32,"tforge-gpu-pipeline{block-tile=128,32 thread-tile=4,8 tile-k=16 promote=1 vectorize=1}",b128x32-t4x8-k16; grid=80x20x1 block=4x32x1 padded=2560x2560x2560; regs=80 smem=10240 blocks/SM=6 occ=0.5,,10,100,2.895808,2.578272,0.071582,GFLOP/s,11587.243353150485,1890,28.51% of FP32 peak at median clock,,err/bound=0.00193,model: pred_ms=1.2935 waves=4 resident=6 bound=smem fma_step=512 lds_step=768 latency_exposed=0
572f506,23.1.2,13.3,NVIDIA RTX A6000,24153819,2026-09-27T04:28:06-07:00,mbr,2560x2560x2560,f32,"tforge-gpu-pipeline{block-tile=128,32 thread-tile=4,8 tile-k=32 promote=1 vectorize=1}",b128x32-t4x8-k32; grid=80x20x1 block=4x32x1 padded=2560x2560x2560; regs=102 smem=20480 blocks/SM=4 occ=0.333,,10,100,2.671616,2.374656,0.051878,GFLOP/s,12559.601379839018,1890,30.90% of FP32 peak at median clock,,err/bound=0.00193,model: pred_ms=1.0779 waves=5 resident=4 bound=smem fma_step=1024 lds_step=1536 latency_exposed=0
572f506,23.1.2,13.3,NVIDIA RTX A6000,24153819,2026-09-27T04:28:06-07:00,mbr,2560x2560x2560,f32,"tforge-gpu-pipeline{block-tile=128,32 thread-tile=8,8 tile-k=8 promote=1 vectorize=1}",b128x32-t8x8-k8; grid=80x20x1 block=4x16x1 padded=2560x2560x2560; regs=128 smem=5120 blocks/SM=8 occ=0.333,,10,100,2.783232,2.58048,0.027265,GFLOP/s,12055.923473142017,1890,29.66% of FP32 peak at median clock,,err/bound=0.00193,model: pred_ms=0.8623 waves=3 resident=8 bound=fma fma_step=256 lds_step=256 latency_exposed=0
572f506,23.1.2,13.3,NVIDIA RTX A6000,24153819,2026-09-27T04:28:06-07:00,mbr,2560x2560x2560,f32,"tforge-gpu-pipeline{block-tile=128,32 thread-tile=8,8 tile-k=16 promote=1 vectorize=1}",b128x32-t8x8-k16; grid=80x20x1 block=4x16x1 padded=2560x2560x2560; regs=127 smem=10240 blocks/SM=8 occ=0.333,,10,100,2.459648,2.166784,0.037105,GFLOP/s,13641.96502914238,1890,33.57% of FP32 peak at median clock,,err/bound=0.00193,model: pred_ms=0.8623 waves=3 resident=8 bound=fma fma_step=512 lds_step=512 latency_exposed=0
572f506,23.1.2,13.3,NVIDIA RTX A6000,24153819,2026-09-27T04:28:06-07:00,mbr,2560x2560x2560,f32,"tforge-gpu-pipeline{block-tile=128,32 thread-tile=8,8 tile-k=32 promote=1 vectorize=1}",b128x32-t8x8-k32; grid=80x20x1 block=4x16x1 padded=2560x2560x2560; regs=162 smem=20480 blocks/SM=4 occ=0.167,,10,100,2.361344,2.14336,0.063327,GFLOP/s,14209.887250650476,1890,34.96% of FP32 peak at median clock,,err/bound=0.00193,model: pred_ms=0.7186 waves=5 resident=4 bound=fma fma_step=1024 lds_step=1024 latency_exposed=0
572f506,23.1.2,13.3,NVIDIA RTX A6000,24153819,2026-09-27T04:28:06-07:00,mbr,2560x2560x2560,f32,"tforge-gpu-pipeline{block-tile=128,64 thread-tile=4,4 tile-k=8 promote=1 vectorize=1}",b128x64-t4x4-k8; grid=40x20x1 block=16x32x1 padded=2560x2560x2560; regs=64 smem=6144 blocks/SM=2 occ=0.667,,10,100,2.777088,2.542592,0.04338,GFLOP/s,12082.59587020649,1890,29.73% of FP32 peak at median clock,,err/bound=0.00193,model: pred_ms=1.4372 waves=5 resident=2 bound=smem fma_step=512 lds_step=1024 latency_exposed=0
572f506,23.1.2,13.3,NVIDIA RTX A6000,24153819,2026-09-27T04:28:06-07:00,mbr,2560x2560x2560,f32,"tforge-gpu-pipeline{block-tile=128,64 thread-tile=4,4 tile-k=16 promote=1 vectorize=1}",b128x64-t4x4-k16; grid=40x20x1 block=16x32x1 padded=2560x2560x2560; regs=60 smem=12288 blocks/SM=2 occ=0.667,,10,100,2.390016,2.156544,0.080482,GFLOP/s,14039.417309340188,1890,34.54% of FP32 peak at median clock,,err/bound=0.00193,model: pred_ms=1.4372 waves=5 resident=2 bound=smem fma_step=1024 lds_step=2048 latency_exposed=0
572f506,23.1.2,13.3,NVIDIA RTX A6000,24153819,2026-09-27T04:28:06-07:00,mbr,2560x2560x2560,f32,"tforge-gpu-pipeline{block-tile=128,64 thread-tile=4,4 tile-k=32 promote=1 vectorize=1}",b128x64-t4x4-k32; grid=40x20x1 block=16x32x1 padded=2560x2560x2560; regs=64 smem=24576 blocks/SM=2 occ=0.667,,10,100,2.243584,1.90976,0.076284,GFLOP/s,14955.727978092198,1890,36.80% of FP32 peak at median clock,,err/bound=0.00193,model: pred_ms=1.4372 waves=5 resident=2 bound=smem fma_step=2048 lds_step=4096 latency_exposed=0
572f506,23.1.2,13.3,NVIDIA RTX A6000,24153819,2026-09-27T04:28:06-07:00,mbr,2560x2560x2560,f32,"tforge-gpu-pipeline{block-tile=128,64 thread-tile=8,4 tile-k=8 promote=1 vectorize=1}",b128x64-t8x4-k8; grid=40x20x1 block=16x16x1 padded=2560x2560x2560; regs=94 smem=6144 blocks/SM=2 occ=0.333,,10,100,2.128384,1.897472,0.042001,GFLOP/s,15765.215299494828,1890,38.79% of FP32 peak at median clock,,err/bound=0.00193,model: pred_ms=1.0779 waves=5 resident=2 bound=smem fma_step=512 lds_step=768 latency_exposed=0
572f506,23.1.2,13.3,NVIDIA RTX A6000,24153819,2026-09-27T04:28:06-07:00,mbr,2560x2560x2560,f32,"tforge-gpu-pipeline{block-tile=128,64 thread-tile=8,4 tile-k=16 promote=1 vectorize=1}",b128x64-t8x4-k16; grid=40x20x1 block=16x16x1 padded=2560x2560x2560; regs=90 smem=12288 blocks/SM=2 occ=0.333,,10,100,1.967104,1.711936,0.054083,GFLOP/s,17057.782404997397,1890,41.97% of FP32 peak at median clock,,err/bound=0.00193,model: pred_ms=1.0779 waves=5 resident=2 bound=smem fma_step=1024 lds_step=1536 latency_exposed=0
572f506,23.1.2,13.3,NVIDIA RTX A6000,24153819,2026-09-27T04:28:06-07:00,mbr,2560x2560x2560,f32,"tforge-gpu-pipeline{block-tile=128,64 thread-tile=8,4 tile-k=32 promote=1 vectorize=1}",b128x64-t8x4-k32; grid=40x20x1 block=16x16x1 padded=2560x2560x2560; regs=102 smem=24576 blocks/SM=2 occ=0.333,,10,100,1.866752,1.61568,0.0564,GFLOP/s,17974.76686780033,1890,44.23% of FP32 peak at median clock,,err/bound=0.00193,model: pred_ms=1.0779 waves=5 resident=2 bound=smem fma_step=2048 lds_step=3072 latency_exposed=0
572f506,23.1.2,13.3,NVIDIA RTX A6000,24153819,2026-09-27T04:28:06-07:00,mbr,2560x2560x2560,f32,"tforge-gpu-pipeline{block-tile=128,64 thread-tile=4,8 tile-k=8 promote=1 vectorize=1}",b128x64-t4x8-k8; grid=40x20x1 block=8x32x1 padded=2560x2560x2560; regs=80 smem=6144 blocks/SM=3 occ=0.5,,10,100,3.028992,2.917376,0.017936,GFLOP/s,11077.755240027045,1890,27.26% of FP32 peak at median clock,,err/bound=0.00193,model: pred_ms=1.2935 waves=4 resident=3 bound=smem fma_step=512 lds_step=768 latency_exposed=0
572f506,23.1.2,13.3,NVIDIA RTX A6000,24153819,2026-09-27T04:28:06-07:00,mbr,2560x2560x2560,f32,"tforge-gpu-pipeline{block-tile=128,64 thread-tile=4,8 tile-k=16 promote=1 vectorize=1}",b128x64-t4x8-k16; grid=40x20x1 block=8x32x1 padded=2560x2560x2560; regs=80 smem=12288 blocks/SM=3 occ=0.5,,10,100,2.880512,2.695168,0.040532,GFLOP/s,11648.773551368646,1890,28.66% of FP32 peak at median clock,,err/bound=0.00193,model: pred_ms=1.2935 waves=4 resident=3 bound=smem fma_step=1024 lds_step=1536 latency_exposed=0
572f506,23.1.2,13.3,NVIDIA RTX A6000,24153819,2026-09-27T04:28:06-07:00,mbr,2560x2560x2560,f32,"tforge-gpu-pipeline{block-tile=128,64 thread-tile=4,8 tile-k=32 promote=1 vectorize=1}",b128x64-t4x8-k32; grid=40x20x1 block=8x32x1 padded=2560x2560x2560; regs=80 smem=24576 blocks/SM=3 occ=0.5,,10,100,2.79464,2.673664,0.024851,GFLOP/s,12006.709987690723,1890,29.54% of FP32 peak at median clock,,err/bound=0.00193,model: pred_ms=1.2935 waves=4 resident=3 bound=smem fma_step=2048 lds_step=3072 latency_exposed=0
572f506,23.1.2,13.3,NVIDIA RTX A6000,24153819,2026-09-27T04:28:06-07:00,mbr,2560x2560x2560,f32,"tforge-gpu-pipeline{block-tile=128,64 thread-tile=8,8 tile-k=8 promote=1 vectorize=1}",b128x64-t8x8-k8; grid=40x20x1 block=8x16x1 padded=2560x2560x2560; regs=128 smem=6144 blocks/SM=4 occ=0.333,,10,100,2.24256,1.973248,0.035829,GFLOP/s,14962.55707762557,1890,36.81% of FP32 peak at median clock,,err/bound=0.00193,model: pred_ms=0.8623 waves=3 resident=4 bound=fma fma_step=512 lds_step=512 latency_exposed=0
572f506,23.1.2,13.3,NVIDIA RTX A6000,24153819,2026-09-27T04:28:06-07:00,mbr,2560x2560x2560,f32,"tforge-gpu-pipeline{block-tile=128,64 thread-tile=8,8 tile-k=16 promote=1 vectorize=1}",b128x64-t8x8-k16; grid=40x20x1 block=8x16x1 padded=2560x2560x2560; regs=128 smem=12288 blocks/SM=4 occ=0.333,,10,100,2.095648,1.834272,0.077665,GFLOP/s,16011.482844447157,1890,39.40% of FP32 peak at median clock,,err/bound=0.00193,model: pred_ms=0.8623 waves=3 resident=4 bound=fma fma_step=1024 lds_step=1024 latency_exposed=0
572f506,23.1.2,13.3,NVIDIA RTX A6000,24153819,2026-09-27T04:28:06-07:00,mbr,2560x2560x2560,f32,"tforge-gpu-pipeline{block-tile=128,64 thread-tile=8,8 tile-k=32 promote=1 vectorize=1}",b128x64-t8x8-k32; grid=40x20x1 block=8x16x1 padded=2560x2560x2560; regs=127 smem=24576 blocks/SM=4 occ=0.333,,10,100,2.054144,1.802176,0.050338,GFLOP/s,16334.995014955135,1890,40.19% of FP32 peak at median clock,,err/bound=0.00193,model: pred_ms=0.8623 waves=3 resident=4 bound=fma fma_step=2048 lds_step=2048 latency_exposed=0
572f506,23.1.2,13.3,NVIDIA RTX A6000,24153819,2026-09-27T04:28:06-07:00,mbr,2560x2560x2560,f32,"tforge-gpu-pipeline{block-tile=128,128 thread-tile=4,4 tile-k=8 promote=1 vectorize=1}",b128x128-t4x4-k8; grid=20x20x1 block=32x32x1 padded=2560x2560x2560; regs=64 smem=8192 blocks/SM=1 occ=0.667,,10,100,2.761664,2.620224,0.042619,GFLOP/s,12150.077634353782,1890,29.89% of FP32 peak at median clock,,err/bound=0.00193,model: pred_ms=1.8582 waves=5 resident=1 bound=smem fma_step=1024 lds_step=2048 latency_exposed=1
572f506,23.1.2,13.3,NVIDIA RTX A6000,24153819,2026-09-27T04:28:06-07:00,mbr,2560x2560x2560,f32,"tforge-gpu-pipeline{block-tile=128,128 thread-tile=4,4 tile-k=16 promote=1 vectorize=1}",b128x128-t4x4-k16; grid=20x20x1 block=32x32x1 padded=2560x2560x2560; regs=64 smem=16384 blocks/SM=1 occ=0.667,,10,100,2.450432,2.24768,0.070432,GFLOP/s,13693.27204346009,1890,33.69% of FP32 peak at median clock,,err/bound=0.00193,model: pred_ms=1.6477 waves=5 resident=1 bound=smem fma_step=2048 lds_step=4096 latency_exposed=1
572f506,23.1.2,13.3,NVIDIA RTX A6000,24153819,2026-09-27T04:28:06-07:00,mbr,2560x2560x2560,f32,"tforge-gpu-pipeline{block-tile=128,128 thread-tile=4,4 tile-k=32 promote=1 vectorize=1}",b128x128-t4x4-k32; grid=20x20x1 block=32x32x1 padded=2560x2560x2560; regs=64 smem=32768 blocks/SM=1 occ=0.667,,10,100,2.294784,2.007904,0.061216,GFLOP/s,14622.043730477466,1890,35.98% of FP32 peak at median clock,,err/bound=0.00193,model: pred_ms=1.5425 waves=5 resident=1 bound=smem fma_step=4096 lds_step=8192 latency_exposed=1
572f506,23.1.2,13.3,NVIDIA RTX A6000,24153819,2026-09-27T04:28:06-07:00,mbr,2560x2560x2560,f32,"tforge-gpu-pipeline{block-tile=128,128 thread-tile=8,4 tile-k=8 promote=1 vectorize=1}",b128x128-t8x4-k8; grid=20x20x1 block=32x16x1 padded=2560x2560x2560; regs=94 smem=8192 blocks/SM=1 occ=0.333,,10,100,2.492624,2.353408,0.042203,GFLOP/s,13461.489578853449,1890,33.12% of FP32 peak at median clock,,err/bound=0.00193,model: pred_ms=1.4989 waves=5 resident=1 bound=smem fma_step=1024 lds_step=1536 latency_exposed=1
572f506,23.1.2,13.3,NVIDIA RTX A6000,24153819,2026-09-27T04:28:06-07:00,mbr,2560x2560x2560,f32,"tforge-gpu-pipeline{block-tile=128,128 thread-tile=8,4 tile-k=16 promote=1 vectorize=1}",b128x128-t8x4-k16; grid=20x20x1 block=32x16x1 padded=2560x2560x2560; regs=96 smem=16384 blocks/SM=1 occ=0.333,,10,100,2.095504,1.903616,0.03556,GFLOP/s,16012.583130359091,1890,39.40% of FP32 peak at median clock,,err/bound=0.00193,model: pred_ms=1.2884 waves=5 resident=1 bound=smem fma_step=2048 lds_step=3072 latency_exposed=1
572f506,23.1.2,13.3,NVIDIA RTX A6000,24153819,2026-09-27T04:28:06-07:00,mbr,2560x2560x2560,f32,"tforge-gpu-pipeline{block-tile=128,128 thread-tile=8,4 tile-k=32 promote=1 vectorize=1}",b128x128-t8x4-k32; grid=20x20x1 block=32x16x1 padded=2560x2560x2560; regs=96 smem=32768 blocks/SM=1 occ=0.333,,10,100,1.917952,1.708896,0.057811,GFLOP/s,17494.927923117993,1890,43.05% of FP32 peak at median clock,,err/bound=0.00193,model: pred_ms=1.1832 waves=5 resident=1 bound=smem fma_step=4096 lds_step=6144 latency_exposed=1
572f506,23.1.2,13.3,NVIDIA RTX A6000,24153819,2026-09-27T04:28:06-07:00,mbr,2560x2560x2560,f32,"tforge-gpu-pipeline{block-tile=128,128 thread-tile=4,8 tile-k=8 promote=1 vectorize=1}",b128x128-t4x8-k8; grid=20x20x1 block=16x32x1 padded=2560x2560x2560; regs=88 smem=8192 blocks/SM=1 occ=0.333,,10,100,3.243424,3.136512,0.036016,GFLOP/s,10345.373284528941,1890,25.45% of FP32 peak at median clock,,err/bound=0.00193,model: pred_ms=1.4989 waves=5 resident=1 bound=smem fma_step=1024 lds_step=1536 latency_exposed=1
572f506,23.1.2,13.3,NVIDIA RTX A6000,24153819,2026-09-27T04:28:06-07:00,mbr,2560x2560x2560,f32,"tforge-gpu-pipeline{block-tile=128,128 thread-tile=4,8 tile-k=16 promote=1 vectorize=1}",b128x128-t4x8-k16; grid=20x20x1 block=16x32x1 padded=2560x2560x2560; regs=94 smem=16384 blocks/SM=1 occ=0.333,,10,100,2.757632,2.623232,0.025279,GFLOP/s,12167.842554771629,1890,29.94% of FP32 peak at median clock,,err/bound=0.00193,model: pred_ms=1.2884 waves=5 resident=1 bound=smem fma_step=2048 lds_step=3072 latency_exposed=1
572f506,23.1.2,13.3,NVIDIA RTX A6000,24153819,2026-09-27T04:28:06-07:00,mbr,2560x2560x2560,f32,"tforge-gpu-pipeline{block-tile=128,128 thread-tile=4,8 tile-k=32 promote=1 vectorize=1}",b128x128-t4x8-k32; grid=20x20x1 block=16x32x1 padded=2560x2560x2560; regs=100 smem=32768 blocks/SM=1 occ=0.333,,10,100,2.65112,2.51392,0.020873,GFLOP/s,12656.70056428981,1890,31.14% of FP32 peak at median clock,,err/bound=0.00193,model: pred_ms=1.1832 waves=5 resident=1 bound=smem fma_step=4096 lds_step=6144 latency_exposed=1
572f506,23.1.2,13.3,NVIDIA RTX A6000,24153819,2026-09-27T04:28:06-07:00,mbr,2560x2560x2560,f32,"tforge-gpu-pipeline{block-tile=128,128 thread-tile=8,8 tile-k=8 promote=1 vectorize=1}",b128x128-t8x8-k8; grid=20x20x1 block=16x16x1 padded=2560x2560x2560; regs=128 smem=8192 blocks/SM=2 occ=0.333,,10,100,2.045952,1.844224,0.035838,GFLOP/s,16400.4004004004,1890,40.35% of FP32 peak at median clock,,err/bound=0.00193,model: pred_ms=0.8623 waves=3 resident=2 bound=fma fma_step=1024 lds_step=1024 latency_exposed=0
572f506,23.1.2,13.3,NVIDIA RTX A6000,24153819,2026-09-27T04:28:06-07:00,mbr,2560x2560x2560,f32,"tforge-gpu-pipeline{block-tile=128,128 thread-tile=8,8 tile-k=16 promote=1 vectorize=1}",b128x128-t8x8-k16; grid=20x20x1 block=16x16x1 padded=2560x2560x2560; regs=128 smem=16384 blocks/SM=2 occ=0.333,,10,100,1.916928,1.696768,0.05106,GFLOP/s,17504.273504273504,1890,43.07% of FP32 peak at median clock,,err/bound=0.00193,model: pred_ms=0.8623 waves=3 resident=2 bound=fma fma_step=2048 lds_step=2048 latency_exposed=0
572f506,23.1.2,13.3,NVIDIA RTX A6000,24153819,2026-09-27T04:28:06-07:00,mbr,2560x2560x2560,f32,"tforge-gpu-pipeline{block-tile=128,128 thread-tile=8,8 tile-k=32 promote=1 vectorize=1}",b128x128-t8x8-k32; grid=20x20x1 block=16x16x1 padded=2560x2560x2560; regs=128 smem=32768 blocks/SM=2 occ=0.333,,10,100,1.82784,1.609728,0.050405,GFLOP/s,18357.422969187675,1890,45.17% of FP32 peak at median clock,,err/bound=0.00193,model: pred_ms=0.8623 waves=3 resident=2 bound=fma fma_step=4096 lds_step=4096 latency_exposed=0
572f506,23.1.2,13.3,NVIDIA RTX A6000,24153819,2026-09-27T04:28:06-07:00,mbr,1000x1000x1000,f32,"tforge-gpu-pipeline{block-tile=32,32 thread-tile=4,4 tile-k=8 promote=1 vectorize=1}",b32x32-t4x4-k8; grid=32x32x1 block=8x8x1 padded=1024x1024x1000; regs=64 smem=2048 blocks/SM=16 occ=0.667,,10,100,0.233472,0.231424,0.001387,GFLOP/s,8566.337719298244,1800,22.13% of FP32 peak at median clock,,err/bound=0.00366,model: pred_ms=0.0912 waves=1 resident=13 bound=smem fma_step=64 lds_step=128 latency_exposed=0
572f506,23.1.2,13.3,NVIDIA RTX A6000,24153819,2026-09-27T04:28:06-07:00,mbr,1000x1000x1000,f32,"tforge-gpu-pipeline{block-tile=32,32 thread-tile=4,4 tile-k=16 promote=1 vectorize=1}",b32x32-t4x4-k16; grid=32x32x1 block=8x8x1 padded=1024x1024x1008; regs=62 smem=4096 blocks/SM=16 occ=0.667,,10,100,0.22528,0.223232,0.000943,GFLOP/s,8877.840909090908,1800,22.94% of FP32 peak at median clock,,err/bound=0.00366,model: pred_ms=0.0920 waves=1 resident=13 bound=smem fma_step=128 lds_step=256 latency_exposed=0
572f506,23.1.2,13.3,NVIDIA RTX A6000,24153819,2026-09-27T04:28:06-07:00,mbr,1000x1000x1000,f32,"tforge-gpu-pipeline{block-tile=32,32 thread-tile=4,4 tile-k=32 promote=1 vectorize=1}",b32x32-t4x4-k32; grid=32x32x1 block=8x8x1 padded=1024x1024x1024; regs=80 smem=8192 blocks/SM=11 occ=0.458,,10,100,0.214016,0.211968,0.00115,GFLOP/s,9345.095693779904,1800,24.14% of FP32 peak at median clock,,err/bound=0.00366,model: pred_ms=0.1581 waves=2 resident=11 bound=smem fma_step=256 lds_step=512 latency_exposed=0
572f506,23.1.2,13.3,NVIDIA RTX A6000,24153819,2026-09-27T04:28:06-07:00,mbr,1000x1000x1000,f32,"tforge-gpu-pipeline{block-tile=32,32 thread-tile=8,4 tile-k=8 promote=1 vectorize=1}",b32x32-t8x4-k8; grid=32x32x1 block=8x4x1 padded=1024x1024x1000; regs=108 smem=2048 blocks/SM=16 occ=0.333,,10,100,0.227616,0.226304,0.001201,GFLOP/s,8786.728525235485,1800,22.70% of FP32 peak at median clock,,err/bound=0.00366,model: pred_ms=0.0684 waves=1 resident=13 bound=smem fma_step=64 lds_step=96 latency_exposed=0
572f506,23.1.2,13.3,NVIDIA RTX A6000,24153819,2026-09-27T04:28:06-07:00,mbr,1000x1000x1000,f32,"tforge-gpu-pipeline{block-tile=32,32 thread-tile=8,4 tile-k=16 promote=1 vectorize=1}",b32x32-t8x4-k16; grid=32x32x1 block=8x4x1 padded=1024x1024x1008; regs=108 smem=4096 blocks/SM=16 occ=0.333,,10,100,0.211968,0.209696,0.001073,GFLOP/s,9435.386473429953,1800,24.38% of FP32 peak at median clock,,err/bound=0.00366,model: pred_ms=0.0690 waves=1 resident=13 bound=smem fma_step=128 lds_step=192 latency_exposed=0
572f506,23.1.2,13.3,NVIDIA RTX A6000,24153819,2026-09-27T04:28:06-07:00,mbr,1000x1000x1000,f32,"tforge-gpu-pipeline{block-tile=32,32 thread-tile=8,4 tile-k=32 promote=1 vectorize=1}",b32x32-t8x4-k32; grid=32x32x1 block=8x4x1 padded=1024x1024x1024; regs=118 smem=8192 blocks/SM=11 occ=0.229,,10,100,0.202752,0.200704,0.001373,GFLOP/s,9864.267676767678,1800,25.48% of FP32 peak at median clock,,err/bound=0.00366,model: pred_ms=0.1186 waves=2 resident=11 bound=smem fma_step=256 lds_step=384 latency_exposed=0
572f506,23.1.2,13.3,NVIDIA RTX A6000,24153819,2026-09-27T04:28:06-07:00,mbr,1000x1000x1000,f32,"tforge-gpu-pipeline{block-tile=32,32 thread-tile=4,8 tile-k=8 promote=1 vectorize=1}",b32x32-t4x8-k8; grid=32x32x1 block=4x8x1 padded=1024x1024x1000; regs=104 smem=2048 blocks/SM=16 occ=0.333,,10,100,0.261296,0.259072,0.001266,GFLOP/s,7654.154675157676,1800,19.77% of FP32 peak at median clock,,err/bound=0.00366,model: pred_ms=0.0684 waves=1 resident=13 bound=smem fma_step=64 lds_step=96 latency_exposed=0
572f506,23.1.2,13.3,NVIDIA RTX A6000,24153819,2026-09-27T04:28:06-07:00,mbr,1000x1000x1000,f32,"tforge-gpu-pipeline{block-tile=32,32 thread-tile=4,8 tile-k=16 promote=1 vectorize=1}",b32x32-t4x8-k16; grid=32x32x1 block=4x8x1 padded=1024x1024x1008; regs=106 smem=4096 blocks/SM=16 occ=0.333,,10,100,0.247536,0.244864,0.001033,GFLOP/s,8079.6328614827735,1800,20.87% of FP32 peak at median clock,,err/bound=0.00366,model: pred_ms=0.0690 waves=1 resident=13 bound=smem fma_step=128 lds_step=192 latency_exposed=0
572f506,23.1.2,13.3,NVIDIA RTX A6000,24153819,2026-09-27T04:28:06-07:00,mbr,1000x1000x1000,f32,"tforge-gpu-pipeline{block-tile=32,32 thread-tile=4,8 tile-k=32 promote=1 vectorize=1}",b32x32-t4x8-k32; grid=32x32x1 block=4x8x1 padded=1024x1024x1024; regs=126 smem=8192 blocks/SM=11 occ=0.229,,10,100,0.237536,0.23552,0.001183,GFLOP/s,8419.776370739593,1800,21.75% of FP32 peak at median clock,,err/bound=0.00366,model: pred_ms=0.1186 waves=2 resident=11 bound=smem fma_step=256 lds_step=384 latency_exposed=0
572f506,23.1.2,13.3,NVIDIA RTX A6000,24153819,2026-09-27T04:28:06-07:00,mbr,1000x1000x1000,f32,"tforge-gpu-pipeline{block-tile=32,64 thread-tile=4,4 tile-k=8 promote=1 vectorize=1}",b32x64-t4x4-k8; grid=16x32x1 block=16x8x1 padded=1024x1024x1000; regs=64 smem=3072 blocks/SM=8 occ=0.667,,10,100,0.208896,0.206848,0.001872,GFLOP/s,9574.142156862745,1800,24.73% of FP32 peak at median clock,,err/bound=0.00366,model: pred_ms=0.0982 waves=1 resident=7 bound=smem fma_step=128 lds_step=256 latency_exposed=0
572f506,23.1.2,13.3,NVIDIA RTX A6000,24153819,2026-09-27T04:28:06-07:00,mbr,1000x1000x1000,f32,"tforge-gpu-pipeline{block-tile=32,64 thread-tile=4,4 tile-k=16 promote=1 vectorize=1}",b32x64-t4x4-k16; grid=16x32x1 block=16x8x1 padded=1024x1024x1008; regs=63 smem=6144 blocks/SM=8 occ=0.667,,10,100,0.194352,0.191488,0.001138,GFLOP/s,10290.606734173047,1800,26.59% of FP32 peak at median clock,,err/bound=0.00366,model: pred_ms=0.0990 waves=1 resident=7 bound=smem fma_step=256 lds_step=512 latency_exposed=0
572f506,23.1.2,13.3,NVIDIA RTX A6000,24153819,2026-09-27T04:28:06-07:00,mbr,1000x1000x1000,f32,"tforge-gpu-pipeline{block-tile=32,64 thread-tile=4,4 tile-k=32 promote=1 vectorize=1}",b32x64-t4x4-k32; grid=16x32x1 block=16x8x1 padded=1024x1024x1024; regs=70 smem=12288 blocks/SM=7 occ=0.583,,10,100,0.195584,0.193408,0.001123,GFLOP/s,10225.785340314136,1800,26.42% of FP32 peak at median clock,,err/bound=0.00366,model: pred_ms=0.1006 waves=1 resident=7 bound=smem fma_step=512 lds_step=1024 latency_exposed=0
572f506,23.1.2,13.3,NVIDIA RTX A6000,24153819,2026-09-27T04:28:06-07:00,mbr,1000x1000x1000,f32,"tforge-gpu-pipeline{block-tile=32,64 thread-tile=8,4 tile-k=8 promote=1 vectorize=1}",b32x64-t8x4-k8; grid=16x32x1 block=16x4x1 padded=1024x1024x1000; regs=96 smem=3072 blocks/SM=10 occ=0.417,,10,100,0.18624,0.183296,0.020562,GFLOP/s,10738.831615120276,1800,27.74% of FP32 peak at median clock,,err/bound=0.00366,model: pred_ms=0.0737 waves=1 resident=7 bound=smem fma_step=128 lds_step=192 latency_exposed=0
572f506,23.1.2,13.3,NVIDIA RTX A6000,24153819,2026-09-27T04:28:06-07:00,mbr,1000x1000x1000,f32,"tforge-gpu-pipeline{block-tile=32,64 thread-tile=8,4 tile-k=16 promote=1 vectorize=1}",b32x64-t8x4-k16; grid=16x32x1 block=16x4x1 padded=1024x1024x1008; regs=94 smem=6144 blocks/SM=10 occ=0.417,,10,100,0.18432,0.182336,0.000984,GFLOP/s,10850.694444444443,1800,28.03% of FP32 peak at median clock,,err/bound=0.00366,model: pred_ms=0.0743 waves=1 resident=7 bound=smem fma_step=256 lds_step=384 latency_exposed=0
572f506,23.1.2,13.3,NVIDIA RTX A6000,24153819,2026-09-27T04:28:06-07:00,mbr,1000x1000x1000,f32,"tforge-gpu-pipeline{block-tile=32,64 thread-tile=8,4 tile-k=32 promote=1 vectorize=1}",b32x64-t8x4-k32; grid=16x32x1 block=16x4x1 padded=1024x1024x1024; regs=108 smem=12288 blocks/SM=7 occ=0.292,,10,100,0.182272,0.180224,0.000958,GFLOP/s,10972.612359550561,1800,28.35% of FP32 peak at median clock,,err/bound=0.00366,model: pred_ms=0.0755 waves=1 resident=7 bound=smem fma_step=512 lds_step=768 latency_exposed=0
572f506,23.1.2,13.3,NVIDIA RTX A6000,24153819,2026-09-27T04:28:06-07:00,mbr,1000x1000x1000,f32,"tforge-gpu-pipeline{block-tile=32,64 thread-tile=4,8 tile-k=8 promote=1 vectorize=1}",b32x64-t4x8-k8; grid=16x32x1 block=8x8x1 padded=1024x1024x1000; regs=80 smem=3072 blocks/SM=12 occ=0.5,,10,100,0.265008,0.262144,0.001209,GFLOP/s,7546.9419791100645,1800,19.50% of FP32 peak at median clock,,err/bound=0.00366,model: pred_ms=0.0737 waves=1 resident=7 bound=smem fma_step=128 lds_step=192 latency_exposed=0
572f506,23.1.2,13.3,NVIDIA RTX A6000,24153819,2026-09-27T04:28:06-07:00,mbr,1000x1000x1000,f32,"tforge-gpu-pipeline{block-tile=32,64 thread-tile=4,8 tile-k=16 promote=1 vectorize=1}",b32x64-t4x8-k16; grid=16x32x1 block=8x8x1 padded=1024x1024x1008; regs=80 smem=6144 blocks/SM=12 occ=0.5,,10,100,0.260096,0.258048,0.001415,GFLOP/s,7689.468503937007,1800,19.87% of FP32 peak at median clock,,err/bound=0.00366,model: pred_ms=0.0743 waves=1 resident=7 bound=smem fma_step=256 lds_step=384 latency_exposed=0
572f506,23.1.2,13.3,NVIDIA RTX A6000,24153819,2026-09-27T04:28:06-07:00,mbr,1000x1000x1000,f32,"tforge-gpu-pipeline{block-tile=32,64 thread-tile=4,8 tile-k=32 promote=1 vectorize=1}",b32x64-t4x8-k32; grid=16x32x1 block=8x8x1 padded=1024x1024x1024; regs=114 smem=12288 blocks/SM=7 occ=0.292,,10,100,0.264192,0.262144,0.001162,GFLOP/s,7570.251937984496,1800,19.56% of FP32 peak at median clock,,err/bound=0.00366,model: pred_ms=0.0755 waves=1 resident=7 bound=smem fma_step=512 lds_step=768 latency_exposed=0
572f506,23.1.2,13.3,NVIDIA RTX A6000,24153819,2026-09-27T04:28:06-07:00,mbr,1000x1000x1000,f32,"tforge-gpu-pipeline{block-tile=32,64 thread-tile=8,8 tile-k=8 promote=1 vectorize=1}",b32x64-t8x8-k8; grid=16x32x1 block=8x4x1 padded=1024x1024x1000; regs=128 smem=3072 blocks/SM=16 occ=0.333,,10,100,0.203808,0.200704,0.001384,GFLOP/s,9813.157481551265,1800,25.35% of FP32 peak at median clock,,err/bound=0.00366,model: pred_ms=0.0491 waves=1 resident=7 bound=fma fma_step=128 lds_step=128 latency_exposed=0
572f506,23.1.2,13.3,NVIDIA RTX A6000,24153819,2026-09-27T04:28:06-07:00,mbr,1000x1000x1000,f32,"tforge-gpu-pipeline{block-tile=32,64 thread-tile=8,8 tile-k=16 promote=1 vectorize=1}",b32x64-t8x8-k16; grid=16x32x1 block=8x4x1 padded=1024x1024x1008; regs=128 smem=6144 blocks/SM=14 occ=0.292,,10,100,0.208896,0.206848,0.001425,GFLOP/s,9574.142156862745,1800,24.73% of FP32 peak at median clock,,err/bound=0.00366,model: pred_ms=0.0495 waves=1 resident=7 bound=fma fma_step=256 lds_step=256 latency_exposed=0
572f506,23.1.2,13.3,NVIDIA RTX A6000,24153819,2026-09-27T04:28:06-07:00,mbr,1000x1000x1000,f32,"tforge-gpu-pipeline{block-tile=32,64 thread-tile=8,8 tile-k=32 promote=1 vectorize=1}",b32x64-t8x8-k32; grid=16x32x1 block=8x4x1 padded=1024x1024x1024; regs=178 smem=12288 blocks/SM=7 occ=0.146,,10,100,0.200704,0.198592,0.001536,GFLOP/s,9964.923469387753,1800,25.74% of FP32 peak at median clock,,err/bound=0.00366,model: pred_ms=0.0503 waves=1 resident=7 bound=fma fma_step=512 lds_step=512 latency_exposed=0
572f506,23.1.2,13.3,NVIDIA RTX A6000,24153819,2026-09-27T04:28:06-07:00,mbr,1000x1000x1000,f32,"tforge-gpu-pipeline{block-tile=32,128 thread-tile=4,4 tile-k=8 promote=1 vectorize=1}",b32x128-t4x4-k8; grid=8x32x1 block=32x8x1 padded=1024x1024x1000; regs=60 smem=5120 blocks/SM=4 occ=0.667,,10,100,0.2304,0.227328,0.001173,GFLOP/s,8680.555555555557,1800,22.43% of FP32 peak at median clock,,err/bound=0.00366,model: pred_ms=0.1123 waves=1 resident=4 bound=smem fma_step=256 lds_step=512 latency_exposed=0
572f506,23.1.2,13.3,NVIDIA RTX A6000,24153819,2026-09-27T04:28:06-07:00,mbr,1000x1000x1000,f32,"tforge-gpu-pipeline{block-tile=32,128 thread-tile=4,4 tile-k=16 promote=1 vectorize=1}",b32x128-t4x4-k16; grid=8x32x1 block=32x8x1 padded=1024x1024x1008; regs=62 smem=10240 blocks/SM=4 occ=0.667,,10,100,0.216064,0.214944,0.000894,GFLOP/s,9256.516587677725,1800,23.91% of FP32 peak at median clock,,err/bound=0.00366,model: pred_ms=0.1132 waves=1 resident=4 bound=smem fma_step=512 lds_step=1024 latency_exposed=0
572f506,23.1.2,13.3,NVIDIA RTX A6000,24153819,2026-09-27T04:28:06-07:00,mbr,1000x1000x1000,f32,"tforge-gpu-pipeline{block-tile=32,128 thread-tile=4,4 tile-k=32 promote=1 vectorize=1}",b32x128-t4x4-k32; grid=8x32x1 block=32x8x1 padded=1024x1024x1024; regs=66 smem=20480 blocks/SM=3 occ=0.5,,10,100,0.218112,0.216064,0.001293,GFLOP/s,9169.600938967134,1800,23.69% of FP32 peak at median clock,,err/bound=0.00366,model: pred_ms=0.1725 waves=2 resident=3 bound=smem fma_step=1024 lds_step=2048 latency_exposed=0
572f506,23.1.2,13.3,NVIDIA RTX A6000,24153819,2026-09-27T04:28:06-07:00,mbr,1000x1000x1000,f32,"tforge-gpu-pipeline{block-tile=32,128 thread-tile=8,4 tile-k=8 promote=1 vectorize=1}",b32x128-t8x4-k8; grid=8x32x1 block=32x4x1 padded=1024x1024x1000; regs=86 smem=5120 blocks/SM=5 occ=0.417,,10,100,0.186368,0.18512,0.000981,GFLOP/s,10731.456043956043,1800,27.72% of FP32 peak at median clock,,err/bound=0.00366,model: pred_ms=0.0842 waves=1 resident=4 bound=smem fma_step=256 lds_step=384 latency_exposed=0
572f506,23.1.2,13.3,NVIDIA RTX A6000,24153819,2026-09-27T04:28:06-07:00,mbr,1000x1000x1000,f32,"tforge-gpu-pipeline{block-tile=32,128 thread-tile=8,4 tile-k=16 promote=1 vectorize=1}",b32x128-t8x4-k16; grid=8x32x1 block=32x4x1 padded=1024x1024x1008; regs=91 smem=10240 blocks/SM=5 occ=0.417,,10,100,0.185344,0.183296,0.001282,GFLOP/s,10790.74585635359,1800,27.88% of FP32 peak at median clock,,err/bound=0.00366,model: pred_ms=0.0849 waves=1 resident=4 bound=smem fma_step=512 lds_step=768 latency_exposed=0
572f506,23.1.2,13.3,NVIDIA RTX A6000,24153819,2026-09-27T04:28:06-07:00,mbr,1000x1000x1000,f32,"tforge-gpu-pipeline{block-tile=32,128 thread-tile=8,4 tile-k=32 promote=1 vectorize=1}",b32x128-t8x4-k32; grid=8x32x1 block=32x4x1 padded=1024x1024x1024; regs=106 smem=20480 blocks/SM=4 occ=0.333,,10,100,0.189248,0.187328,0.012561,GFLOP/s,10568.143388569497,1800,27.30% of FP32 peak at median clock,,err/bound=0.00366,model: pred_ms=0.0862 waves=1 resident=4 bound=smem fma_step=1024 lds_step=1536 latency_exposed=0
572f506,23.1.2,13.3,NVIDIA RTX A6000,24153819,2026-09-27T04:28:06-07:00,mbr,1000x1000x1000,f32,"tforge-gpu-pipeline{block-tile=32,128 thread-tile=4,8 tile-k=8 promote=1 vectorize=1}",b32x128-t4x8-k8; grid=8x32x1 block=16x8x1 padded=1024x1024x1000; regs=80 smem=5120 blocks/SM=6 occ=0.5,,10,100,0.256,0.253952,0.001032,GFLOP/s,7812.5,1800,20.18% of FP32 peak at median clock,,err/bound=0.00366,model: pred_ms=0.0842 waves=1 resident=4 bound=smem fma_step=256 lds_step=384 latency_exposed=0
572f506,23.1.2,13.3,NVIDIA RTX A6000,24153819,2026-09-27T04:28:06-07:00,mbr,1000x1000x1000,f32,"tforge-gpu-pipeline{block-tile=32,128 thread-tile=4,8 tile-k=16 promote=1 vectorize=1}",b32x128-t4x8-k16; grid=8x32x1 block=16x8x1 padded=1024x1024x1008; regs=80 smem=10240 blocks/SM=6 occ=0.5,,10,100,0.251408,0.249696,0.001083,GFLOP/s,7955.196334245529,1800,20.55% of FP32 peak at median clock,,err/bound=0.00366,model: pred_ms=0.0849 waves=1 resident=4 bound=smem fma_step=512 lds_step=768 latency_exposed=0
572f506,23.1.2,13.3,NVIDIA RTX A6000,24153819,2026-09-27T04:28:06-07:00,mbr,1000x1000x1000,f32,"tforge-gpu-pipeline{block-tile=32,128 thread-tile=4,8 tile-k=32 promote=1 vectorize=1}",b32x128-t4x8-k32; grid=8x32x1 block=16x8x1 padded=1024x1024x1024; regs=104 smem=20480 blocks/SM=4 occ=0.333,,10,100,0.257024,0.254976,0.001146,GFLOP/s,7781.374501992033,1800,20.10% of FP32 peak at median clock,,err/bound=0.00366,model: pred_ms=0.0862 waves=1 resident=4 bound=smem fma_step=1024 lds_step=1536 latency_exposed=0
572f506,23.1.2,13.3,NVIDIA RTX A6000,24153819,2026-09-27T04:28:06-07:00,mbr,1000x1000x1000,f32,"tforge-gpu-pipeline{block-tile=32,128 thread-tile=8,8 tile-k=8 promote=1 vectorize=1}",b32x128-t8x8-k8; grid=8x32x1 block=16x4x1 padded=1024x1024x1000; regs=128 smem=5120 blocks/SM=8 occ=0.333,,10,100,0.201728,0.197568,0.001883,GFLOP/s,9914.340101522841,1800,25.61% of FP32 peak at median clock,,err/bound=0.00366,model: pred_ms=0.0561 waves=1 resident=4 bound=fma fma_step=256 lds_step=256 latency_exposed=0
572f506,23.1.2,13.3,NVIDIA RTX A6000,24153819,2026-09-27T04:28:06-07:00,mbr,1000x1000x1000,f32,"tforge-gpu-pipeline{block-tile=32,128 thread-tile=8,8 tile-k=16 promote=1 vectorize=1}",b32x128-t8x8-k16; grid=8x32x1 block=16x4x1 padded=1024x1024x1008; regs=128 smem=10240 blocks/SM=8 occ=0.333,,10,100,0.205824,0.203648,0.001598,GFLOP/s,9717.039800995024,1800,25.10% of FP32 peak at median clock,,err/bound=0.00366,model: pred_ms=0.0566 waves=1 resident=4 bound=fma fma_step=512 lds_step=512 latency_exposed=0
572f506,23.1.2,13.3,NVIDIA RTX A6000,24153819,2026-09-27T04:28:06-07:00,mbr,1000x1000x1000,f32,"tforge-gpu-pipeline{block-tile=32,128 thread-tile=8,8 tile-k=32 promote=1 vectorize=1}",b32x128-t8x8-k32; grid=8x32x1 block=16x4x1 padded=1024x1024x1024; regs=162 smem=20480 blocks/SM=4 occ=0.167,,10,100,0.205616,0.202752,0.001677,GFLOP/s,9726.86950431873,1800,25.13% of FP32 peak at median clock,,err/bound=0.00366,model: pred_ms=0.0575 waves=1 resident=4 bound=fma fma_step=1024 lds_step=1024 latency_exposed=0
572f506,23.1.2,13.3,NVIDIA RTX A6000,24153819,2026-09-27T04:28:06-07:00,mbr,1000x1000x1000,f32,"tforge-gpu-pipeline{block-tile=64,32 thread-tile=4,4 tile-k=8 promote=1 vectorize=1}",b64x32-t4x4-k8; grid=32x16x1 block=8x16x1 padded=1024x1024x1000; regs=56 smem=3072 blocks/SM=9 occ=0.75,,10,100,0.238592,0.236544,0.001083,GFLOP/s,8382.510729613734,1800,21.66% of FP32 peak at median clock,,err/bound=0.00366,model: pred_ms=0.0982 waves=1 resident=7 bound=smem fma_step=128 lds_step=256 latency_exposed=0
572f506,23.1.2,13.3,NVIDIA RTX A6000,24153819,2026-09-27T04:28:06-07:00,mbr,1000x1000x1000,f32,"tforge-gpu-pipeline{block-tile=64,32 thread-tile=4,4 tile-k=16 promote=1 vectorize=1}",b64x32-t4x4-k16; grid=32x16x1 block=8x16x1 padded=1024x1024x1008; regs=63 smem=6144 blocks/SM=8 occ=0.667,,10,100,0.22528,0.223232,0.000996,GFLOP/s,8877.840909090908,1800,22.94% of FP32 peak at median clock,,err/bound=0.00366,model: pred_ms=0.0990 waves=1 resident=7 bound=smem fma_step=256 lds_step=512 latency_exposed=0
572f506,23.1.2,13.3,NVIDIA RTX A6000,24153819,2026-09-27T04:28:06-07:00,mbr,1000x1000x1000,f32,"tforge-gpu-pipeline{block-tile=64,32 thread-tile=4,4 tile-k=32 promote=1 vectorize=1}",b64x32-t4x4-k32; grid=32x16x1 block=8x16x1 padded=1024x1024x1024; regs=72 smem=12288 blocks/SM=7 occ=0.583,,10,100,0.211968,0.210912,0.001647,GFLOP/s,9435.386473429953,1800,24.38% of FP32 peak at median clock,,err/bound=0.00366,model: pred_ms=0.1006 waves=1 resident=7 bound=smem fma_step=512 lds_step=1024 latency_exposed=0
572f506,23.1.2,13.3,NVIDIA RTX A6000,24153819,2026-09-27T04:28:06-07:00,mbr,1000x1000x1000,f32,"tforge-gpu-pipeline{block-tile=64,32 thread-tile=8,4 tile-k=8 promote=1 vectorize=1}",b64x32-t8x4-k8; grid=32x16x1 block=8x8x1 padded=1024x1024x1000; regs=96 smem=3072 blocks/SM=10 occ=0.417,,10,100,0.217088,0.21504,0.001058,GFLOP/s,9212.853773584904,1800,23.80% of FP32 peak at median clock,,err/bound=0.00366,model: pred_ms=0.0737 waves=1 resident=7 bound=smem fma_step=128 lds_step=192 latency_exposed=0
572f506,23.1.2,13.3,NVIDIA RTX A6000,24153819,2026-09-27T04:28:06-07:00,mbr,1000x1000x1000,f32,"tforge-gpu-pipeline{block-tile=64,32 thread-tile=8,4 tile-k=16 promote=1 vectorize=1}",b64x32-t8x4-k16; grid=32x16x1 block=8x8x1 padded=1024x1024x1008; regs=94 smem=6144 blocks/SM=10 occ=0.417,,10,100,0.206848,0.2048,0.001096,GFLOP/s,9668.935643564355,1800,24.98% of FP32 peak at median clock,,err/bound=0.00366,model: pred_ms=0.0743 waves=1 resident=7 bound=smem fma_step=256 lds_step=384 latency_exposed=0
572f506,23.1.2,13.3,NVIDIA RTX A6000,24153819,2026-09-27T04:28:06-07:00,mbr,1000x1000x1000,f32,"tforge-gpu-pipeline{block-tile=64,32 thread-tile=8,4 tile-k=32 promote=1 vectorize=1}",b64x32-t8x4-k32; grid=32x16x1 block=8x8x1 padded=1024x1024x1024; regs=108 smem=12288 blocks/SM=7 occ=0.292,,10,100,0.195584,0.193536,0.001116,GFLOP/s,10225.785340314136,1800,26.42% of FP32 peak at median clock,,err/bound=0.00366,model: pred_ms=0.0755 waves=1 resident=7 bound=smem fma_step=512 lds_step=768 latency_exposed=0
572f506,23.1.2,13.3,NVIDIA RTX A6000,24153819,2026-09-27T04:28:06-07:00,mbr,1000x1000x1000,f32,"tforge-gpu-pipeline{block-tile=64,32 thread-tile=4,8 tile-k=8 promote=1 vectorize=1}",b64x32-t4x8-k8; grid=32x16x1 block=4x16x1 padded=1024x1024x1000; regs=79 smem=3072 blocks/SM=12 occ=0.5,,10,100,0.254976,0.253664,0.001165,GFLOP/s,7843.875502008033,1800,20.26% of FP32 peak at median clock,,err/bound=0.00366,model: pred_ms=0.0737 waves=1 resident=7 bound=smem fma_step=128 lds_step=192 latency_exposed=0
572f506,23.1.2,13.3,NVIDIA RTX A6000,24153819,2026-09-27T04:28:06-07:00,mbr,1000x1000x1000,f32,"tforge-gpu-pipeline{block-tile=64,32 thread-tile=4,8 tile-k=16 promote=1 vectorize=1}",b64x32-t4x8-k16; grid=32x16x1 block=4x16x1 padded=1024x1024x1008; regs=80 smem=6144 blocks/SM=12 occ=0.5,,10,100,0.24064,0.238592,0.00172,GFLOP/s,8311.170212765957,1800,21.47% of FP32 peak at median clock,,err/bound=0.00366,model: pred_ms=0.0743 waves=1 resident=7 bound=smem fma_step=256 lds_step=384 latency_exposed=0
572f506,23.1.2,13.3,NVIDIA RTX A6000,24153819,2026-09-27T04:28:06-07:00,mbr,1000x1000x1000,f32,"tforge-gpu-pipeline{block-tile=64,32 thread-tile=4,8 tile-k=32 promote=1 vectorize=1}",b64x32-t4x8-k32; grid=32x16x1 block=4x16x1 padded=1024x1024x1024; regs=112 smem=12288 blocks/SM=7 occ=0.292,,10,100,0.239616,0.23728,0.001199,GFLOP/s,8346.688034188033,1800,21.56% of FP32 peak at median clock,,err/bound=0.00366,model: pred_ms=0.0755 waves=1 resident=7 bound=smem fma_step=512 lds_step=768 latency_exposed=0
572f506,23.1.2,13.3,NVIDIA RTX A6000,24153819,2026-09-27T04:28:06-07:00,mbr,1000x1000x1000,f32,"tforge-gpu-pipeline{block-tile=64,32 thread-tile=8,8 tile-k=8 promote=1 vectorize=1}",b64x32-t8x8-k8; grid=32x16x1 block=4x8x1 padded=1024x1024x1000; regs=128 smem=3072 blocks/SM=16 occ=0.333,,10,100,0.234256,0.232416,0.001031,GFLOP/s,8537.668192063384,1800,22.06% of FP32 peak at median clock,,err/bound=0.00366,model: pred_ms=0.0491 waves=1 resident=7 bound=fma fma_step=128 lds_step=128 latency_exposed=0
572f506,23.1.2,13.3,NVIDIA RTX A6000,24153819,2026-09-27T04:28:06-07:00,mbr,1000x1000x1000,f32,"tforge-gpu-pipeline{block-tile=64,32 thread-tile=8,8 tile-k=16 promote=1 vectorize=1}",b64x32-t8x8-k16; grid=32x16x1 block=4x8x1 padded=1024x1024x1008; regs=128 smem=6144 blocks/SM=14 occ=0.292,,10,100,0.217904,0.215872,0.017158,GFLOP/s,9178.35377046773,1800,23.71% of FP32 peak at median clock,,err/bound=0.00366,model: pred_ms=0.0495 waves=1 resident=7 bound=fma fma_step=256 lds_step=256 latency_exposed=0
572f506,23.1.2,13.3,NVIDIA RTX A6000,24153819,2026-09-27T04:28:06-07:00,mbr,1000x1000x1000,f32,"tforge-gpu-pipeline{block-tile=64,32 thread-tile=8,8 tile-k=32 promote=1 vectorize=1}",b64x32-t8x8-k32; grid=32x16x1 block=4x8x1 padded=1024x1024x1024; regs=178 smem=12288 blocks/SM=7 occ=0.146,,10,100,0.2048,0.202752,0.001047,GFLOP/s,9765.625,1800,25.23% of FP32 peak at median clock,,err/bound=0.00366,model: pred_ms=0.0503 waves=1 resident=7 bound=fma fma_step=512 lds_step=512 latency_exposed=0
572f506,23.1.2,13.3,NVIDIA RTX A6000,24153819,2026-09-27T04:28:06-07:00,mbr,1000x1000x1000,f32,"tforge-gpu-pipeline{block-tile=64,64 thread-tile=4,4 tile-k=8 promote=1 vectorize=1}",b64x64-t4x4-k8; grid=16x16x1 block=16x16x1 padded=1024x1024x1000; regs=64 smem=4096 blocks/SM=4 occ=0.667,,10,100,0.230336,0.227328,0.001224,GFLOP/s,8682.967490969713,1800,22.43% of FP32 peak at median clock,,err/bound=0.00366,model: pred_ms=0.1123 waves=1 resident=4 bound=smem fma_step=256 lds_step=512 latency_exposed=0
572f506,23.1.2,13.3,NVIDIA RTX A6000,24153819,2026-09-27T04:28:06-07:00,mbr,1000x1000x1000,f32,"tforge-gpu-pipeline{block-tile=64,64 thread-tile=4,4 tile-k=16 promote=1 vectorize=1}",b64x64-t4x4-k16; grid=16x16x1 block=16x16x1 padded=1024x1024x1008; regs=61 smem=8192 blocks/SM=4 occ=0.667,,10,100,0.206848,0.2048,0.001494,GFLOP/s,9668.935643564355,1800,24.98% of FP32 peak at median clock,,err/bound=0.00366,model: pred_ms=0.1132 waves=1 resident=4 bound=smem fma_step=512 lds_step=1024 latency_exposed=0
572f506,23.1.2,13.3,NVIDIA RTX A6000,24153819,2026-09-27T04:28:06-07:00,mbr,1000x1000x1000,f32,"tforge-gpu-pipeline{block-tile=64,64 thread-tile=4,4 tile-k=32 promote=1 vectorize=1}",b64x64-t4x4-k32; grid=16x16x1 block=16x16x1 padded=1024x1024x1024; regs=65 smem=16384 blocks/SM=3 occ=0.5,,10,100,0.207872,0.205824,0.001342,GFLOP/s,9621.30541871921,1800,24.86% of FP32 peak at median clock,,err/bound=0.00366,model: pred_ms=0.1725 waves=2 resident=3 bound=smem fma_step=1024 lds_step=2048 latency_exposed=0
572f506,23.1.2,13.3,NVIDIA RTX A6000,24153819,2026-09-27T04:28:06-07:00,mbr,1000x1000x1000,f32,"tforge-gpu-pipeline{block-tile=64,64 thread-tile=8,4 tile-k=8 promote=1 vectorize=1}",b64x64-t8x4-k8; grid=16x16x1 block=16x8x1 padded=1024x1024x1000; regs=96 smem=4096 blocks/SM=5 occ=0.417,,10,100,0.188416,0.186368,0.001541,GFLOP/s,10614.809782608696,1800,27.42% of FP32 peak at median clock,,err/bound=0.00366,model: pred_ms=0.0842 waves=1 resident=4 bound=smem fma_step=256 lds_step=384 latency_exposed=0
572f506,23.1.2,13.3,NVIDIA RTX A6000,24153819,2026-09-27T04:28:06-07:00,mbr,1000x1000x1000,f32,"tforge-gpu-pipeline{block-tile=64,64 thread-tile=8,4 tile-k=16 promote=1 vectorize=1}",b64x64-t8x4-k16; grid=16x16x1 block=16x8x1 padded=1024x1024x1008; regs=92 smem=8192 blocks/SM=5 occ=0.417,,10,100,0.176896,0.175104,0.001073,GFLOP/s,11306.078147612156,1800,29.21% of FP32 peak at median clock,,err/bound=0.00366,model: pred_ms=0.0849 waves=1 resident=4 bound=smem fma_step=512 lds_step=768 latency_exposed=0
572f506,23.1.2,13.3,NVIDIA RTX A6000,24153819,2026-09-27T04:28:06-07:00,mbr,1000x1000x1000,f32,"tforge-gpu-pipeline{block-tile=64,64 thread-tile=8,4 tile-k=32 promote=1 vectorize=1}",b64x64-t8x4-k32; grid=16x16x1 block=16x8x1 padded=1024x1024x1024; regs=94 smem=16384 blocks/SM=5 occ=0.417,,10,100,0.177152,0.175104,0.001521,GFLOP/s,11289.739884393064,1800,29.17% of FP32 peak at median clock,,err/bound=0.00366,model: pred_ms=0.0862 waves=1 resident=4 bound=smem fma_step=1024 lds_step=1536 latency_exposed=0
572f506,23.1.2,13.3,NVIDIA RTX A6000,24153819,2026-09-27T04:28:06-07:00,mbr,1000x1000x1000,f32,"tforge-gpu-pipeline{block-tile=64,64 thread-tile=4,8 tile-k=8 promote=1 vectorize=1}",b64x64-t4x8-k8; grid=16x16x1 block=8x16x1 padded=1024x1024x1000; regs=80 smem=4096 blocks/SM=6 occ=0.5,,10,100,0.274432,0.27136,0.001157,GFLOP/s,7287.7798507462685,1800,18.83% of FP32 peak at median clock,,err/bound=0.00366,model: pred_ms=0.0842 waves=1 resident=4 bound=smem fma_step=256 lds_step=384 latency_exposed=0
572f506,23.1.2,13.3,NVIDIA RTX A6000,24153819,2026-09-27T04:28:06-07:00,mbr,1000x1000x1000,f32,"tforge-gpu-pipeline{block-tile=64,64 thread-tile=4,8 tile-k=16 promote=1 vectorize=1}",b64x64-t4x8-k16; grid=16x16x1 block=8x16x1 padded=1024x1024x1008; regs=96 smem=8192 blocks/SM=5 occ=0.417,,10,100,0.268288,0.26624,0.001087,GFLOP/s,7454.675572519083,1800,19.26% of FP32 peak at median clock,,err/bound=0.00366,model: pred_ms=0.0849 waves=1 resident=4 bound=smem fma_step=512 lds_step=768 latency_exposed=0
572f506,23.1.2,13.3,NVIDIA RTX A6000,24153819,2026-09-27T04:28:06-07:00,mbr,1000x1000x1000,f32,"tforge-gpu-pipeline{block-tile=64,64 thread-tile=4,8 tile-k=32 promote=1 vectorize=1}",b64x64-t4x8-k32; grid=16x16x1 block=8x16x1 padded=1024x1024x1024; regs=96 smem=16384 blocks/SM=5 occ=0.417,,10,100,0.26624,0.264192,0.00142,GFLOP/s,7512.0192307692305,1800,19.41% of FP32 peak at median clock,,err/bound=0.00366,model: pred_ms=0.0862 waves=1 resident=4 bound=smem fma_step=1024 lds_step=1536 latency_exposed=0
572f506,23.1.2,13.3,NVIDIA RTX A6000,24153819,2026-09-27T04:28:06-07:00,mbr,1000x1000x1000,f32,"tforge-gpu-pipeline{block-tile=64,64 thread-tile=8,8 tile-k=8 promote=1 vectorize=1}",b64x64-t8x8-k8; grid=16x16x1 block=8x8x1 padded=1024x1024x1000; regs=128 smem=4096 blocks/SM=8 occ=0.333,,10,100,0.206848,0.2048,0.001135,GFLOP/s,9668.935643564355,1800,24.98% of FP32 peak at median clock,,err/bound=0.00366,model: pred_ms=0.0561 waves=1 resident=4 bound=fma fma_step=256 lds_step=256 latency_exposed=0
572f506,23.1.2,13.3,NVIDIA RTX A6000,24153819,2026-09-27T04:28:06-07:00,mbr,1000x1000x1000,f32,"tforge-gpu-pipeline{block-tile=64,64 thread-tile=8,8 tile-k=16 promote=1 vectorize=1}",b64x64-t8x8-k16; grid=16x16x1 block=8x8x1 padded=1024x1024x1008; regs=128 smem=8192 blocks/SM=8 occ=0.333,,10,100,0.19968,0.197632,0.001007,GFLOP/s,10016.02564102564,1800,25.88% of FP32 peak at median clock,,err/bound=0.00366,model: pred_ms=0.0566 waves=1 resident=4 bound=fma fma_step=512 lds_step=512 latency_exposed=0
572f506,23.1.2,13.3,NVIDIA RTX A6000,24153819,2026-09-27T04:28:06-07:00,mbr,1000x1000x1000,f32,"tforge-gpu-pipeline{block-tile=64,64 thread-tile=8,8 tile-k=32 promote=1 vectorize=1}",b64x64-t8x8-k32; grid=16x16x1 block=8x8x1 padded=1024x1024x1024; regs=157 smem=16384 blocks/SM=5 occ=0.208,,10,100,0.205824,0.203776,0.001801,GFLOP/s,9717.039800995024,1800,25.10% of FP32 peak at median clock,,err/bound=0.00366,model: pred_ms=0.0575 waves=1 resident=4 bound=fma fma_step=1024 lds_step=1024 latency_exposed=0
572f506,23.1.2,13.3,NVIDIA RTX A6000,24153819,2026-09-27T04:28:06-07:00,mbr,1000x1000x1000,f32,"tforge-gpu-pipeline{block-tile=64,128 thread-tile=4,4 tile-k=8 promote=1 vectorize=1}",b64x128-t4x4-k8; grid=8x16x1 block=32x16x1 padded=1024x1024x1000; regs=64 smem=6144 blocks/SM=2 occ=0.667,,10,100,0.245584,0.243712,0.016385,GFLOP/s,8143.853019740699,1800,21.04% of FP32 peak at median clock,,err/bound=0.00366,model: pred_ms=0.1123 waves=1 resident=2 bound=smem fma_step=512 lds_step=1024 latency_exposed=0
572f506,23.1.2,13.3,NVIDIA RTX A6000,24153819,2026-09-27T04:28:06-07:00,mbr,1000x1000x1000,f32,"tforge-gpu-pipeline{block-tile=64,128 thread-tile=4,4 tile-k=16 promote=1 vectorize=1}",b64x128-t4x4-k16; grid=8x16x1 block=32x16x1 padded=1024x1024x1008; regs=64 smem=12288 blocks/SM=2 occ=0.667,,10,100,0.214016,0.211968,0.00089,GFLOP/s,9345.095693779904,1800,24.14% of FP32 peak at median clock,,err/bound=0.00366,model: pred_ms=0.1132 waves=1 resident=2 bound=smem fma_step=1024 lds_step=2048 latency_exposed=0
572f506,23.1.2,13.3,NVIDIA RTX A6000,24153819,2026-09-27T04:28:06-07:00,mbr,1000x1000x1000,f32,"tforge-gpu-pipeline{block-tile=64,128 thread-tile=4,4 tile-k=32 promote=1 vectorize=1}",b64x128-t4x4-k32; grid=8x16x1 block=32x16x1 padded=1024x1024x1024; regs=64 smem=24576 blocks/SM=2 occ=0.667,,10,100,0.208896,0.207872,0.001094,GFLOP/s,9574.142156862745,1800,24.73% of FP32 peak at median clock,,err/bound=0.00366,model: pred_ms=0.1150 waves=1 resident=2 bound=smem fma_step=2048 lds_step=4096 latency_exposed=0
572f506,23.1.2,13.3,NVIDIA RTX A6000,24153819,2026-09-27T04:28:06-07:00,mbr,1000x1000x1000,f32,"tforge-gpu-pipeline{block-tile=64,128 thread-tile=8,4 tile-k=8 promote=1 vectorize=1}",b64x128-t8x4-k8; grid=8x16x1 block=32x8x1 padded=1024x1024x1000; regs=90 smem=6144 blocks/SM=2 occ=0.333,,10,100,0.185344,0.183072,0.024728,GFLOP/s,10790.74585635359,1800,27.88% of FP32 peak at median clock,,err/bound=0.00366,model: pred_ms=0.0842 waves=1 resident=2 bound=smem fma_step=512 lds_step=768 latency_exposed=0
572f506,23.1.2,13.3,NVIDIA RTX A6000,24153819,2026-09-27T04:28:06-07:00,mbr,1000x1000x1000,f32,"tforge-gpu-pipeline{block-tile=64,128 thread-tile=8,4 tile-k=16 promote=1 vectorize=1}",b64x128-t8x4-k16; grid=8x16x1 block=32x8x1 padded=1024x1024x1008; regs=90 smem=12288 blocks/SM=2 occ=0.333,,10,100,0.178176,0.17696,0.00098,GFLOP/s,11224.856321839081,1800,29.00% of FP32 peak at median clock,,err/bound=0.00366,model: pred_ms=0.0849 waves=1 resident=2 bound=smem fma_step=1024 lds_step=1536 latency_exposed=0
572f506,23.1.2,13.3,NVIDIA RTX A6000,24153819,2026-09-27T04:28:06-07:00,mbr,1000x1000x1000,f32,"tforge-gpu-pipeline{block-tile=64,128 thread-tile=8,4 tile-k=32 promote=1 vectorize=1}",b64x128-t8x4-k32; grid=8x16x1 block=32x8x1 padded=1024x1024x1024; regs=102 smem=24576 blocks/SM=2 occ=0.333,,10,100,0.17408,0.173056,0.000796,GFLOP/s,11488.970588235294,1800,29.68% of FP32 peak at median clock,,err/bound=0.00366,model: pred_ms=0.0862 waves=1 resident=2 bound=smem fma_step=2048 lds_step=3072 latency_exposed=0
572f506,23.1.2,13.3,NVIDIA RTX A6000,24153819,2026-09-27T04:28:06-07:00,mbr,1000x1000x1000,f32,"tforge-gpu-pipeline{block-tile=64,128 thread-tile=4,8 tile-k=8 promote=1 vectorize=1}",b64x128-t4x8-k8; grid=8x16x1 block=16x16x1 padded=1024x1024x1000; regs=80 smem=6144 blocks/SM=3 occ=0.5,,10,100,0.253904,0.251904,0.001022,GFLOP/s,7876.992879198438,1800,20.35% of FP32 peak at median clock,,err/bound=0.00366,model: pred_ms=0.0842 waves=1 resident=2 bound=smem fma_step=512 lds_step=768 latency_exposed=0
572f506,23.1.2,13.3,NVIDIA RTX A6000,24153819,2026-09-27T04:28:06-07:00,mbr,1000x1000x1000,f32,"tforge-gpu-pipeline{block-tile=64,128 thread-tile=4,8 tile-k=16 promote=1 vectorize=1}",b64x128-t4x8-k16; grid=8x16x1 block=16x16x1 padded=1024x1024x1008; regs=80 smem=12288 blocks/SM=3 occ=0.5,,10,100,0.253952,0.251904,0.001177,GFLOP/s,7875.504032258064,1800,20.35% of FP32 peak at median clock,,err/bound=0.00366,model: pred_ms=0.0849 waves=1 resident=2 bound=smem fma_step=1024 lds_step=1536 latency_exposed=0
572f506,23.1.2,13.3,NVIDIA RTX A6000,24153819,2026-09-27T04:28:06-07:00,mbr,1000x1000x1000,f32,"tforge-gpu-pipeline{block-tile=64,128 thread-tile=4,8 tile-k=32 promote=1 vectorize=1}",b64x128-t4x8-k32; grid=8x16x1 block=16x16x1 padded=1024x1024x1024; regs=80 smem=24576 blocks/SM=3 occ=0.5,,10,100,0.256,0.252928,0.01198,GFLOP/s,7812.5,1800,20.18% of FP32 peak at median clock,,err/bound=0.00366,model: pred_ms=0.0862 waves=1 resident=2 bound=smem fma_step=2048 lds_step=3072 latency_exposed=0
572f506,23.1.2,13.3,NVIDIA RTX A6000,24153819,2026-09-27T04:28:06-07:00,mbr,1000x1000x1000,f32,"tforge-gpu-pipeline{block-tile=64,128 thread-tile=8,8 tile-k=8 promote=1 vectorize=1}",b64x128-t8x8-k8; grid=8x16x1 block=16x8x1 padded=1024x1024x1000; regs=128 smem=6144 blocks/SM=4 occ=0.333,,10,100,0.205808,0.202752,0.002573,GFLOP/s,9717.795226618984,1800,25.11% of FP32 peak at median clock,,err/bound=0.00366,model: pred_ms=0.0610 waves=1 resident=2 bound=fma fma_step=512 lds_step=512 latency_exposed=1
572f506,23.1.2,13.3,NVIDIA RTX A6000,24153819,2026-09-27T04:28:06-07:00,mbr,1000x1000x1000,f32,"tforge-gpu-pipeline{block-tile=64,128 thread-tile=8,8 tile-k=16 promote=1 vectorize=1}",b64x128-t8x8-k16; grid=8x16x1 block=16x8x1 padded=1024x1024x1008; regs=128 smem=12288 blocks/SM=4 occ=0.333,,10,100,0.197632,0.192512,0.00164,GFLOP/s,10119.818652849743,1800,26.14% of FP32 peak at median clock,,err/bound=0.00366,model: pred_ms=0.0566 waves=1 resident=2 bound=fma fma_step=1024 lds_step=1024 latency_exposed=0
572f506,23.1.2,13.3,NVIDIA RTX A6000,24153819,2026-09-27T04:28:06-07:00,mbr,1000x1000x1000,f32,"tforge-gpu-pipeline{block-tile=64,128 thread-tile=8,8 tile-k=32 promote=1 vectorize=1}",b64x128-t8x8-k32; grid=8x16x1 block=16x8x1 padded=1024x1024x1024; regs=127 smem=24576 blocks/SM=4 occ=0.333,,10,100,0.218112,0.20992,0.002776,GFLOP/s,9169.600938967134,1800,23.69% of FP32 peak at median clock,,err/bound=0.00366,model: pred_ms=0.0575 waves=1 resident=2 bound=fma fma_step=2048 lds_step=2048 latency_exposed=0
572f506,23.1.2,13.3,NVIDIA RTX A6000,24153819,2026-09-27T04:28:06-07:00,mbr,1000x1000x1000,f32,"tforge-gpu-pipeline{block-tile=128,32 thread-tile=4,4 tile-k=8 promote=1 vectorize=1}",b128x32-t4x4-k8; grid=32x8x1 block=8x32x1 padded=1024x1024x1000; regs=60 smem=5120 blocks/SM=4 occ=0.667,,10,100,0.259072,0.257024,0.001112,GFLOP/s,7719.86166007905,1800,19.94% of FP32 peak at median clock,,err/bound=0.00366,model: pred_ms=0.1123 waves=1 resident=4 bound=smem fma_step=256 lds_step=512 latency_exposed=0
572f506,23.1.2,13.3,NVIDIA RTX A6000,24153819,2026-09-27T04:28:06-07:00,mbr,1000x1000x1000,f32,"tforge-gpu-pipeline{block-tile=128,32 thread-tile=4,4 tile-k=16 promote=1 vectorize=1}",b128x32-t4x4-k16; grid=32x8x1 block=8x32x1 padded=1024x1024x1008; regs=64 smem=10240 blocks/SM=4 occ=0.667,,10,100,0.251904,0.249824,0.001298,GFLOP/s,7939.532520325203,1800,20.51% of FP32 peak at median clock,,err/bound=0.00366,model: pred_ms=0.1132 waves=1 resident=4 bound=smem fma_step=512 lds_step=1024 latency_exposed=0
572f506,23.1.2,13.3,NVIDIA RTX A6000,24153819,2026-09-27T04:28:06-07:00,mbr,1000x1000x1000,f32,"tforge-gpu-pipeline{block-tile=128,32 thread-tile=4,4 tile-k=32 promote=1 vectorize=1}",b128x32-t4x4-k32; grid=32x8x1 block=8x32x1 padded=1024x1024x1024; regs=66 smem=20480 blocks/SM=3 occ=0.5,,10,100,0.237568,0.23552,0.001236,GFLOP/s,8418.64224137931,1800,21.75% of FP32 peak at median clock,,err/bound=0.00366,model: pred_ms=0.1725 waves=2 resident=3 bound=smem fma_step=1024 lds_step=2048 latency_exposed=0
572f506,23.1.2,13.3,NVIDIA RTX A6000,24153819,2026-09-27T04:28:06-07:00,mbr,1000x1000x1000,f32,"tforge-gpu-pipeline{block-tile=128,32 thread-tile=8,4 tile-k=8 promote=1 vectorize=1}",b128x32-t8x4-k8; grid=32x8x1 block=8x16x1 padded=1024x1024x1000; regs=90 smem=5120 blocks/SM=5 occ=0.417,,10,100,0.22528,0.223232,0.001113,GFLOP/s,8877.840909090908,1800,22.94% of FP32 peak at median clock,,err/bound=0.00366,model: pred_ms=0.0842 waves=1 resident=4 bound=smem fma_step=256 lds_step=384 latency_exposed=0
572f506,23.1.2,13.3,NVIDIA RTX A6000,24153819,2026-09-27T04:28:06-07:00,mbr,1000x1000x1000,f32,"tforge-gpu-pipeline{block-tile=128,32 thread-tile=8,4 tile-k=16 promote=1 vectorize=1}",b128x32-t8x4-k16; grid=32x8x1 block=8x16x1 padded=1024x1024x1008; regs=96 smem=10240 blocks/SM=5 occ=0.417,,10,100,0.2112,0.20976,0.000976,GFLOP/s,9469.696969696968,1800,24.46% of FP32 peak at median clock,,err/bound=0.00366,model: pred_ms=0.0849 waves=1 resident=4 bound=smem fma_step=512 lds_step=768 latency_exposed=0
572f506,23.1.2,13.3,NVIDIA RTX A6000,24153819,2026-09-27T04:28:06-07:00,mbr,1000x1000x1000,f32,"tforge-gpu-pipeline{block-tile=128,32 thread-tile=8,4 tile-k=32 promote=1 vectorize=1}",b128x32-t8x4-k32; grid=32x8x1 block=8x16x1 padded=1024x1024x1024; regs=108 smem=20480 blocks/SM=4 occ=0.333,,10,100,0.202464,0.200704,0.000955,GFLOP/s,9878.299351983562,1800,25.52% of FP32 peak at median clock,,err/bound=0.00366,model: pred_ms=0.0862 waves=1 resident=4 bound=smem fma_step=1024 lds_step=1536 latency_exposed=0
572f506,23.1.2,13.3,NVIDIA RTX A6000,24153819,2026-09-27T04:28:06-07:00,mbr,1000x1000x1000,f32,"tforge-gpu-pipeline{block-tile=128,32 thread-tile=4,8 tile-k=8 promote=1 vectorize=1}",b128x32-t4x8-k8; grid=32x8x1 block=4x32x1 padded=1024x1024x1000; regs=80 smem=5120 blocks/SM=6 occ=0.5,,10,100,0.277504,0.275456,0.001096,GFLOP/s,7207.103321033211,1800,18.62% of FP32 peak at median clock,,err/bound=0.00366,model: pred_ms=0.0842 waves=1 resident=4 bound=smem fma_step=256 lds_step=384 latency_exposed=0
572f506,23.1.2,13.3,NVIDIA RTX A6000,24153819,2026-09-27T04:28:06-07:00,mbr,1000x1000x1000,f32,"tforge-gpu-pipeline{block-tile=128,32 thread-tile=4,8 tile-k=16 promote=1 vectorize=1}",b128x32-t4x8-k16; grid=32x8x1 block=4x32x1 padded=1024x1024x1008; regs=80 smem=10240 blocks/SM=6 occ=0.5,,10,100,0.256,0.254848,0.001021,GFLOP/s,7812.5,1800,20.18% of FP32 peak at median clock,,err/bound=0.00366,model: pred_ms=0.0849 waves=1 resident=4 bound=smem fma_step=512 lds_step=768 latency_exposed=0
572f506,23.1.2,13.3,NVIDIA RTX A6000,24153819,2026-09-27T04:28:06-07:00,mbr,1000x1000x1000,f32,"tforge-gpu-pipeline{block-tile=128,32 thread-tile=4,8 tile-k=32 promote=1 vectorize=1}",b128x32-t4x8-k32; grid=32x8x1 block=4x32x1 padded=1024x1024x1024; regs=102 smem=20480 blocks/SM=4 occ=0.333,,10,100,0.241536,0.239584,0.024434,GFLOP/s,8280.339162692104,1800,21.39% of FP32 peak at median clock,,err/bound=0.00366,model: pred_ms=0.0862 waves=1 resident=4 bound=smem fma_step=1024 lds_step=1536 latency_exposed=0
572f506,23.1.2,13.3,NVIDIA RTX A6000,24153819,2026-09-27T04:28:06-07:00,mbr,1000x1000x1000,f32,"tforge-gpu-pipeline{block-tile=128,32 thread-tile=8,8 tile-k=8 promote=1 vectorize=1}",b128x32-t8x8-k8; grid=32x8x1 block=4x16x1 padded=1024x1024x1000; regs=128 smem=5120 blocks/SM=8 occ=0.333,,10,100,0.254,0.251904,0.00122,GFLOP/s,7874.0157480314965,1800,20.34% of FP32 peak at median clock,,err/bound=0.00366,model: pred_ms=0.0561 waves=1 resident=4 bound=fma fma_step=256 lds_step=256 latency_exposed=0
572f506,23.1.2,13.3,NVIDIA RTX A6000,24153819,2026-09-27T04:28:06-07:00,mbr,1000x1000x1000,f32,"tforge-gpu-pipeline{block-tile=128,32 thread-tile=8,8 tile-k=16 promote=1 vectorize=1}",b128x32-t8x8-k16; grid=32x8x1 block=4x16x1 padded=1024x1024x1008; regs=127 smem=10240 blocks/SM=8 occ=0.333,,10,100,0.232448,0.2304,0.001128,GFLOP/s,8604.074889867841,1800,22.23% of FP32 peak at median clock,,err/bound=0.00366,model: pred_ms=0.0566 waves=1 resident=4 bound=fma fma_step=512 lds_step=512 latency_exposed=0
572f506,23.1.2,13.3,NVIDIA RTX A6000,24153819,2026-09-27T04:28:06-07:00,mbr,1000x1000x1000,f32,"tforge-gpu-pipeline{block-tile=128,32 thread-tile=8,8 tile-k=32 promote=1 vectorize=1}",b128x32-t8x8-k32; grid=32x8x1 block=4x16x1 padded=1024x1024x1024; regs=162 smem=20480 blocks/SM=4 occ=0.167,,10,100,0.218112,0.216064,0.001368,GFLOP/s,9169.600938967134,1800,23.69% of FP32 peak at median clock,,err/bound=0.00366,model: pred_ms=0.0575 waves=1 resident=4 bound=fma fma_step=1024 lds_step=1024 latency_exposed=0
572f506,23.1.2,13.3,NVIDIA RTX A6000,24153819,2026-09-27T04:28:06-07:00,mbr,1000x1000x1000,f32,"tforge-gpu-pipeline{block-tile=128,64 thread-tile=4,4 tile-k=8 promote=1 vectorize=1}",b128x64-t4x4-k8; grid=16x8x1 block=16x32x1 padded=1024x1024x1000; regs=64 smem=6144 blocks/SM=2 occ=0.667,,10,100,0.242688,0.241664,0.000842,GFLOP/s,8241.033755274262,1800,21.29% of FP32 peak at median clock,,err/bound=0.00366,model: pred_ms=0.1123 waves=1 resident=2 bound=smem fma_step=512 lds_step=1024 latency_exposed=0
572f506,23.1.2,13.3,NVIDIA RTX A6000,24153819,2026-09-27T04:28:06-07:00,mbr,1000x1000x1000,f32,"tforge-gpu-pipeline{block-tile=128,64 thread-tile=4,4 tile-k=16 promote=1 vectorize=1}",b128x64-t4x4-k16; grid=16x8x1 block=16x32x1 padded=1024x1024x1008; regs=60 smem=12288 blocks/SM=2 occ=0.667,,10,100,0.214016,0.210944,0.001366,GFLOP/s,9345.095693779904,1800,24.14% of FP32 peak at median clock,,err/bound=0.00366,model: pred_ms=0.1132 waves=1 resident=2 bound=smem fma_step=1024 lds_step=2048 latency_exposed=0
572f506,23.1.2,13.3,NVIDIA RTX A6000,24153819,2026-09-27T04:28:06-07:00,mbr,1000x1000x1000,f32,"tforge-gpu-pipeline{block-tile=128,64 thread-tile=4,4 tile-k=32 promote=1 vectorize=1}",b128x64-t4x4-k32; grid=16x8x1 block=16x32x1 padded=1024x1024x1024; regs=64 smem=24576 blocks/SM=2 occ=0.667,,10,100,0.205824,0.204768,0.000976,GFLOP/s,9717.039800995024,1800,25.10% of FP32 peak at median clock,,err/bound=0.00366,model: pred_ms=0.1150 waves=1 resident=2 bound=smem fma_step=2048 lds_step=4096 latency_exposed=0
572f506,23.1.2,13.3,NVIDIA RTX A6000,24153819,2026-09-27T04:28:06-07:00,mbr,1000x1000x1000,f32,"tforge-gpu-pipeline{block-tile=128,64 thread-tile=8,4 tile-k=8 promote=1 vectorize=1}",b128x64-t8x4-k8; grid=16x8x1 block=16x16x1 padded=1024x1024x1000; regs=94 smem=6144 blocks/SM=2 occ=0.333,,10,100,0.193536,0.190464,0.002841,GFLOP/s,10333.994708994709,1800,26.70% of FP32 peak at median clock,,err/bound=0.00366,model: pred_ms=0.0842 waves=1 resident=2 bound=smem fma_step=512 lds_step=768 latency_exposed=0
572f506,23.1.2,13.3,NVIDIA RTX A6000,24153819,2026-09-27T04:28:06-07:00,mbr,1000x1000x1000,f32,"tforge-gpu-pipeline{block-tile=128,64 thread-tile=8,4 tile-k=16 promote=1 vectorize=1}",b128x64-t8x4-k16; grid=16x8x1 block=16x16x1 padded=1024x1024x1008; regs=90 smem=12288 blocks/SM=2 occ=0.333,,10,100,0.1792,0.177152,0.001035,GFLOP/s,11160.714285714286,1800,28.83% of FP32 peak at median clock,,err/bound=0.00366,model: pred_ms=0.0849 waves=1 resident=2 bound=smem fma_step=1024 lds_step=1536 latency_exposed=0
572f506,23.1.2,13.3,NVIDIA RTX A6000,24153819,2026-09-27T04:28:06-07:00,mbr,1000x1000x1000,f32,"tforge-gpu-pipeline{block-tile=128,64 thread-tile=8,4 tile-k=32 promote=1 vectorize=1}",b128x64-t8x4-k32; grid=16x8x1 block=16x16x1 padded=1024x1024x1024; regs=102 smem=24576 blocks/SM=2 occ=0.333,,10,100,0.174864,0.173056,0.001289,GFLOP/s,11437.459968890109,1800,29.55% of FP32 peak at median clock,,err/bound=0.00366,model: pred_ms=0.0862 waves=1 resident=2 bound=smem fma_step=2048 lds_step=3072 latency_exposed=0
572f506,23.1.2,13.3,NVIDIA RTX A6000,24153819,2026-09-27T04:28:06-07:00,mbr,1000x1000x1000,f32,"tforge-gpu-pipeline{block-tile=128,64 thread-tile=4,8 tile-k=8 promote=1 vectorize=1}",b128x64-t4x8-k8; grid=16x8x1 block=8x32x1 padded=1024x1024x1000; regs=80 smem=6144 blocks/SM=3 occ=0.5,,10,100,0.278528,0.276416,0.001207,GFLOP/s,7180.606617647059,1800,18.55% of FP32 peak at median clock,,err/bound=0.00366,model: pred_ms=0.0842 waves=1 resident=2 bound=smem fma_step=512 lds_step=768 latency_exposed=0
572f506,23.1.2,13.3,NVIDIA RTX A6000,24153819,2026-09-27T04:28:06-07:00,mbr,1000x1000x1000,f32,"tforge-gpu-pipeline{block-tile=128,64 thread-tile=4,8 tile-k=16 promote=1 vectorize=1}",b128x64-t4x8-k16; grid=16x8x1 block=8x32x1 padded=1024x1024x1008; regs=80 smem=12288 blocks/SM=3 occ=0.5,,10,100,0.273408,0.27136,0.010196,GFLOP/s,7315.074906367041,1800,18.90% of FP32 peak at median clock,,err/bound=0.00366,model: pred_ms=0.0849 waves=1 resident=2 bound=smem fma_step=1024 lds_step=1536 latency_exposed=0
572f506,23.1.2,13.3,NVIDIA RTX A6000,24153819,2026-09-27T04:28:06-07:00,mbr,1000x1000x1000,f32,"tforge-gpu-pipeline{block-tile=128,64 thread-tile=4,8 tile-k=32 promote=1 vectorize=1}",b128x64-t4x8-k32; grid=16x8x1 block=8x32x1 padded=1024x1024x1024; regs=80 smem=24576 blocks/SM=3 occ=0.5,,10,100,0.274416,0.27136,0.001322,GFLOP/s,7288.204769401201,1800,18.83% of FP32 peak at median clock,,err/bound=0.00366,model: pred_ms=0.0862 waves=1 resident=2 bound=smem fma_step=2048 lds_step=3072 latency_exposed=0
572f506,23.1.2,13.3,NVIDIA RTX A6000,24153819,2026-09-27T04:28:06-07:00,mbr,1000x1000x1000,f32,"tforge-gpu-pipeline{block-tile=128,64 thread-tile=8,8 tile-k=8 promote=1 vectorize=1}",b128x64-t8x8-k8; grid=16x8x1 block=8x16x1 padded=1024x1024x1000; regs=128 smem=6144 blocks/SM=4 occ=0.333,,10,100,0.226176,0.222208,0.002008,GFLOP/s,8842.671194114318,1800,22.85% of FP32 peak at median clock,,err/bound=0.00366,model: pred_ms=0.0610 waves=1 resident=2 bound=fma fma_step=512 lds_step=512 latency_exposed=1
572f506,23.1.2,13.3,NVIDIA RTX A6000,24153819,2026-09-27T04:28:06-07:00,mbr,1000x1000x1000,f32,"tforge-gpu-pipeline{block-tile=128,64 thread-tile=8,8 tile-k=16 promote=1 vectorize=1}",b128x64-t8x8-k16; grid=16x8x1 block=8x16x1 padded=1024x1024x1008; regs=128 smem=12288 blocks/SM=4 occ=0.333,,10,100,0.208896,0.206848,0.001198,GFLOP/s,9574.142156862745,1800,24.73% of FP32 peak at median clock,,err/bound=0.00366,model: pred_ms=0.0566 waves=1 resident=2 bound=fma fma_step=1024 lds_step=1024 latency_exposed=0
572f506,23.1.2,13.3,NVIDIA RTX A6000,24153819,2026-09-27T04:28:06-07:00,mbr,1000x1000x1000,f32,"tforge-gpu-pipeline{block-tile=128,64 thread-tile=8,8 tile-k=32 promote=1 vectorize=1}",b128x64-t8x8-k32; grid=16x8x1 block=8x16x1 padded=1024x1024x1024; regs=127 smem=24576 blocks/SM=4 occ=0.333,,10,100,0.227088,0.22016,0.002568,GFLOP/s,8807.158458394983,1800,22.75% of FP32 peak at median clock,,err/bound=0.00366,model: pred_ms=0.0575 waves=1 resident=2 bound=fma fma_step=2048 lds_step=2048 latency_exposed=0
572f506,23.1.2,13.3,NVIDIA RTX A6000,24153819,2026-09-27T04:28:06-07:00,mbr,1000x1000x1000,f32,"tforge-gpu-pipeline{block-tile=128,128 thread-tile=4,4 tile-k=8 promote=1 vectorize=1}",b128x128-t4x4-k8; grid=8x8x1 block=32x32x1 padded=1024x1024x1000; regs=64 smem=8192 blocks/SM=1 occ=0.667,,10,100,0.247808,0.24576,0.00124,GFLOP/s,8070.764462809917,1800,20.85% of FP32 peak at median clock,,err/bound=0.00366,model: pred_ms=0.1452 waves=1 resident=1 bound=smem fma_step=1024 lds_step=2048 latency_exposed=1
572f506,23.1.2,13.3,NVIDIA RTX A6000,24153819,2026-09-27T04:28:06-07:00,mbr,1000x1000x1000,f32,"tforge-gpu-pipeline{block-tile=128,128 thread-tile=4,4 tile-k=16 promote=1 vectorize=1}",b128x128-t4x4-k16; grid=8x8x1 block=32x32x1 padded=1024x1024x1008; regs=64 smem=16384 blocks/SM=1 occ=0.667,,10,100,0.218608,0.217088,0.001148,GFLOP/s,9148.796018443973,1800,23.64% of FP32 peak at median clock,,err/bound=0.00366,model: pred_ms=0.1298 waves=1 resident=1 bound=smem fma_step=2048 lds_step=4096 latency_exposed=1
572f506,23.1.2,13.3,NVIDIA RTX A6000,24153819,2026-09-27T04:28:06-07:00,mbr,1000x1000x1000,f32,"tforge-gpu-pipeline{block-tile=128,128 thread-tile=4,4 tile-k=32 promote=1 vectorize=1}",b128x128-t4x4-k32; grid=8x8x1 block=32x32x1 padded=1024x1024x1024; regs=64 smem=32768 blocks/SM=1 occ=0.667,,10,100,0.206704,0.2048,0.000942,GFLOP/s,9675.671491601517,1800,25.00% of FP32 peak at median clock,,err/bound=0.00366,model: pred_ms=0.1234 waves=1 resident=1 bound=smem fma_step=4096 lds_step=8192 latency_exposed=1
572f506,23.1.2,13.3,NVIDIA RTX A6000,24153819,2026-09-27T04:28:06-07:00,mbr,1000x1000x1000,f32,"tforge-gpu-pipeline{block-tile=128,128 thread-tile=8,4 tile-k=8 promote=1 vectorize=1}",b128x128-t8x4-k8; grid=8x8x1 block=32x16x1 padded=1024x1024x1000; regs=94 smem=8192 blocks/SM=1 occ=0.333,,10,100,0.22544,0.224256,0.001014,GFLOP/s,8871.540099361247,1800,22.92% of FP32 peak at median clock,,err/bound=0.00366,model: pred_ms=0.1171 waves=1 resident=1 bound=smem fma_step=1024 lds_step=1536 latency_exposed=1
572f506,23.1.2,13.3,NVIDIA RTX A6000,24153819,2026-09-27T04:28:06-07:00,mbr,1000x1000x1000,f32,"tforge-gpu-pipeline{block-tile=128,128 thread-tile=8,4 tile-k=16 promote=1 vectorize=1}",b128x128-t8x4-k16; grid=8x8x1 block=32x16x1 padded=1024x1024x1008; regs=96 smem=16384 blocks/SM=1 occ=0.333,,10,100,0.19456,0.193536,0.000983,GFLOP/s,10279.605263157895,1800,26.56% of FP32 peak at median clock,,err/bound=0.00366,model: pred_ms=0.1015 waves=1 resident=1 bound=smem fma_step=2048 lds_step=3072 latency_exposed=1
572f506,23.1.2,13.3,NVIDIA RTX A6000,24153819,2026-09-27T04:28:06-07:00,mbr,1000x1000x1000,f32,"tforge-gpu-pipeline{block-tile=128,128 thread-tile=8,4 tile-k=32 promote=1 vectorize=1}",b128x128-t8x4-k32; grid=8x8x1 block=32x16x1 padded=1024x1024x1024; regs=96 smem=32768 blocks/SM=1 occ=0.333,,10,100,0.183296,0.182272,0.001047,GFLOP/s,10911.312849162012,1800,28.19% of FP32 peak at median clock,,err/bound=0.00366,model: pred_ms=0.0947 waves=1 resident=1 bound=smem fma_step=4096 lds_step=6144 latency_exposed=1
572f506,23.1.2,13.3,NVIDIA RTX A6000,24153819,2026-09-27T04:28:06-07:00,mbr,1000x1000x1000,f32,"tforge-gpu-pipeline{block-tile=128,128 thread-tile=4,8 tile-k=8 promote=1 vectorize=1}",b128x128-t4x8-k8; grid=8x8x1 block=16x32x1 padded=1024x1024x1000; regs=88 smem=8192 blocks/SM=1 occ=0.333,,10,100,0.307136,0.305152,0.001172,GFLOP/s,6511.77328610127,1800,16.82% of FP32 peak at median clock,,err/bound=0.00366,model: pred_ms=0.1171 waves=1 resident=1 bound=smem fma_step=1024 lds_step=1536 latency_exposed=1
572f506,23.1.2,13.3,NVIDIA RTX A6000,24153819,2026-09-27T04:28:06-07:00,mbr,1000x1000x1000,f32,"tforge-gpu-pipeline{block-tile=128,128 thread-tile=4,8 tile-k=16 promote=1 vectorize=1}",b128x128-t4x8-k16; grid=8x8x1 block=16x32x1 padded=1024x1024x1008; regs=94 smem=16384 blocks/SM=1 occ=0.333,,10,100,0.273408,0.272384,0.00114,GFLOP/s,7315.074906367041,1800,18.90% of FP32 peak at median clock,,err/bound=0.00366,model: pred_ms=0.1015 waves=1 resident=1 bound=smem fma_step=2048 lds_step=3072 latency_exposed=1
572f506,23.1.2,13.3,NVIDIA RTX A6000,24153819,2026-09-27T04:28:06-07:00,mbr,1000x1000x1000,f32,"tforge-gpu-pipeline{block-tile=128,128 thread-tile=4,8 tile-k=32 promote=1 vectorize=1}",b128x128-t4x8-k32; grid=8x8x1 block=16x32x1 padded=1024x1024x1024; regs=100 smem=32768 blocks/SM=1 occ=0.333,,10,100,0.265216,0.264064,0.02422,GFLOP/s,7541.023166023165,1800,19.48% of FP32 peak at median clock,,err/bound=0.00366,model: pred_ms=0.0947 waves=1 resident=1 bound=smem fma_step=4096 lds_step=6144 latency_exposed=1
572f506,23.1.2,13.3,NVIDIA RTX A6000,24153819,2026-09-27T04:28:06-07:00,mbr,1000x1000x1000,f32,"tforge-gpu-pipeline{block-tile=128,128 thread-tile=8,8 tile-k=8 promote=1 vectorize=1}",b128x128-t8x8-k8; grid=8x8x1 block=16x16x1 padded=1024x1024x1000; regs=128 smem=8192 blocks/SM=2 occ=0.333,,10,100,0.244736,0.243712,0.000895,GFLOP/s,8172.071129707112,1800,21.11% of FP32 peak at median clock,,err/bound=0.00366,model: pred_ms=0.0890 waves=1 resident=1 bound=fma fma_step=1024 lds_step=1024 latency_exposed=1
572f506,23.1.2,13.3,NVIDIA RTX A6000,24153819,2026-09-27T04:28:06-07:00,mbr,1000x1000x1000,f32,"tforge-gpu-pipeline{block-tile=128,128 thread-tile=8,8 tile-k=16 promote=1 vectorize=1}",b128x128-t8x8-k16; grid=8x8x1 block=16x16x1 padded=1024x1024x1008; regs=128 smem=16384 blocks/SM=2 occ=0.333,,10,100,0.217088,0.215872,0.000977,GFLOP/s,9212.853773584904,1800,23.80% of FP32 peak at median clock,,err/bound=0.00366,model: pred_ms=0.0732 waves=1 resident=1 bound=fma fma_step=2048 lds_step=2048 latency_exposed=1
572f506,23.1.2,13.3,NVIDIA RTX A6000,24153819,2026-09-27T04:28:06-07:00,mbr,1000x1000x1000,f32,"tforge-gpu-pipeline{block-tile=128,128 thread-tile=8,8 tile-k=32 promote=1 vectorize=1}",b128x128-t8x8-k32; grid=8x8x1 block=16x16x1 padded=1024x1024x1024; regs=128 smem=32768 blocks/SM=2 occ=0.333,,10,100,0.209744,0.207872,0.001173,GFLOP/s,9535.43367152338,1800,24.63% of FP32 peak at median clock,,err/bound=0.00366,model: pred_ms=0.0659 waves=1 resident=1 bound=fma fma_step=4096 lds_step=4096 latency_exposed=1
572f506,23.1.2,13.3,NVIDIA RTX A6000,24153819,2026-09-27T04:28:06-07:00,mbr,777x1111x333,f32,"tforge-gpu-pipeline{block-tile=32,32 thread-tile=4,4 tile-k=8 promote=1 vectorize=1}",b32x32-t4x4-k8; grid=35x25x1 block=8x8x1 padded=800x1120x336; regs=64 smem=2048 blocks/SM=16 occ=0.667,,10,100,0.08576,0.084704,0.001138,GFLOP/s,6703.85380130597,1800,17.32% of FP32 peak at median clock,,err/bound=0.0147,model: pred_ms=0.0259 waves=1 resident=11 bound=smem fma_step=64 lds_step=128 latency_exposed=0
572f506,23.1.2,13.3,NVIDIA RTX A6000,24153819,2026-09-27T04:28:06-07:00,mbr,777x1111x333,f32,"tforge-gpu-pipeline{block-tile=32,32 thread-tile=4,4 tile-k=16 promote=1 vectorize=1}",b32x32-t4x4-k16; grid=35x25x1 block=8x8x1 padded=800x1120x336; regs=62 smem=4096 blocks/SM=16 occ=0.667,,10,100,0.079616,0.077824,0.000771,GFLOP/s,7221.193001406752,1800,18.66% of FP32 peak at median clock,,err/bound=0.0147,model: pred_ms=0.0259 waves=1 resident=11 bound=smem fma_step=128 lds_step=256 latency_exposed=0
572f506,23.1.2,13.3,NVIDIA RTX A6000,24153819,2026-09-27T04:28:06-07:00,mbr,777x1111x333,f32,"tforge-gpu-pipeline{block-tile=32,32 thread-tile=4,4 tile-k=32 promote=1 vectorize=1}",b32x32-t4x4-k32; grid=35x25x1 block=8x8x1 padded=800x1120x352; regs=80 smem=8192 blocks/SM=11 occ=0.458,,10,100,0.077824,0.0768,0.00078,GFLOP/s,7387.470471833881,1800,19.09% of FP32 peak at median clock,,err/bound=0.0147,model: pred_ms=0.0272 waves=1 resident=11 bound=smem fma_step=256 lds_step=512 latency_exposed=0
572f506,23.1.2,13.3,NVIDIA RTX A6000,24153819,2026-09-27T04:28:06-07:00,mbr,777x1111x333,f32,"tforge-gpu-pipeline{block-tile=32,32 thread-tile=8,4 tile-k=8 promote=1 vectorize=1}",b32x32-t8x4-k8; grid=35x25x1 block=8x4x1 padded=800x1120x336; regs=106 smem=2048 blocks/SM=16 occ=0.333,,10,100,0.075744,0.074624,0.001168,GFLOP/s,7590.337214828896,1800,19.61% of FP32 peak at median clock,,err/bound=0.0147,model: pred_ms=0.0195 waves=1 resident=11 bound=smem fma_step=64 lds_step=96 latency_exposed=0
572f506,23.1.2,13.3,NVIDIA RTX A6000,24153819,2026-09-27T04:28:06-07:00,mbr,777x1111x333,f32,"tforge-gpu-pipeline{block-tile=32,32 thread-tile=8,4 tile-k=16 promote=1 vectorize=1}",b32x32-t8x4-k16; grid=35x25x1 block=8x4x1 padded=800x1120x336; regs=108 smem=4096 blocks/SM=16 occ=0.333,,10,100,0.069648,0.068608,0.000842,GFLOP/s,8254.68788766368,1800,21.33% of FP32 peak at median clock,,err/bound=0.0147,model: pred_ms=0.0195 waves=1 resident=11 bound=smem fma_step=128 lds_step=192 latency_exposed=0
572f506,23.1.2,13.3,NVIDIA RTX A6000,24153819,2026-09-27T04:28:06-07:00,mbr,777x1111x333,f32,"tforge-gpu-pipeline{block-tile=32,32 thread-tile=8,4 tile-k=32 promote=1 vectorize=1}",b32x32-t8x4-k32; grid=35x25x1 block=8x4x1 padded=800x1120x352; regs=118 smem=8192 blocks/SM=11 occ=0.229,,10,100,0.072704,0.07168,0.002564,GFLOP/s,7907.714871258802,1800,20.43% of FP32 peak at median clock,,err/bound=0.0147,model: pred_ms=0.0204 waves=1 resident=11 bound=smem fma_step=256 lds_step=384 latency_exposed=0
572f506,23.1.2,13.3,NVIDIA RTX A6000,24153819,2026-09-27T04:28:06-07:00,mbr,777x1111x333,f32,"tforge-gpu-pipeline{block-tile=32,32 thread-tile=4,8 tile-k=8 promote=1 vectorize=1}",b32x32-t4x8-k8; grid=35x25x1 block=4x8x1 padded=800x1120x336; regs=104 smem=2048 blocks/SM=16 occ=0.333,,10,100,0.090032,0.088352,0.000817,GFLOP/s,6385.757308512529,1800,16.50% of FP32 peak at median clock,,err/bound=0.0147,model: pred_ms=0.0195 waves=1 resident=11 bound=smem fma_step=64 lds_step=96 latency_exposed=0
572f506,23.1.2,13.3,NVIDIA RTX A6000,24153819,2026-09-27T04:28:06-07:00,mbr,777x1111x333,f32,"tforge-gpu-pipeline{block-tile=32,32 thread-tile=4,8 tile-k=16 promote=1 vectorize=1}",b32x32-t4x8-k16; grid=35x25x1 block=4x8x1 padded=800x1120x336; regs=106 smem=4096 blocks/SM=16 occ=0.333,,10,100,0.08392,0.08192,0.000977,GFLOP/s,6850.840109628218,1800,17.70% of FP32 peak at median clock,,err/bound=0.0147,model: pred_ms=0.0195 waves=1 resident=11 bound=smem fma_step=128 lds_step=192 latency_exposed=0
572f506,23.1.2,13.3,NVIDIA RTX A6000,24153819,2026-09-27T04:28:06-07:00,mbr,777x1111x333,f32,"tforge-gpu-pipeline{block-tile=32,32 thread-tile=4,8 tile-k=32 promote=1 vectorize=1}",b32x32-t4x8-k32; grid=35x25x1 block=4x8x1 padded=800x1120x352; regs=126 smem=8192 blocks/SM=11 occ=0.229,,10,100,0.094192,0.092352,0.000873,GFLOP/s,6103.729637336505,1800,15.77% of FP32 peak at median clock,,err/bound=0.0147,model: pred_ms=0.0204 waves=1 resident=11 bound=smem fma_step=256 lds_step=384 latency_exposed=0
572f506,23.1.2,13.3,NVIDIA RTX A6000,24153819,2026-09-27T04:28:06-07:00,mbr,777x1111x333,f32,"tforge-gpu-pipeline{block-tile=32,64 thread-tile=4,4 tile-k=8 promote=1 vectorize=1}",b32x64-t4x4-k8; grid=18x25x1 block=16x8x1 padded=800x1152x336; regs=64 smem=3072 blocks/SM=8 occ=0.667,,10,100,0.077824,0.076672,0.016,GFLOP/s,7387.470471833881,1800,19.09% of FP32 peak at median clock,,err/bound=0.0147,model: pred_ms=0.0283 waves=1 resident=6 bound=smem fma_step=128 lds_step=256 latency_exposed=0
572f506,23.1.2,13.3,NVIDIA RTX A6000,24153819,2026-09-27T04:28:06-07:00,mbr,777x1111x333,f32,"tforge-gpu-pipeline{block-tile=32,64 thread-tile=4,4 tile-k=16 promote=1 vectorize=1}",b32x64-t4x4-k16; grid=18x25x1 block=16x8x1 padded=800x1152x336; regs=63 smem=6144 blocks/SM=8 occ=0.667,,10,100,0.070704,0.069632,0.000794,GFLOP/s,8131.399949083502,1800,21.01% of FP32 peak at median clock,,err/bound=0.0147,model: pred_ms=0.0283 waves=1 resident=6 bound=smem fma_step=256 lds_step=512 latency_exposed=0
572f506,23.1.2,13.3,NVIDIA RTX A6000,24153819,2026-09-27T04:28:06-07:00,mbr,777x1111x333,f32,"tforge-gpu-pipeline{block-tile=32,64 thread-tile=4,4 tile-k=32 promote=1 vectorize=1}",b32x64-t4x4-k32; grid=18x25x1 block=16x8x1 padded=800x1152x352; regs=70 smem=12288 blocks/SM=7 occ=0.583,,10,100,0.072704,0.071552,0.001086,GFLOP/s,7907.714871258802,1800,20.43% of FP32 peak at median clock,,err/bound=0.0147,model: pred_ms=0.0296 waves=1 resident=6 bound=smem fma_step=512 lds_step=1024 latency_exposed=0
572f506,23.1.2,13.3,NVIDIA RTX A6000,24153819,2026-09-27T04:28:06-07:00,mbr,777x1111x333,f32,"tforge-gpu-pipeline{block-tile=32,64 thread-tile=8,4 tile-k=8 promote=1 vectorize=1}",b32x64-t8x4-k8; grid=18x25x1 block=16x4x1 padded=800x1152x336; regs=96 smem=3072 blocks/SM=10 occ=0.417,,10,100,0.06536,0.063488,0.001039,GFLOP/s,8796.243910648715,1800,22.73% of FP32 peak at median clock,,err/bound=0.0147,model: pred_ms=0.0212 waves=1 resident=6 bound=smem fma_step=128 lds_step=192 latency_exposed=0
572f506,23.1.2,13.3,NVIDIA RTX A6000,24153819,2026-09-27T04:28:06-07:00,mbr,777x1111x333,f32,"tforge-gpu-pipeline{block-tile=32,64 thread-tile=8,4 tile-k=16 promote=1 vectorize=1}",b32x64-t8x4-k16; grid=18x25x1 block=16x4x1 padded=800x1152x336; regs=94 smem=6144 blocks/SM=10 occ=0.417,,10,100,0.063488,0.062464,0.000999,GFLOP/s,9055.608965473792,1800,23.40% of FP32 peak at median clock,,err/bound=0.0147,model: pred_ms=0.0212 waves=1 resident=6 bound=smem fma_step=256 lds_step=384 latency_exposed=0
572f506,23.1.2,13.3,NVIDIA RTX A6000,24153819,2026-09-27T04:28:06-07:00,mbr,777x1111x333,f32,"tforge-gpu-pipeline{block-tile=32,64 thread-tile=8,4 tile-k=32 promote=1 vectorize=1}",b32x64-t8x4-k32; grid=18x25x1 block=16x4x1 padded=800x1152x352; regs=108 smem=12288 blocks/SM=7 occ=0.292,,10,100,0.067584,0.06656,0.000956,GFLOP/s,8506.784179687498,1800,21.98% of FP32 peak at median clock,,err/bound=0.0147,model: pred_ms=0.0222 waves=1 resident=6 bound=smem fma_step=512 lds_step=768 latency_exposed=0
572f506,23.1.2,13.3,NVIDIA RTX A6000,24153819,2026-09-27T04:28:06-07:00,mbr,777x1111x333,f32,"tforge-gpu-pipeline{block-tile=32,64 thread-tile=4,8 tile-k=8 promote=1 vectorize=1}",b32x64-t4x8-k8; grid=18x25x1 block=8x8x1 padded=800x1152x336; regs=80 smem=3072 blocks/SM=12 occ=0.5,,10,100,0.09216,0.091136,0.000832,GFLOP/s,6238.308398437499,1800,16.12% of FP32 peak at median clock,,err/bound=0.0147,model: pred_ms=0.0212 waves=1 resident=6 bound=smem fma_step=128 lds_step=192 latency_exposed=0
572f506,23.1.2,13.3,NVIDIA RTX A6000,24153819,2026-09-27T04:28:06-07:00,mbr,777x1111x333,f32,"tforge-gpu-pipeline{block-tile=32,64 thread-tile=4,8 tile-k=16 promote=1 vectorize=1}",b32x64-t4x8-k16; grid=18x25x1 block=8x8x1 padded=800x1152x336; regs=80 smem=6144 blocks/SM=12 occ=0.5,,10,100,0.091104,0.09008,0.00092,GFLOP/s,6310.617557955743,1800,16.30% of FP32 peak at median clock,,err/bound=0.0147,model: pred_ms=0.0212 waves=1 resident=6 bound=smem fma_step=256 lds_step=384 latency_exposed=0
572f506,23.1.2,13.3,NVIDIA RTX A6000,24153819,2026-09-27T04:28:06-07:00,mbr,777x1111x333,f32,"tforge-gpu-pipeline{block-tile=32,64 thread-tile=4,8 tile-k=32 promote=1 vectorize=1}",b32x64-t4x8-k32; grid=18x25x1 block=8x8x1 padded=800x1152x352; regs=114 smem=12288 blocks/SM=7 occ=0.292,,10,100,0.104272,0.1024,0.001239,GFLOP/s,5513.6805853920505,1800,14.24% of FP32 peak at median clock,,err/bound=0.0147,model: pred_ms=0.0222 waves=1 resident=6 bound=smem fma_step=512 lds_step=768 latency_exposed=0
572f506,23.1.2,13.3,NVIDIA RTX A6000,24153819,2026-09-27T04:28:06-07:00,mbr,777x1111x333,f32,"tforge-gpu-pipeline{block-tile=32,64 thread-tile=8,8 tile-k=8 promote=1 vectorize=1}",b32x64-t8x8-k8; grid=18x25x1 block=8x4x1 padded=800x1152x336; regs=128 smem=3072 blocks/SM=16 occ=0.333,,10,100,0.083968,0.08288,0.012349,GFLOP/s,6846.923851943597,1800,17.69% of FP32 peak at median clock,,err/bound=0.0147,model: pred_ms=0.0141 waves=1 resident=6 bound=fma fma_step=128 lds_step=128 latency_exposed=0
572f506,23.1.2,13.3,NVIDIA RTX A6000,24153819,2026-09-27T04:28:06-07:00,mbr,777x1111x333,f32,"tforge-gpu-pipeline{block-tile=32,64 thread-tile=8,8 tile-k=16 promote=1 vectorize=1}",b32x64-t8x8-k16; grid=18x25x1 block=8x4x1 padded=800x1152x336; regs=128 smem=6144 blocks/SM=14 occ=0.292,,10,100,0.096256,0.095232,0.00112,GFLOP/s,5972.848466589096,1800,15.43% of FP32 peak at median clock,,err/bound=0.0147,model: pred_ms=0.0141 waves=1 resident=6 bound=fma fma_step=256 lds_step=256 latency_exposed=0
572f506,23.1.2,13.3,NVIDIA RTX A6000,24153819,2026-09-27T04:28:06-07:00,mbr,777x1111x333,f32,"tforge-gpu-pipeline{block-tile=32,64 thread-tile=8,8 tile-k=32 promote=1 vectorize=1}",b32x64-t8x8-k32; grid=18x25x1 block=8x4x1 padded=800x1152x352; regs=178 smem=12288 blocks/SM=7 occ=0.146,,10,100,0.094208,0.093152,0.001292,GFLOP/s,6102.692998471467,1800,15.77% of FP32 peak at median clock,,err/bound=0.0147,model: pred_ms=0.0148 waves=1 resident=6 bound=fma fma_step=512 lds_step=512 latency_exposed=0
572f506,23.1.2,13.3,NVIDIA RTX A6000,24153819,2026-09-27T04:28:06-07:00,mbr,777x1111x333,f32,"tforge-gpu-pipeline{block-tile=32,128 thread-tile=4,4 tile-k=8 promote=1 vectorize=1}",b32x128-t4x4-k8; grid=9x25x1 block=32x8x1 padded=800x1152x336; regs=60 smem=5120 blocks/SM=4 occ=0.667,,10,100,0.075776,0.074688,0.000829,GFLOP/s,7587.1318359375,1800,19.60% of FP32 peak at median clock,,err/bound=0.0147,model: pred_ms=0.0283 waves=1 resident=3 bound=smem fma_step=256 lds_step=512 latency_exposed=0
572f506,23.1.2,13.3,NVIDIA RTX A6000,24153819,2026-09-27T04:28:06-07:00,mbr,777x1111x333,f32,"tforge-gpu-pipeline{block-tile=32,128 thread-tile=4,4 tile-k=16 promote=1 vectorize=1}",b32x128-t4x4-k16; grid=9x25x1 block=32x8x1 padded=800x1152x336; regs=62 smem=10240 blocks/SM=4 occ=0.667,,10,100,0.07168,0.069632,0.00169,GFLOP/s,8020.682226562501,1800,20.72% of FP32 peak at median clock,,err/bound=0.0147,model: pred_ms=0.0283 waves=1 resident=3 bound=smem fma_step=512 lds_step=1024 latency_exposed=0
572f506,23.1.2,13.3,NVIDIA RTX A6000,24153819,2026-09-27T04:28:06-07:00,mbr,777x1111x333,f32,"tforge-gpu-pipeline{block-tile=32,128 thread-tile=4,4 tile-k=32 promote=1 vectorize=1}",b32x128-t4x4-k32; grid=9x25x1 block=32x8x1 padded=800x1152x352; regs=66 smem=20480 blocks/SM=3 occ=0.5,,10,100,0.073456,0.072416,0.000807,GFLOP/s,7826.7602646482255,1800,20.22% of FP32 peak at median clock,,err/bound=0.0147,model: pred_ms=0.0296 waves=1 resident=3 bound=smem fma_step=1024 lds_step=2048 latency_exposed=0
572f506,23.1.2,13.3,NVIDIA RTX A6000,24153819,2026-09-27T04:28:06-07:00,mbr,777x1111x333,f32,"tforge-gpu-pipeline{block-tile=32,128 thread-tile=8,4 tile-k=8 promote=1 vectorize=1}",b32x128-t8x4-k8; grid=9x25x1 block=32x4x1 padded=800x1152x336; regs=86 smem=5120 blocks/SM=5 occ=0.417,,10,100,0.069632,0.068608,0.001844,GFLOP/s,8256.58464499081,1800,21.33% of FP32 peak at median clock,,err/bound=0.0147,model: pred_ms=0.0212 waves=1 resident=3 bound=smem fma_step=256 lds_step=384 latency_exposed=0
572f506,23.1.2,13.3,NVIDIA RTX A6000,24153819,2026-09-27T04:28:06-07:00,mbr,777x1111x333,f32,"tforge-gpu-pipeline{block-tile=32,128 thread-tile=8,4 tile-k=16 promote=1 vectorize=1}",b32x128-t8x4-k16; grid=9x25x1 block=32x4x1 padded=800x1152x336; regs=91 smem=10240 blocks/SM=5 occ=0.417,,10,100,0.062464,0.06144,0.000799,GFLOP/s,9204.061571465165,1800,23.78% of FP32 peak at median clock,,err/bound=0.0147,model: pred_ms=0.0212 waves=1 resident=3 bound=smem fma_step=512 lds_step=768 latency_exposed=0
572f506,23.1.2,13.3,NVIDIA RTX A6000,24153819,2026-09-27T04:28:06-07:00,mbr,777x1111x333,f32,"tforge-gpu-pipeline{block-tile=32,128 thread-tile=8,4 tile-k=32 promote=1 vectorize=1}",b32x128-t8x4-k32; grid=9x25x1 block=32x4x1 padded=800x1152x352; regs=106 smem=20480 blocks/SM=4 occ=0.333,,10,100,0.067344,0.066336,0.001437,GFLOP/s,8537.10058802566,1800,22.06% of FP32 peak at median clock,,err/bound=0.0147,model: pred_ms=0.0222 waves=1 resident=3 bound=smem fma_step=1024 lds_step=1536 latency_exposed=0
572f506,23.1.2,13.3,NVIDIA RTX A6000,24153819,2026-09-27T04:28:06-07:00,mbr,777x1111x333,f32,"tforge-gpu-pipeline{block-tile=32,128 thread-tile=4,8 tile-k=8 promote=1 vectorize=1}",b32x128-t4x8-k8; grid=9x25x1 block=16x8x1 padded=800x1152x336; regs=80 smem=5120 blocks/SM=6 occ=0.5,,10,100,0.093184,0.092032,0.000943,GFLOP/s,6169.7555588942305,1800,15.94% of FP32 peak at median clock,,err/bound=0.0147,model: pred_ms=0.0212 waves=1 resident=3 bound=smem fma_step=256 lds_step=384 latency_exposed=0
572f506,23.1.2,13.3,NVIDIA RTX A6000,24153819,2026-09-27T04:28:06-07:00,mbr,777x1111x333,f32,"tforge-gpu-pipeline{block-tile=32,128 thread-tile=4,8 tile-k=16 promote=1 vectorize=1}",b32x128-t4x8-k16; grid=9x25x1 block=16x8x1 padded=800x1152x336; regs=80 smem=10240 blocks/SM=6 occ=0.5,,10,100,0.090112,0.089088,0.001014,GFLOP/s,6380.088134765625,1800,16.48% of FP32 peak at median clock,,err/bound=0.0147,model: pred_ms=0.0212 waves=1 resident=3 bound=smem fma_step=512 lds_step=768 latency_exposed=0
572f506,23.1.2,13.3,NVIDIA RTX A6000,24153819,2026-09-27T04:28:06-07:00,mbr,777x1111x333,f32,"tforge-gpu-pipeline{block-tile=32,128 thread-tile=4,8 tile-k=32 promote=1 vectorize=1}",b32x128-t4x8-k32; grid=9x25x1 block=16x8x1 padded=800x1152x352; regs=104 smem=20480 blocks/SM=4 occ=0.333,,10,100,0.093184,0.091424,0.00093,GFLOP/s,6169.7555588942305,1800,15.94% of FP32 peak at median clock,,err/bound=0.0147,model: pred_ms=0.0222 waves=1 resident=3 bound=smem fma_step=1024 lds_step=1536 latency_exposed=0
572f506,23.1.2,13.3,NVIDIA RTX A6000,24153819,2026-09-27T04:28:06-07:00,mbr,777x1111x333,f32,"tforge-gpu-pipeline{block-tile=32,128 thread-tile=8,8 tile-k=8 promote=1 vectorize=1}",b32x128-t8x8-k8; grid=9x25x1 block=16x4x1 padded=800x1152x336; regs=128 smem=5120 blocks/SM=8 occ=0.333,,10,100,0.087216,0.086016,0.001206,GFLOP/s,6591.938428728674,1800,17.03% of FP32 peak at median clock,,err/bound=0.0147,model: pred_ms=0.0158 waves=1 resident=3 bound=fma fma_step=256 lds_step=256 latency_exposed=1
572f506,23.1.2,13.3,NVIDIA RTX A6000,24153819,2026-09-27T04:28:06-07:00,mbr,777x1111x333,f32,"tforge-gpu-pipeline{block-tile=32,128 thread-tile=8,8 tile-k=16 promote=1 vectorize=1}",b32x128-t8x8-k16; grid=9x25x1 block=16x4x1 padded=800x1152x336; regs=128 smem=10240 blocks/SM=8 occ=0.333,,10,100,0.093184,0.091136,0.001005,GFLOP/s,6169.7555588942305,1800,15.94% of FP32 peak at median clock,,err/bound=0.0147,model: pred_ms=0.0141 waves=1 resident=3 bound=fma fma_step=512 lds_step=512 latency_exposed=0
572f506,23.1.2,13.3,NVIDIA RTX A6000,24153819,2026-09-27T04:28:06-07:00,mbr,777x1111x333,f32,"tforge-gpu-pipeline{block-tile=32,128 thread-tile=8,8 tile-k=32 promote=1 vectorize=1}",b32x128-t8x8-k32; grid=9x25x1 block=16x4x1 padded=800x1152x352; regs=162 smem=20480 blocks/SM=4 occ=0.167,,10,100,0.09504,0.09392,0.000932,GFLOP/s,6049.26875,1800,15.63% of FP32 peak at median clock,,err/bound=0.0147,model: pred_ms=0.0148 waves=1 resident=3 bound=fma fma_step=1024 lds_step=1024 latency_exposed=0
572f506,23.1.2,13.3,NVIDIA RTX A6000,24153819,2026-09-27T04:28:06-07:00,mbr,777x1111x333,f32,"tforge-gpu-pipeline{block-tile=64,32 thread-tile=4,4 tile-k=8 promote=1 vectorize=1}",b64x32-t4x4-k8; grid=35x13x1 block=8x16x1 padded=832x1120x336; regs=56 smem=3072 blocks/SM=9 occ=0.75,,10,100,0.086016,0.084832,0.000951,GFLOP/s,6683.90185546875,1800,17.27% of FP32 peak at median clock,,err/bound=0.0147,model: pred_ms=0.0283 waves=1 resident=6 bound=smem fma_step=128 lds_step=256 latency_exposed=0
572f506,23.1.2,13.3,NVIDIA RTX A6000,24153819,2026-09-27T04:28:06-07:00,mbr,777x1111x333,f32,"tforge-gpu-pipeline{block-tile=64,32 thread-tile=4,4 tile-k=16 promote=1 vectorize=1}",b64x32-t4x4-k16; grid=35x13x1 block=8x16x1 padded=832x1120x336; regs=63 smem=6144 blocks/SM=8 occ=0.667,,10,100,0.079744,0.07792,0.0011,GFLOP/s,7209.602001404494,1800,18.63% of FP32 peak at median clock,,err/bound=0.0147,model: pred_ms=0.0283 waves=1 resident=6 bound=smem fma_step=256 lds_step=512 latency_exposed=0
572f506,23.1.2,13.3,NVIDIA RTX A6000,24153819,2026-09-27T04:28:06-07:00,mbr,777x1111x333,f32,"tforge-gpu-pipeline{block-tile=64,32 thread-tile=4,4 tile-k=32 promote=1 vectorize=1}",b64x32-t4x4-k32; grid=35x13x1 block=8x16x1 padded=832x1120x352; regs=72 smem=12288 blocks/SM=7 occ=0.583,,10,100,0.078672,0.0768,0.000964,GFLOP/s,7307.841442953019,1800,18.88% of FP32 peak at median clock,,err/bound=0.0147,model: pred_ms=0.0296 waves=1 resident=6 bound=smem fma_step=512 lds_step=1024 latency_exposed=0
572f506,23.1.2,13.3,NVIDIA RTX A6000,24153819,2026-09-27T04:28:06-07:00,mbr,777x1111x333,f32,"tforge-gpu-pipeline{block-tile=64,32 thread-tile=8,4 tile-k=8 promote=1 vectorize=1}",b64x32-t8x4-k8; grid=35x13x1 block=8x8x1 padded=832x1120x336; regs=96 smem=3072 blocks/SM=10 occ=0.417,,10,100,0.074752,0.073728,0.001073,GFLOP/s,7691.065148758562,1800,19.87% of FP32 peak at median clock,,err/bound=0.0147,model: pred_ms=0.0212 waves=1 resident=6 bound=smem fma_step=128 lds_step=192 latency_exposed=0
572f506,23.1.2,13.3,NVIDIA RTX A6000,24153819,2026-09-27T04:28:06-07:00,mbr,777x1111x333,f32,"tforge-gpu-pipeline{block-tile=64,32 thread-tile=8,4 tile-k=16 promote=1 vectorize=1}",b64x32-t8x4-k16; grid=35x13x1 block=8x8x1 padded=832x1120x336; regs=94 smem=6144 blocks/SM=10 occ=0.417,,10,100,0.069632,0.068608,0.000945,GFLOP/s,8256.58464499081,1800,21.33% of FP32 peak at median clock,,err/bound=0.0147,model: pred_ms=0.0212 waves=1 resident=6 bound=smem fma_step=256 lds_step=384 latency_exposed=0
572f506,23.1.2,13.3,NVIDIA RTX A6000,24153819,2026-09-27T04:28:06-07:00,mbr,777x1111x333,f32,"tforge-gpu-pipeline{block-tile=64,32 thread-tile=8,4 tile-k=32 promote=1 vectorize=1}",b64x32-t8x4-k32; grid=35x13x1 block=8x8x1 padded=832x1120x352; regs=108 smem=12288 blocks/SM=7 occ=0.292,,10,100,0.07168,0.070656,0.000851,GFLOP/s,8020.682226562501,1800,20.72% of FP32 peak at median clock,,err/bound=0.0147,model: pred_ms=0.0222 waves=1 resident=6 bound=smem fma_step=512 lds_step=768 latency_exposed=0
572f506,23.1.2,13.3,NVIDIA RTX A6000,24153819,2026-09-27T04:28:06-07:00,mbr,777x1111x333,f32,"tforge-gpu-pipeline{block-tile=64,32 thread-tile=4,8 tile-k=8 promote=1 vectorize=1}",b64x32-t4x8-k8; grid=35x13x1 block=4x16x1 padded=832x1120x336; regs=79 smem=3072 blocks/SM=12 occ=0.5,,10,100,0.091136,0.089984,0.001062,GFLOP/s,6308.401751228933,1800,16.30% of FP32 peak at median clock,,err/bound=0.0147,model: pred_ms=0.0212 waves=1 resident=6 bound=smem fma_step=128 lds_step=192 latency_exposed=0
572f506,23.1.2,13.3,NVIDIA RTX A6000,24153819,2026-09-27T04:28:06-07:00,mbr,777x1111x333,f32,"tforge-gpu-pipeline{block-tile=64,32 thread-tile=4,8 tile-k=16 promote=1 vectorize=1}",b64x32-t4x8-k16; grid=35x13x1 block=4x16x1 padded=832x1120x336; regs=80 smem=6144 blocks/SM=12 occ=0.5,,10,100,0.086016,0.084992,0.000987,GFLOP/s,6683.90185546875,1800,17.27% of FP32 peak at median clock,,err/bound=0.0147,model: pred_ms=0.0212 waves=1 resident=6 bound=smem fma_step=256 lds_step=384 latency_exposed=0
572f506,23.1.2,13.3,NVIDIA RTX A6000,24153819,2026-09-27T04:28:06-07:00,mbr,777x1111x333,f32,"tforge-gpu-pipeline{block-tile=64,32 thread-tile=4,8 tile-k=32 promote=1 vectorize=1}",b64x32-t4x8-k32; grid=35x13x1 block=4x16x1 padded=832x1120x352; regs=112 smem=12288 blocks/SM=7 occ=0.292,,10,100,0.09728,0.096256,0.001177,GFLOP/s,5909.9763774671055,1800,15.27% of FP32 peak at median clock,,err/bound=0.0147,model: pred_ms=0.0222 waves=1 resident=6 bound=smem fma_step=512 lds_step=768 latency_exposed=0
572f506,23.1.2,13.3,NVIDIA RTX A6000,24153819,2026-09-27T04:28:06-07:00,mbr,777x1111x333,f32,"tforge-gpu-pipeline{block-tile=64,32 thread-tile=8,8 tile-k=8 promote=1 vectorize=1}",b64x32-t8x8-k8; grid=35x13x1 block=4x8x1 padded=832x1120x336; regs=128 smem=3072 blocks/SM=16 occ=0.333,,10,100,0.090112,0.089056,0.00141,GFLOP/s,6380.088134765625,1800,16.48% of FP32 peak at median clock,,err/bound=0.0147,model: pred_ms=0.0141 waves=1 resident=6 bound=fma fma_step=128 lds_step=128 latency_exposed=0
572f506,23.1.2,13.3,NVIDIA RTX A6000,24153819,2026-09-27T04:28:06-07:00,mbr,777x1111x333,f32,"tforge-gpu-pipeline{block-tile=64,32 thread-tile=8,8 tile-k=16 promote=1 vectorize=1}",b64x32-t8x8-k16; grid=35x13x1 block=4x8x1 padded=832x1120x336; regs=128 smem=6144 blocks/SM=14 occ=0.292,,10,100,0.099088,0.09728,0.001262,GFLOP/s,5802.140541740675,1800,14.99% of FP32 peak at median clock,,err/bound=0.0147,model: pred_ms=0.0141 waves=1 resident=6 bound=fma fma_step=256 lds_step=256 latency_exposed=0
572f506,23.1.2,13.3,NVIDIA RTX A6000,24153819,2026-09-27T04:28:06-07:00,mbr,777x1111x333,f32,"tforge-gpu-pipeline{block-tile=64,32 thread-tile=8,8 tile-k=32 promote=1 vectorize=1}",b64x32-t8x8-k32; grid=35x13x1 block=4x8x1 padded=832x1120x352; regs=178 smem=12288 blocks/SM=7 occ=0.146,,10,100,0.096256,0.094208,0.001106,GFLOP/s,5972.848466589096,1800,15.43% of FP32 peak at median clock,,err/bound=0.0147,model: pred_ms=0.0148 waves=1 resident=6 bound=fma fma_step=512 lds_step=512 latency_exposed=0
572f506,23.1.2,13.3,NVIDIA RTX A6000,24153819,2026-09-27T04:28:06-07:00,mbr,777x1111x333,f32,"tforge-gpu-pipeline{block-tile=64,64 thread-tile=4,4 tile-k=8 promote=1 vectorize=1}",b64x64-t4x4-k8; grid=18x13x1 block=16x16x1 padded=832x1152x336; regs=64 smem=4096 blocks/SM=4 occ=0.667,,10,100,0.07864,0.0768,0.001098,GFLOP/s,7310.815132248219,1800,18.89% of FP32 peak at median clock,,err/bound=0.0147,model: pred_ms=0.0283 waves=1 resident=3 bound=smem fma_step=256 lds_step=512 latency_exposed=0
572f506,23.1.2,13.3,NVIDIA RTX A6000,24153819,2026-09-27T04:28:06-07:00,mbr,777x1111x333,f32,"tforge-gpu-pipeline{block-tile=64,64 thread-tile=4,4 tile-k=16 promote=1 vectorize=1}",b64x64-t4x4-k16; grid=18x13x1 block=16x16x1 padded=832x1152x336; regs=61 smem=8192 blocks/SM=4 occ=0.667,,10,100,0.068608,0.067584,0.000793,GFLOP/s,8379.817251632461,1800,21.65% of FP32 peak at median clock,,err/bound=0.0147,model: pred_ms=0.0283 waves=1 resident=3 bound=smem fma_step=512 lds_step=1024 latency_exposed=0
572f506,23.1.2,13.3,NVIDIA RTX A6000,24153819,2026-09-27T04:28:06-07:00,mbr,777x1111x333,f32,"tforge-gpu-pipeline{block-tile=64,64 thread-tile=4,4 tile-k=32 promote=1 vectorize=1}",b64x64-t4x4-k32; grid=18x13x1 block=16x16x1 padded=832x1152x352; regs=65 smem=16384 blocks/SM=3 occ=0.5,,10,100,0.070656,0.069632,0.000879,GFLOP/s,8136.923997961957,1800,21.02% of FP32 peak at median clock,,err/bound=0.0147,model: pred_ms=0.0296 waves=1 resident=3 bound=smem fma_step=1024 lds_step=2048 latency_exposed=0
572f506,23.1.2,13.3,NVIDIA RTX A6000,24153819,2026-09-27T04:28:06-07:00,mbr,777x1111x333,f32,"tforge-gpu-pipeline{block-tile=64,64 thread-tile=8,4 tile-k=8 promote=1 vectorize=1}",b64x64-t8x4-k8; grid=18x13x1 block=16x8x1 padded=832x1152x336; regs=96 smem=4096 blocks/SM=5 occ=0.417,,10,100,0.067584,0.064448,0.000924,GFLOP/s,8506.784179687498,1800,21.98% of FP32 peak at median clock,,err/bound=0.0147,model: pred_ms=0.0212 waves=1 resident=3 bound=smem fma_step=256 lds_step=384 latency_exposed=0
572f506,23.1.2,13.3,NVIDIA RTX A6000,24153819,2026-09-27T04:28:06-07:00,mbr,777x1111x333,f32,"tforge-gpu-pipeline{block-tile=64,64 thread-tile=8,4 tile-k=16 promote=1 vectorize=1}",b64x64-t8x4-k16; grid=18x13x1 block=16x8x1 padded=832x1152x336; regs=92 smem=8192 blocks/SM=5 occ=0.417,,10,100,0.062464,0.06144,0.001161,GFLOP/s,9204.061571465165,1800,23.78% of FP32 peak at median clock,,err/bound=0.0147,model: pred_ms=0.0212 waves=1 resident=3 bound=smem fma_step=512 lds_step=768 latency_exposed=0
572f506,23.1.2,13.3,NVIDIA RTX A6000,24153819,2026-09-27T04:28:06-07:00,mbr,777x1111x333,f32,"tforge-gpu-pipeline{block-tile=64,64 thread-tile=8,4 tile-k=32 promote=1 vectorize=1}",b64x64-t8x4-k32; grid=18x13x1 block=16x8x1 padded=832x1152x352; regs=94 smem=16384 blocks/SM=5 occ=0.417,,10,100,0.062464,0.06144,0.000812,GFLOP/s,9204.061571465165,1800,23.78% of FP32 peak at median clock,,err/bound=0.0147,model: pred_ms=0.0222 waves=1 resident=3 bound=smem fma_step=1024 lds_step=1536 latency_exposed=0
572f506,23.1.2,13.3,NVIDIA RTX A6000,24153819,2026-09-27T04:28:06-07:00,mbr,777x1111x333,f32,"tforge-gpu-pipeline{block-tile=64,64 thread-tile=4,8 tile-k=8 promote=1 vectorize=1}",b64x64-t4x8-k8; grid=18x13x1 block=8x16x1 padded=832x1152x336; regs=80 smem=4096 blocks/SM=6 occ=0.5,,10,100,0.096256,0.095232,0.000868,GFLOP/s,5972.848466589096,1800,15.43% of FP32 peak at median clock,,err/bound=0.0147,model: pred_ms=0.0212 waves=1 resident=3 bound=smem fma_step=256 lds_step=384 latency_exposed=0
572f506,23.1.2,13.3,NVIDIA RTX A6000,24153819,2026-09-27T04:28:06-07:00,mbr,777x1111x333,f32,"tforge-gpu-pipeline{block-tile=64,64 thread-tile=4,8 tile-k=16 promote=1 vectorize=1}",b64x64-t4x8-k16; grid=18x13x1 block=8x16x1 padded=832x1152x336; regs=96 smem=8192 blocks/SM=5 occ=0.417,,10,100,0.094208,0.09312,0.000997,GFLOP/s,6102.692998471467,1800,15.77% of FP32 peak at median clock,,err/bound=0.0147,model: pred_ms=0.0212 waves=1 resident=3 bound=smem fma_step=512 lds_step=768 latency_exposed=0
572f506,23.1.2,13.3,NVIDIA RTX A6000,24153819,2026-09-27T04:28:06-07:00,mbr,777x1111x333,f32,"tforge-gpu-pipeline{block-tile=64,64 thread-tile=4,8 tile-k=32 promote=1 vectorize=1}",b64x64-t4x8-k32; grid=18x13x1 block=8x16x1 padded=832x1152x352; regs=96 smem=16384 blocks/SM=5 occ=0.417,,10,100,0.097248,0.095392,0.001047,GFLOP/s,5911.9210883514315,1800,15.27% of FP32 peak at median clock,,err/bound=0.0147,model: pred_ms=0.0222 waves=1 resident=3 bound=smem fma_step=1024 lds_step=1536 latency_exposed=0
572f506,23.1.2,13.3,NVIDIA RTX A6000,24153819,2026-09-27T04:28:06-07:00,mbr,777x1111x333,f32,"tforge-gpu-pipeline{block-tile=64,64 thread-tile=8,8 tile-k=8 promote=1 vectorize=1}",b64x64-t8x8-k8; grid=18x13x1 block=8x8x1 padded=832x1152x336; regs=128 smem=4096 blocks/SM=8 occ=0.333,,10,100,0.087024,0.085888,0.000935,GFLOP/s,6606.482142857141,1800,17.07% of FP32 peak at median clock,,err/bound=0.0147,model: pred_ms=0.0158 waves=1 resident=3 bound=fma fma_step=256 lds_step=256 latency_exposed=1
572f506,23.1.2,13.3,NVIDIA RTX A6000,24153819,2026-09-27T04:28:06-07:00,mbr,777x1111x333,f32,"tforge-gpu-pipeline{block-tile=64,64 thread-tile=8,8 tile-k=16 promote=1 vectorize=1}",b64x64-t8x8-k16; grid=18x13x1 block=8x8x1 padded=832x1152x336; regs=128 smem=8192 blocks/SM=8 occ=0.333,,10,100,0.086976,0.084992,0.001972,GFLOP/s,6610.128104304636,1800,17.08% of FP32 peak at median clock,,err/bound=0.0147,model: pred_ms=0.0141 waves=1 resident=3 bound=fma fma_step=512 lds_step=512 latency_exposed=0
572f506,23.1.2,13.3,NVIDIA RTX A6000,24153819,2026-09-27T04:28:06-07:00,mbr,777x1111x333,f32,"tforge-gpu-pipeline{block-tile=64,64 thread-tile=8,8 tile-k=32 promote=1 vectorize=1}",b64x64-t8x8-k32; grid=18x13x1 block=8x8x1 padded=832x1152x352; regs=157 smem=16384 blocks/SM=5 occ=0.208,,10,100,0.096256,0.094208,0.000981,GFLOP/s,5972.848466589096,1800,15.43% of FP32 peak at median clock,,err/bound=0.0147,model: pred_ms=0.0148 waves=1 resident=3 bound=fma fma_step=1024 lds_step=1024 latency_exposed=0
572f506,23.1.2,13.3,NVIDIA RTX A6000,24153819,2026-09-27T04:28:06-07:00,mbr,777x1111x333,f32,"tforge-gpu-pipeline{block-tile=64,128 thread-tile=4,4 tile-k=8 promote=1 vectorize=1}",b64x128-t4x4-k8; grid=9x13x1 block=32x16x1 padded=832x1152x336; regs=64 smem=6144 blocks/SM=2 occ=0.667,,10,100,0.095232,0.093184,0.001072,GFLOP/s,6037.072643649193,1800,15.60% of FP32 peak at median clock,,err/bound=0.0147,model: pred_ms=0.0377 waves=1 resident=2 bound=smem fma_step=512 lds_step=1024 latency_exposed=0
572f506,23.1.2,13.3,NVIDIA RTX A6000,24153819,2026-09-27T04:28:06-07:00,mbr,777x1111x333,f32,"tforge-gpu-pipeline{block-tile=64,128 thread-tile=4,4 tile-k=16 promote=1 vectorize=1}",b64x128-t4x4-k16; grid=9x13x1 block=32x16x1 padded=832x1152x336; regs=64 smem=12288 blocks/SM=2 occ=0.667,,10,100,0.084752,0.082944,0.000814,GFLOP/s,6783.586251651879,1800,17.53% of FP32 peak at median clock,,err/bound=0.0147,model: pred_ms=0.0377 waves=1 resident=2 bound=smem fma_step=1024 lds_step=2048 latency_exposed=0
572f506,23.1.2,13.3,NVIDIA RTX A6000,24153819,2026-09-27T04:28:06-07:00,mbr,777x1111x333,f32,"tforge-gpu-pipeline{block-tile=64,128 thread-tile=4,4 tile-k=32 promote=1 vectorize=1}",b64x128-t4x4-k32; grid=9x13x1 block=32x16x1 padded=832x1152x352; regs=64 smem=24576 blocks/SM=2 occ=0.667,,10,100,0.083968,0.082944,0.001213,GFLOP/s,6846.923851943597,1800,17.69% of FP32 peak at median clock,,err/bound=0.0147,model: pred_ms=0.0395 waves=1 resident=2 bound=smem fma_step=2048 lds_step=4096 latency_exposed=0
572f506,23.1.2,13.3,NVIDIA RTX A6000,24153819,2026-09-27T04:28:06-07:00,mbr,777x1111x333,f32,"tforge-gpu-pipeline{block-tile=64,128 thread-tile=8,4 tile-k=8 promote=1 vectorize=1}",b64x128-t8x4-k8; grid=9x13x1 block=32x8x1 padded=832x1152x336; regs=90 smem=6144 blocks/SM=2 occ=0.333,,10,100,0.078816,0.0768,0.001164,GFLOP/s,7294.489722898904,1800,18.85% of FP32 peak at median clock,,err/bound=0.0147,model: pred_ms=0.0283 waves=1 resident=2 bound=smem fma_step=512 lds_step=768 latency_exposed=0
572f506,23.1.2,13.3,NVIDIA RTX A6000,24153819,2026-09-27T04:28:06-07:00,mbr,777x1111x333,f32,"tforge-gpu-pipeline{block-tile=64,128 thread-tile=8,4 tile-k=16 promote=1 vectorize=1}",b64x128-t8x4-k16; grid=9x13x1 block=32x8x1 padded=832x1152x336; regs=90 smem=12288 blocks/SM=2 occ=0.333,,10,100,0.07168,0.070656,0.000805,GFLOP/s,8020.682226562501,1800,20.72% of FP32 peak at median clock,,err/bound=0.0147,model: pred_ms=0.0283 waves=1 resident=2 bound=smem fma_step=1024 lds_step=1536 latency_exposed=0
572f506,23.1.2,13.3,NVIDIA RTX A6000,24153819,2026-09-27T04:28:06-07:00,mbr,777x1111x333,f32,"tforge-gpu-pipeline{block-tile=64,128 thread-tile=8,4 tile-k=32 promote=1 vectorize=1}",b64x128-t8x4-k32; grid=9x13x1 block=32x8x1 padded=832x1152x352; regs=80 smem=24576 blocks/SM=3 occ=0.5,,10,100,0.073648,0.072704,0.000805,GFLOP/s,7806.355936345861,1800,20.17% of FP32 peak at median clock,,err/bound=0.0147,model: pred_ms=0.0296 waves=1 resident=2 bound=smem fma_step=2048 lds_step=3072 latency_exposed=0
572f506,23.1.2,13.3,NVIDIA RTX A6000,24153819,2026-09-27T04:28:06-07:00,mbr,777x1111x333,f32,"tforge-gpu-pipeline{block-tile=64,128 thread-tile=4,8 tile-k=8 promote=1 vectorize=1}",b64x128-t4x8-k8; grid=9x13x1 block=16x16x1 padded=832x1152x336; regs=80 smem=6144 blocks/SM=3 occ=0.5,,10,100,0.106496,0.105472,0.000865,GFLOP/s,5398.536114032452,1800,13.95% of FP32 peak at median clock,,err/bound=0.0147,model: pred_ms=0.0283 waves=1 resident=2 bound=smem fma_step=512 lds_step=768 latency_exposed=0
572f506,23.1.2,13.3,NVIDIA RTX A6000,24153819,2026-09-27T04:28:06-07:00,mbr,777x1111x333,f32,"tforge-gpu-pipeline{block-tile=64,128 thread-tile=4,8 tile-k=16 promote=1 vectorize=1}",b64x128-t4x8-k16; grid=9x13x1 block=16x16x1 padded=832x1152x336; regs=80 smem=12288 blocks/SM=3 occ=0.5,,10,100,0.101376,0.100352,0.001027,GFLOP/s,5671.189453125,1800,14.65% of FP32 peak at median clock,,err/bound=0.0147,model: pred_ms=0.0283 waves=1 resident=2 bound=smem fma_step=1024 lds_step=1536 latency_exposed=0
572f506,23.1.2,13.3,NVIDIA RTX A6000,24153819,2026-09-27T04:28:06-07:00,mbr,777x1111x333,f32,"tforge-gpu-pipeline{block-tile=64,128 thread-tile=4,8 tile-k=32 promote=1 vectorize=1}",b64x128-t4x8-k32; grid=9x13x1 block=16x16x1 padded=832x1152x352; regs=80 smem=24576 blocks/SM=3 occ=0.5,,10,100,0.104448,0.103424,0.010157,GFLOP/s,5504.389763327206,1800,14.22% of FP32 peak at median clock,,err/bound=0.0147,model: pred_ms=0.0296 waves=1 resident=2 bound=smem fma_step=2048 lds_step=3072 latency_exposed=0
572f506,23.1.2,13.3,NVIDIA RTX A6000,24153819,2026-09-27T04:28:06-07:00,mbr,777x1111x333,f32,"tforge-gpu-pipeline{block-tile=64,128 thread-tile=8,8 tile-k=8 promote=1 vectorize=1}",b64x128-t8x8-k8; grid=9x13x1 block=16x8x1 padded=832x1152x336; regs=128 smem=6144 blocks/SM=4 occ=0.333,,10,100,0.088064,0.08704,0.001021,GFLOP/s,6528.462277434593,1800,16.87% of FP32 peak at median clock,,err/bound=0.0147,model: pred_ms=0.0205 waves=1 resident=2 bound=fma fma_step=512 lds_step=512 latency_exposed=1
572f506,23.1.2,13.3,NVIDIA RTX A6000,24153819,2026-09-27T04:28:06-07:00,mbr,777x1111x333,f32,"tforge-gpu-pipeline{block-tile=64,128 thread-tile=8,8 tile-k=16 promote=1 vectorize=1}",b64x128-t8x8-k16; grid=9x13x1 block=16x8x1 padded=832x1152x336; regs=128 smem=12288 blocks/SM=4 occ=0.333,,10,100,0.082944,0.081632,0.000898,GFLOP/s,6931.453776041666,1800,17.91% of FP32 peak at median clock,,err/bound=0.0147,model: pred_ms=0.0189 waves=1 resident=2 bound=fma fma_step=1024 lds_step=1024 latency_exposed=0
572f506,23.1.2,13.3,NVIDIA RTX A6000,24153819,2026-09-27T04:28:06-07:00,mbr,777x1111x333,f32,"tforge-gpu-pipeline{block-tile=64,128 thread-tile=8,8 tile-k=32 promote=1 vectorize=1}",b64x128-t8x8-k32; grid=9x13x1 block=16x8x1 padded=832x1152x352; regs=127 smem=24576 blocks/SM=4 occ=0.333,,10,100,0.101376,0.099328,0.001006,GFLOP/s,5671.189453125,1800,14.65% of FP32 peak at median clock,,err/bound=0.0147,model: pred_ms=0.0198 waves=1 resident=2 bound=fma fma_step=2048 lds_step=2048 latency_exposed=0
572f506,23.1.2,13.3,NVIDIA RTX A6000,24153819,2026-09-27T04:28:06-07:00,mbr,777x1111x333,f32,"tforge-gpu-pipeline{block-tile=128,32 thread-tile=4,4 tile-k=8 promote=1 vectorize=1}",b128x32-t4x4-k8; grid=35x7x1 block=8x32x1 padded=896x1120x336; regs=60 smem=5120 blocks/SM=4 occ=0.667,,10,100,0.085968,0.0848,0.000866,GFLOP/s,6687.63379396985,1800,17.28% of FP32 peak at median clock,,err/bound=0.0147,model: pred_ms=0.0283 waves=1 resident=3 bound=smem fma_step=256 lds_step=512 latency_exposed=0
572f506,23.1.2,13.3,NVIDIA RTX A6000,24153819,2026-09-27T04:28:06-07:00,mbr,777x1111x333,f32,"tforge-gpu-pipeline{block-tile=128,32 thread-tile=4,4 tile-k=16 promote=1 vectorize=1}",b128x32-t4x4-k16; grid=35x7x1 block=8x32x1 padded=896x1120x336; regs=64 smem=10240 blocks/SM=4 occ=0.667,,10,100,0.080896,0.079872,0.000761,GFLOP/s,7106.933618473102,1800,18.36% of FP32 peak at median clock,,err/bound=0.0147,model: pred_ms=0.0283 waves=1 resident=3 bound=smem fma_step=512 lds_step=1024 latency_exposed=0
572f506,23.1.2,13.3,NVIDIA RTX A6000,24153819,2026-09-27T04:28:06-07:00,mbr,777x1111x333,f32,"tforge-gpu-pipeline{block-tile=128,32 thread-tile=4,4 tile-k=32 promote=1 vectorize=1}",b128x32-t4x4-k32; grid=35x7x1 block=8x32x1 padded=896x1120x352; regs=66 smem=20480 blocks/SM=3 occ=0.5,,10,100,0.078848,0.077824,0.000946,GFLOP/s,7291.529296875,1800,18.84% of FP32 peak at median clock,,err/bound=0.0147,model: pred_ms=0.0296 waves=1 resident=3 bound=smem fma_step=1024 lds_step=2048 latency_exposed=0
572f506,23.1.2,13.3,NVIDIA RTX A6000,24153819,2026-09-27T04:28:06-07:00,mbr,777x1111x333,f32,"tforge-gpu-pipeline{block-tile=128,32 thread-tile=8,4 tile-k=8 promote=1 vectorize=1}",b128x32-t8x4-k8; grid=35x7x1 block=8x16x1 padded=896x1120x336; regs=90 smem=5120 blocks/SM=5 occ=0.417,,10,100,0.078848,0.077824,0.00109,GFLOP/s,7291.529296875,1800,18.84% of FP32 peak at median clock,,err/bound=0.0147,model: pred_ms=0.0212 waves=1 resident=3 bound=smem fma_step=256 lds_step=384 latency_exposed=0
572f506,23.1.2,13.3,NVIDIA RTX A6000,24153819,2026-09-27T04:28:06-07:00,mbr,777x1111x333,f32,"tforge-gpu-pipeline{block-tile=128,32 thread-tile=8,4 tile-k=16 promote=1 vectorize=1}",b128x32-t8x4-k16; grid=35x7x1 block=8x16x1 padded=896x1120x336; regs=96 smem=10240 blocks/SM=5 occ=0.417,,10,100,0.069632,0.068608,0.00102,GFLOP/s,8256.58464499081,1800,21.33% of FP32 peak at median clock,,err/bound=0.0147,model: pred_ms=0.0212 waves=1 resident=3 bound=smem fma_step=512 lds_step=768 latency_exposed=0
572f506,23.1.2,13.3,NVIDIA RTX A6000,24153819,2026-09-27T04:28:06-07:00,mbr,777x1111x333,f32,"tforge-gpu-pipeline{block-tile=128,32 thread-tile=8,4 tile-k=32 promote=1 vectorize=1}",b128x32-t8x4-k32; grid=35x7x1 block=8x16x1 padded=896x1120x352; regs=110 smem=20480 blocks/SM=4 occ=0.333,,10,100,0.072608,0.070656,0.000919,GFLOP/s,7918.170201630674,1800,20.46% of FP32 peak at median clock,,err/bound=0.0147,model: pred_ms=0.0222 waves=1 resident=3 bound=smem fma_step=1024 lds_step=1536 latency_exposed=0
572f506,23.1.2,13.3,NVIDIA RTX A6000,24153819,2026-09-27T04:28:06-07:00,mbr,777x1111x333,f32,"tforge-gpu-pipeline{block-tile=128,32 thread-tile=4,8 tile-k=8 promote=1 vectorize=1}",b128x32-t4x8-k8; grid=35x7x1 block=4x32x1 padded=896x1120x336; regs=80 smem=5120 blocks/SM=6 occ=0.5,,10,100,0.09728,0.096256,0.000813,GFLOP/s,5909.9763774671055,1800,15.27% of FP32 peak at median clock,,err/bound=0.0147,model: pred_ms=0.0212 waves=1 resident=3 bound=smem fma_step=256 lds_step=384 latency_exposed=0
572f506,23.1.2,13.3,NVIDIA RTX A6000,24153819,2026-09-27T04:28:06-07:00,mbr,777x1111x333,f32,"tforge-gpu-pipeline{block-tile=128,32 thread-tile=4,8 tile-k=16 promote=1 vectorize=1}",b128x32-t4x8-k16; grid=35x7x1 block=4x32x1 padded=896x1120x336; regs=80 smem=10240 blocks/SM=6 occ=0.5,,10,100,0.09216,0.091136,0.001055,GFLOP/s,6238.308398437499,1800,16.12% of FP32 peak at median clock,,err/bound=0.0147,model: pred_ms=0.0212 waves=1 resident=3 bound=smem fma_step=512 lds_step=768 latency_exposed=0
572f506,23.1.2,13.3,NVIDIA RTX A6000,24153819,2026-09-27T04:28:06-07:00,mbr,777x1111x333,f32,"tforge-gpu-pipeline{block-tile=128,32 thread-tile=4,8 tile-k=32 promote=1 vectorize=1}",b128x32-t4x8-k32; grid=35x7x1 block=4x32x1 padded=896x1120x352; regs=102 smem=20480 blocks/SM=4 occ=0.333,,10,100,0.09216,0.090112,0.000974,GFLOP/s,6238.308398437499,1800,16.12% of FP32 peak at median clock,,err/bound=0.0147,model: pred_ms=0.0222 waves=1 resident=3 bound=smem fma_step=1024 lds_step=1536 latency_exposed=0
572f506,23.1.2,13.3,NVIDIA RTX A6000,24153819,2026-09-27T04:28:06-07:00,mbr,777x1111x333,f32,"tforge-gpu-pipeline{block-tile=128,32 thread-tile=8,8 tile-k=8 promote=1 vectorize=1}",b128x32-t8x8-k8; grid=35x7x1 block=4x16x1 padded=896x1120x336; regs=128 smem=5120 blocks/SM=8 occ=0.333,,10,100,0.09728,0.096256,0.000902,GFLOP/s,5909.9763774671055,1800,15.27% of FP32 peak at median clock,,err/bound=0.0147,model: pred_ms=0.0158 waves=1 resident=3 bound=fma fma_step=256 lds_step=256 latency_exposed=1
572f506,23.1.2,13.3,NVIDIA RTX A6000,24153819,2026-09-27T04:28:06-07:00,mbr,777x1111x333,f32,"tforge-gpu-pipeline{block-tile=128,32 thread-tile=8,8 tile-k=16 promote=1 vectorize=1}",b128x32-t8x8-k16; grid=35x7x1 block=4x16x1 padded=896x1120x336; regs=127 smem=10240 blocks/SM=8 occ=0.333,,10,100,0.100352,0.099328,0.001448,GFLOP/s,5729.058733258928,1800,14.80% of FP32 peak at median clock,,err/bound=0.0147,model: pred_ms=0.0141 waves=1 resident=3 bound=fma fma_step=512 lds_step=512 latency_exposed=0
572f506,23.1.2,13.3,NVIDIA RTX A6000,24153819,2026-09-27T04:28:06-07:00,mbr,777x1111x333,f32,"tforge-gpu-pipeline{block-tile=128,32 thread-tile=8,8 tile-k=32 promote=1 vectorize=1}",b128x32-t8x8-k32; grid=35x7x1 block=4x16x1 padded=896x1120x352; regs=162 smem=20480 blocks/SM=4 occ=0.167,,10,100,0.102144,0.100352,0.001186,GFLOP/s,5628.5489309210525,1800,14.54% of FP32 peak at median clock,,err/bound=0.0147,model: pred_ms=0.0148 waves=1 resident=3 bound=fma fma_step=1024 lds_step=1024 latency_exposed=0
572f506,23.1.2,13.3,NVIDIA RTX A6000,24153819,2026-09-27T04:28:06-07:00,mbr,777x1111x333,f32,"tforge-gpu-pipeline{block-tile=128,64 thread-tile=4,4 tile-k=8 promote=1 vectorize=1}",b128x64-t4x4-k8; grid=18x7x1 block=16x32x1 padded=896x1152x336; regs=64 smem=6144 blocks/SM=2 occ=0.667,,10,100,0.098304,0.09728,0.000876,GFLOP/s,5848.414123535156,1800,15.11% of FP32 peak at median clock,,err/bound=0.0147,model: pred_ms=0.0377 waves=1 resident=2 bound=smem fma_step=512 lds_step=1024 latency_exposed=0
572f506,23.1.2,13.3,NVIDIA RTX A6000,24153819,2026-09-27T04:28:06-07:00,mbr,777x1111x333,f32,"tforge-gpu-pipeline{block-tile=128,64 thread-tile=4,4 tile-k=16 promote=1 vectorize=1}",b128x64-t4x4-k16; grid=18x7x1 block=16x32x1 padded=896x1152x336; regs=60 smem=12288 blocks/SM=2 occ=0.667,,10,100,0.083968,0.082944,0.001046,GFLOP/s,6846.923851943597,1800,17.69% of FP32 peak at median clock,,err/bound=0.0147,model: pred_ms=0.0377 waves=1 resident=2 bound=smem fma_step=1024 lds_step=2048 latency_exposed=0
572f506,23.1.2,13.3,NVIDIA RTX A6000,24153819,2026-09-27T04:28:06-07:00,mbr,777x1111x333,f32,"tforge-gpu-pipeline{block-tile=128,64 thread-tile=4,4 tile-k=32 promote=1 vectorize=1}",b128x64-t4x4-k32; grid=18x7x1 block=16x32x1 padded=896x1152x352; regs=64 smem=24576 blocks/SM=2 occ=0.667,,10,100,0.083968,0.082656,0.000886,GFLOP/s,6846.923851943597,1800,17.69% of FP32 peak at median clock,,err/bound=0.0147,model: pred_ms=0.0395 waves=1 resident=2 bound=smem fma_step=2048 lds_step=4096 latency_exposed=0
572f506,23.1.2,13.3,NVIDIA RTX A6000,24153819,2026-09-27T04:28:06-07:00,mbr,777x1111x333,f32,"tforge-gpu-pipeline{block-tile=128,64 thread-tile=8,4 tile-k=8 promote=1 vectorize=1}",b128x64-t8x4-k8; grid=18x7x1 block=16x16x1 padded=896x1152x336; regs=94 smem=6144 blocks/SM=2 occ=0.333,,10,100,0.08192,0.080768,0.000943,GFLOP/s,7018.096948242188,1800,18.13% of FP32 peak at median clock,,err/bound=0.0147,model: pred_ms=0.0283 waves=1 resident=2 bound=smem fma_step=512 lds_step=768 latency_exposed=0
572f506,23.1.2,13.3,NVIDIA RTX A6000,24153819,2026-09-27T04:28:06-07:00,mbr,777x1111x333,f32,"tforge-gpu-pipeline{block-tile=128,64 thread-tile=8,4 tile-k=16 promote=1 vectorize=1}",b128x64-t8x4-k16; grid=18x7x1 block=16x16x1 padded=896x1152x336; regs=90 smem=12288 blocks/SM=2 occ=0.333,,10,100,0.07464,0.072704,0.000933,GFLOP/s,7702.605868167202,1800,19.90% of FP32 peak at median clock,,err/bound=0.0147,model: pred_ms=0.0283 waves=1 resident=2 bound=smem fma_step=1024 lds_step=1536 latency_exposed=0
572f506,23.1.2,13.3,NVIDIA RTX A6000,24153819,2026-09-27T04:28:06-07:00,mbr,777x1111x333,f32,"tforge-gpu-pipeline{block-tile=128,64 thread-tile=8,4 tile-k=32 promote=1 vectorize=1}",b128x64-t8x4-k32; grid=18x7x1 block=16x16x1 padded=896x1152x352; regs=102 smem=24576 blocks/SM=2 occ=0.333,,10,100,0.072704,0.07168,0.001419,GFLOP/s,7907.714871258802,1800,20.43% of FP32 peak at median clock,,err/bound=0.0147,model: pred_ms=0.0296 waves=1 resident=2 bound=smem fma_step=2048 lds_step=3072 latency_exposed=0
572f506,23.1.2,13.3,NVIDIA RTX A6000,24153819,2026-09-27T04:28:06-07:00,mbr,777x1111x333,f32,"tforge-gpu-pipeline{block-tile=128,64 thread-tile=4,8 tile-k=8 promote=1 vectorize=1}",b128x64-t4x8-k8; grid=18x7x1 block=8x32x1 padded=896x1152x336; regs=80 smem=6144 blocks/SM=3 occ=0.5,,10,100,0.114688,0.113664,0.001407,GFLOP/s,5012.9263916015625,1800,12.95% of FP32 peak at median clock,,err/bound=0.0147,model: pred_ms=0.0283 waves=1 resident=2 bound=smem fma_step=512 lds_step=768 latency_exposed=0
572f506,23.1.2,13.3,NVIDIA RTX A6000,24153819,2026-09-27T04:28:06-07:00,mbr,777x1111x333,f32,"tforge-gpu-pipeline{block-tile=128,64 thread-tile=4,8 tile-k=16 promote=1 vectorize=1}",b128x64-t4x8-k16; grid=18x7x1 block=8x32x1 padded=896x1152x336; regs=80 smem=12288 blocks/SM=3 occ=0.5,,10,100,0.109568,0.109408,0.015738,GFLOP/s,5247.175288405374,1800,13.56% of FP32 peak at median clock,,err/bound=0.0147,model: pred_ms=0.0283 waves=1 resident=2 bound=smem fma_step=1024 lds_step=1536 latency_exposed=0
572f506,23.1.2,13.3,NVIDIA RTX A6000,24153819,2026-09-27T04:28:06-07:00,mbr,777x1111x333,f32,"tforge-gpu-pipeline{block-tile=128,64 thread-tile=4,8 tile-k=32 promote=1 vectorize=1}",b128x64-t4x8-k32; grid=18x7x1 block=8x32x1 padded=896x1152x352; regs=80 smem=24576 blocks/SM=3 occ=0.5,,10,100,0.1116,0.110336,0.000807,GFLOP/s,5151.635322580645,1800,13.31% of FP32 peak at median clock,,err/bound=0.0147,model: pred_ms=0.0296 waves=1 resident=2 bound=smem fma_step=2048 lds_step=3072 latency_exposed=0
572f506,23.1.2,13.3,NVIDIA RTX A6000,24153819,2026-09-27T04:28:06-07:00,mbr,777x1111x333,f32,"tforge-gpu-pipeline{block-tile=128,64 thread-tile=8,8 tile-k=8 promote=1 vectorize=1}",b128x64-t8x8-k8; grid=18x7x1 block=8x16x1 padded=896x1152x336; regs=128 smem=6144 blocks/SM=4 occ=0.333,,10,100,0.096,0.094208,0.001097,GFLOP/s,5988.7760625,1800,15.47% of FP32 peak at median clock,,err/bound=0.0147,model: pred_ms=0.0205 waves=1 resident=2 bound=fma fma_step=512 lds_step=512 latency_exposed=1
572f506,23.1.2,13.3,NVIDIA RTX A6000,24153819,2026-09-27T04:28:06-07:00,mbr,777x1111x333,f32,"tforge-gpu-pipeline{block-tile=128,64 thread-tile=8,8 tile-k=16 promote=1 vectorize=1}",b128x64-t8x8-k16; grid=18x7x1 block=8x16x1 padded=896x1152x336; regs=128 smem=12288 blocks/SM=4 occ=0.333,,10,100,0.088064,0.086016,0.001289,GFLOP/s,6528.462277434593,1800,16.87% of FP32 peak at median clock,,err/bound=0.0147,model: pred_ms=0.0189 waves=1 resident=2 bound=fma fma_step=1024 lds_step=1024 latency_exposed=0
572f506,23.1.2,13.3,NVIDIA RTX A6000,24153819,2026-09-27T04:28:06-07:00,mbr,777x1111x333,f32,"tforge-gpu-pipeline{block-tile=128,64 thread-tile=8,8 tile-k=32 promote=1 vectorize=1}",b128x64-t8x8-k32; grid=18x7x1 block=8x16x1 padded=896x1152x352; regs=127 smem=24576 blocks/SM=4 occ=0.333,,10,100,0.105424,0.103392,0.001455,GFLOP/s,5453.43092654424,1800,14.09% of FP32 peak at median clock,,err/bound=0.0147,model: pred_ms=0.0198 waves=1 resident=2 bound=fma fma_step=2048 lds_step=2048 latency_exposed=0
572f506,23.1.2,13.3,NVIDIA RTX A6000,24153819,2026-09-27T04:28:06-07:00,mbr,777x1111x333,f32,"tforge-gpu-pipeline{block-tile=128,128 thread-tile=4,4 tile-k=8 promote=1 vectorize=1}",b128x128-t4x4-k8; grid=9x7x1 block=32x32x1 padded=896x1152x336; regs=64 smem=8192 blocks/SM=1 occ=0.667,,10,100,0.096256,0.095232,0.000818,GFLOP/s,5972.848466589096,1800,15.43% of FP32 peak at median clock,,err/bound=0.0147,model: pred_ms=0.0488 waves=1 resident=1 bound=smem fma_step=1024 lds_step=2048 latency_exposed=1
572f506,23.1.2,13.3,NVIDIA RTX A6000,24153819,2026-09-27T04:28:06-07:00,mbr,777x1111x333,f32,"tforge-gpu-pipeline{block-tile=128,128 thread-tile=4,4 tile-k=16 promote=1 vectorize=1}",b128x128-t4x4-k16; grid=9x7x1 block=32x32x1 padded=896x1152x336; regs=64 smem=16384 blocks/SM=1 occ=0.667,,10,100,0.086848,0.08576,0.000809,GFLOP/s,6619.870371223287,1800,17.10% of FP32 peak at median clock,,err/bound=0.0147,model: pred_ms=0.0433 waves=1 resident=1 bound=smem fma_step=2048 lds_step=4096 latency_exposed=1
572f506,23.1.2,13.3,NVIDIA RTX A6000,24153819,2026-09-27T04:28:06-07:00,mbr,777x1111x333,f32,"tforge-gpu-pipeline{block-tile=128,128 thread-tile=4,4 tile-k=32 promote=1 vectorize=1}",b128x128-t4x4-k32; grid=9x7x1 block=32x32x1 padded=896x1152x352; regs=64 smem=32768 blocks/SM=1 occ=0.667,,10,100,0.086016,0.084992,0.000881,GFLOP/s,6683.90185546875,1800,17.27% of FP32 peak at median clock,,err/bound=0.0147,model: pred_ms=0.0424 waves=1 resident=1 bound=smem fma_step=4096 lds_step=8192 latency_exposed=1
572f506,23.1.2,13.3,NVIDIA RTX A6000,24153819,2026-09-27T04:28:06-07:00,mbr,777x1111x333,f32,"tforge-gpu-pipeline{block-tile=128,128 thread-tile=8,4 tile-k=8 promote=1 vectorize=1}",b128x128-t8x4-k8; grid=9x7x1 block=32x16x1 padded=896x1152x336; regs=94 smem=8192 blocks/SM=1 occ=0.333,,10,100,0.090112,0.089088,0.001206,GFLOP/s,6380.088134765625,1800,16.48% of FP32 peak at median clock,,err/bound=0.0147,model: pred_ms=0.0393 waves=1 resident=1 bound=smem fma_step=1024 lds_step=1536 latency_exposed=1
572f506,23.1.2,13.3,NVIDIA RTX A6000,24153819,2026-09-27T04:28:06-07:00,mbr,777x1111x333,f32,"tforge-gpu-pipeline{block-tile=128,128 thread-tile=8,4 tile-k=16 promote=1 vectorize=1}",b128x128-t8x4-k16; grid=9x7x1 block=32x16x1 padded=896x1152x336; regs=96 smem=16384 blocks/SM=1 occ=0.333,,10,100,0.078848,0.077824,0.001073,GFLOP/s,7291.529296875,1800,18.84% of FP32 peak at median clock,,err/bound=0.0147,model: pred_ms=0.0338 waves=1 resident=1 bound=smem fma_step=2048 lds_step=3072 latency_exposed=1
572f506,23.1.2,13.3,NVIDIA RTX A6000,24153819,2026-09-27T04:28:06-07:00,mbr,777x1111x333,f32,"tforge-gpu-pipeline{block-tile=128,128 thread-tile=8,4 tile-k=32 promote=1 vectorize=1}",b128x128-t8x4-k32; grid=9x7x1 block=32x16x1 padded=896x1152x352; regs=96 smem=32768 blocks/SM=1 occ=0.333,,10,100,0.077824,0.076768,0.001218,GFLOP/s,7387.470471833881,1800,19.09% of FP32 peak at median clock,,err/bound=0.0147,model: pred_ms=0.0325 waves=1 resident=1 bound=smem fma_step=4096 lds_step=6144 latency_exposed=1
572f506,23.1.2,13.3,NVIDIA RTX A6000,24153819,2026-09-27T04:28:06-07:00,mbr,777x1111x333,f32,"tforge-gpu-pipeline{block-tile=128,128 thread-tile=4,8 tile-k=8 promote=1 vectorize=1}",b128x128-t4x8-k8; grid=9x7x1 block=16x32x1 padded=896x1152x336; regs=88 smem=8192 blocks/SM=1 occ=0.333,,10,100,0.126976,0.125664,0.001292,GFLOP/s,4527.804482736896,1800,11.70% of FP32 peak at median clock,,err/bound=0.0147,model: pred_ms=0.0393 waves=1 resident=1 bound=smem fma_step=1024 lds_step=1536 latency_exposed=1
572f506,23.1.2,13.3,NVIDIA RTX A6000,24153819,2026-09-27T04:28:06-07:00,mbr,777x1111x333,f32,"tforge-gpu-pipeline{block-tile=128,128 thread-tile=4,8 tile-k=16 promote=1 vectorize=1}",b128x128-t4x8-k16; grid=9x7x1 block=16x32x1 padded=896x1152x336; regs=94 smem=16384 blocks/SM=1 occ=0.333,,10,100,0.118784,0.11776,0.000835,GFLOP/s,4840.06686085668,1800,12.50% of FP32 peak at median clock,,err/bound=0.0147,model: pred_ms=0.0338 waves=1 resident=1 bound=smem fma_step=2048 lds_step=3072 latency_exposed=1
572f506,23.1.2,13.3,NVIDIA RTX A6000,24153819,2026-09-27T04:28:06-07:00,mbr,777x1111x333,f32,"tforge-gpu-pipeline{block-tile=128,128 thread-tile=4,8 tile-k=32 promote=1 vectorize=1}",b128x128-t4x8-k32; grid=9x7x1 block=16x32x1 padded=896x1152x352; regs=100 smem=32768 blocks/SM=1 occ=0.333,,10,100,0.120624,0.118784,0.000926,GFLOP/s,4766.236420612813,1800,12.31% of FP32 peak at median clock,,err/bound=0.0147,model: pred_ms=0.0325 waves=1 resident=1 bound=smem fma_step=4096 lds_step=6144 latency_exposed=1
572f506,23.1.2,13.3,NVIDIA RTX A6000,24153819,2026-09-27T04:28:06-07:00,mbr,777x1111x333,f32,"tforge-gpu-pipeline{block-tile=128,128 thread-tile=8,8 tile-k=8 promote=1 vectorize=1}",b128x128-t8x8-k8; grid=9x7x1 block=16x16x1 padded=896x1152x336; regs=128 smem=8192 blocks/SM=2 occ=0.333,,10,100,0.108544,0.10752,0.028611,GFLOP/s,5296.6769420695755,1800,13.68% of FP32 peak at median clock,,err/bound=0.0147,model: pred_ms=0.0299 waves=1 resident=1 bound=fma fma_step=1024 lds_step=1024 latency_exposed=1
572f506,23.1.2,13.3,NVIDIA RTX A6000,24153819,2026-09-27T04:28:06-07:00,mbr,777x1111x333,f32,"tforge-gpu-pipeline{block-tile=128,128 thread-tile=8,8 tile-k=16 promote=1 vectorize=1}",b128x128-t8x8-k16; grid=9x7x1 block=16x16x1 padded=896x1152x336; regs=128 smem=16384 blocks/SM=2 occ=0.333,,10,100,0.098304,0.09728,0.000836,GFLOP/s,5848.414123535156,1800,15.11% of FP32 peak at median clock,,err/bound=0.0147,model: pred_ms=0.0244 waves=1 resident=1 bound=fma fma_step=2048 lds_step=2048 latency_exposed=1
572f506,23.1.2,13.3,NVIDIA RTX A6000,24153819,2026-09-27T04:28:06-07:00,mbr,777x1111x333,f32,"tforge-gpu-pipeline{block-tile=128,128 thread-tile=8,8 tile-k=32 promote=1 vectorize=1}",b128x128-t8x8-k32; grid=9x7x1 block=16x16x1 padded=896x1152x352; regs=128 smem=32768 blocks/SM=2 occ=0.333,,10,100,0.101376,0.10032,0.00091,GFLOP/s,5671.189453125,1800,14.65% of FP32 peak at median clock,,err/bound=0.0147,model: pred_ms=0.0227 waves=1 resident=1 bound=fma fma_step=4096 lds_step=4096 latency_exposed=1
572f506,23.1.2,13.3,NVIDIA RTX A6000,24153819,2026-09-27T04:28:06-07:00,mbr,3000x2000x1000,f32,"tforge-gpu-pipeline{block-tile=32,32 thread-tile=4,4 tile-k=8 promote=1 vectorize=1}",b32x32-t4x4-k8; grid=63x94x1 block=8x8x1 padded=3008x2016x1000; regs=64 smem=2048 blocks/SM=16 occ=0.667,,10,100,1.1372,1.117184,0.055246,GFLOP/s,10552.233556102707,1800,27.26% of FP32 peak at median clock,,err/bound=0.00467,model: pred_ms=0.5614 waves=5 resident=16 bound=smem fma_step=64 lds_step=128 latency_exposed=0
572f506,23.1.2,13.3,NVIDIA RTX A6000,24153819,2026-09-27T04:28:06-07:00,mbr,3000x2000x1000,f32,"tforge-gpu-pipeline{block-tile=32,32 thread-tile=4,4 tile-k=16 promote=1 vectorize=1}",b32x32-t4x4-k16; grid=63x94x1 block=8x8x1 padded=3008x2016x1008; regs=62 smem=4096 blocks/SM=16 occ=0.667,,10,100,1.242112,1.094656,0.063737,GFLOP/s,9660.964550700743,1890,23.77% of FP32 peak at median clock,,err/bound=0.00467,model: pred_ms=0.5659 waves=5 resident=16 bound=smem fma_step=128 lds_step=256 latency_exposed=0
572f506,23.1.2,13.3,NVIDIA RTX A6000,24153819,2026-09-27T04:28:06-07:00,mbr,3000x2000x1000,f32,"tforge-gpu-pipeline{block-tile=32,32 thread-tile=4,4 tile-k=32 promote=1 vectorize=1}",b32x32-t4x4-k32; grid=63x94x1 block=8x8x1 padded=3008x2016x1024; regs=80 smem=8192 blocks/SM=11 occ=0.458,,10,100,1.180672,1.03008,0.065856,GFLOP/s,10163.703382480486,1890,25.01% of FP32 peak at median clock,,err/bound=0.00467,model: pred_ms=0.5533 waves=7 resident=11 bound=smem fma_step=256 lds_step=512 latency_exposed=0
572f506,23.1.2,13.3,NVIDIA RTX A6000,24153819,2026-09-27T04:28:06-07:00,mbr,3000x2000x1000,f32,"tforge-gpu-pipeline{block-tile=32,32 thread-tile=8,4 tile-k=8 promote=1 vectorize=1}",b32x32-t8x4-k8; grid=63x94x1 block=8x4x1 padded=3008x2016x1000; regs=106 smem=2048 blocks/SM=16 occ=0.333,,10,100,1.10912,0.992256,0.048379,GFLOP/s,10819.38834391229,1890,26.62% of FP32 peak at median clock,,err/bound=0.00467,model: pred_ms=0.4211 waves=5 resident=16 bound=smem fma_step=64 lds_step=96 latency_exposed=0
572f506,23.1.2,13.3,NVIDIA RTX A6000,24153819,2026-09-27T04:28:06-07:00,mbr,3000x2000x1000,f32,"tforge-gpu-pipeline{block-tile=32,32 thread-tile=8,4 tile-k=16 promote=1 vectorize=1}",b32x32-t8x4-k16; grid=63x94x1 block=8x4x1 padded=3008x2016x1008; regs=108 smem=4096 blocks/SM=16 occ=0.333,,10,100,1.076224,0.94208,0.056125,GFLOP/s,11150.09514747859,1890,27.43% of FP32 peak at median clock,,err/bound=0.00467,model: pred_ms=0.4244 waves=5 resident=16 bound=smem fma_step=128 lds_step=192 latency_exposed=0
572f506,23.1.2,13.3,NVIDIA RTX A6000,24153819,2026-09-27T04:28:06-07:00,mbr,3000x2000x1000,f32,"tforge-gpu-pipeline{block-tile=32,32 thread-tile=8,4 tile-k=32 promote=1 vectorize=1}",b32x32-t8x4-k32; grid=63x94x1 block=8x4x1 padded=3008x2016x1024; regs=118 smem=8192 blocks/SM=11 occ=0.229,,10,100,1.049584,0.907968,0.070021,GFLOP/s,11433.101114346255,1890,28.13% of FP32 peak at median clock,,err/bound=0.00467,model: pred_ms=0.4150 waves=7 resident=11 bound=smem fma_step=256 lds_step=384 latency_exposed=0
572f506,23.1.2,13.3,NVIDIA RTX A6000,24153819,2026-09-27T04:28:06-07:00,mbr,3000x2000x1000,f32,"tforge-gpu-pipeline{block-tile=32,32 thread-tile=4,8 tile-k=8 promote=1 vectorize=1}",b32x32-t4x8-k8; grid=63x94x1 block=4x8x1 padded=3008x2016x1000; regs=104 smem=2048 blocks/SM=16 occ=0.333,,10,100,1.298432,1.187776,0.053679,GFLOP/s,9241.916403785488,1890,22.74% of FP32 peak at median clock,,err/bound=0.00467,model: pred_ms=0.4211 waves=5 resident=16 bound=smem fma_step=64 lds_step=96 latency_exposed=0
572f506,23.1.2,13.3,NVIDIA RTX A6000,24153819,2026-09-27T04:28:06-07:00,mbr,3000x2000x1000,f32,"tforge-gpu-pipeline{block-tile=32,32 thread-tile=4,8 tile-k=16 promote=1 vectorize=1}",b32x32-t4x8-k16; grid=63x94x1 block=4x8x1 padded=3008x2016x1008; regs=106 smem=4096 blocks/SM=16 occ=0.333,,10,100,1.253888,1.133568,0.05038,GFLOP/s,9570.232748060434,1905,23.36% of FP32 peak at median clock,,err/bound=0.00467,model: pred_ms=0.4244 waves=5 resident=16 bound=smem fma_step=128 lds_step=192 latency_exposed=0
572f506,23.1.2,13.3,NVIDIA RTX A6000,24153819,2026-09-27T04:28:06-07:00,mbr,3000x2000x1000,f32,"tforge-gpu-pipeline{block-tile=32,32 thread-tile=4,8 tile-k=32 promote=1 vectorize=1}",b32x32-t4x8-k32; grid=63x94x1 block=4x8x1 padded=3008x2016x1024; regs=126 smem=8192 blocks/SM=11 occ=0.229,,10,100,1.200144,1.065984,0.05964,GFLOP/s,9998.80014398272,1905,24.41% of FP32 peak at median clock,,err/bound=0.00467,model: pred_ms=0.4150 waves=7 resident=11 bound=smem fma_step=256 lds_step=384 latency_exposed=0
572f506,23.1.2,13.3,NVIDIA RTX A6000,24153819,2026-09-27T04:28:06-07:00,mbr,3000x2000x1000,f32,"tforge-gpu-pipeline{block-tile=32,64 thread-tile=4,4 tile-k=8 promote=1 vectorize=1}",b32x64-t4x4-k8; grid=32x94x1 block=16x8x1 padded=3008x2048x1000; regs=64 smem=3072 blocks/SM=8 occ=0.667,,10,100,1.0496,0.918528,0.054747,GFLOP/s,11432.926829268292,1905,27.91% of FP32 peak at median clock,,err/bound=0.00467,model: pred_ms=0.5614 waves=5 resident=8 bound=smem fma_step=128 lds_step=256 latency_exposed=0
572f506,23.1.2,13.3,NVIDIA RTX A6000,24153819,2026-09-27T04:28:06-07:00,mbr,3000x2000x1000,f32,"tforge-gpu-pipeline{block-tile=32,64 thread-tile=4,4 tile-k=16 promote=1 vectorize=1}",b32x64-t4x4-k16; grid=32x94x1 block=16x8x1 padded=3008x2048x1008; regs=63 smem=6144 blocks/SM=8 occ=0.667,,10,100,0.989696,0.869568,0.062541,GFLOP/s,12124.93533367822,1905,29.60% of FP32 peak at median clock,,err/bound=0.00467,model: pred_ms=0.5659 waves=5 resident=8 bound=smem fma_step=256 lds_step=512 latency_exposed=0
572f506,23.1.2,13.3,NVIDIA RTX A6000,24153819,2026-09-27T04:28:06-07:00,mbr,3000x2000x1000,f32,"tforge-gpu-pipeline{block-tile=32,64 thread-tile=4,4 tile-k=32 promote=1 vectorize=1}",b32x64-t4x4-k32; grid=32x94x1 block=16x8x1 padded=3008x2048x1024; regs=70 smem=12288 blocks/SM=7 occ=0.583,,10,100,1.010672,0.9,0.047145,GFLOP/s,11873.288267608086,1800,30.67% of FP32 peak at median clock,,err/bound=0.00467,model: pred_ms=0.6036 waves=6 resident=7 bound=smem fma_step=512 lds_step=1024 latency_exposed=0
572f506,23.1.2,13.3,NVIDIA RTX A6000,24153819,2026-09-27T04:28:06-07:00,mbr,3000x2000x1000,f32,"tforge-gpu-pipeline{block-tile=32,64 thread-tile=8,4 tile-k=8 promote=1 vectorize=1}",b32x64-t8x4-k8; grid=32x94x1 block=16x4x1 padded=3008x2048x1000; regs=96 smem=3072 blocks/SM=10 occ=0.417,,10,100,0.80896,0.768928,0.049184,GFLOP/s,14833.86075949367,1905,36.21% of FP32 peak at median clock,,err/bound=0.00467,model: pred_ms=0.4211 waves=4 resident=10 bound=smem fma_step=128 lds_step=192 latency_exposed=0
572f506,23.1.2,13.3,NVIDIA RTX A6000,24153819,2026-09-27T04:28:06-07:00,mbr,3000x2000x1000,f32,"tforge-gpu-pipeline{block-tile=32,64 thread-tile=8,4 tile-k=16 promote=1 vectorize=1}",b32x64-t8x4-k16; grid=32x94x1 block=16x4x1 padded=3008x2048x1008; regs=94 smem=6144 blocks/SM=10 occ=0.417,,10,100,0.879616,0.768864,0.048939,GFLOP/s,13642.316647264262,1905,33.30% of FP32 peak at median clock,,err/bound=0.00467,model: pred_ms=0.4244 waves=4 resident=10 bound=smem fma_step=256 lds_step=384 latency_exposed=0
572f506,23.1.2,13.3,NVIDIA RTX A6000,24153819,2026-09-27T04:28:06-07:00,mbr,3000x2000x1000,f32,"tforge-gpu-pipeline{block-tile=32,64 thread-tile=8,4 tile-k=32 promote=1 vectorize=1}",b32x64-t8x4-k32; grid=32x94x1 block=16x4x1 padded=3008x2048x1024; regs=108 smem=12288 blocks/SM=7 occ=0.292,,10,100,0.888656,0.776192,0.054061,GFLOP/s,13503.537926936857,1905,32.96% of FP32 peak at median clock,,err/bound=0.00467,model: pred_ms=0.4527 waves=6 resident=7 bound=smem fma_step=512 lds_step=768 latency_exposed=0
572f506,23.1.2,13.3,NVIDIA RTX A6000,24153819,2026-09-27T04:28:06-07:00,mbr,3000x2000x1000,f32,"tforge-gpu-pipeline{block-tile=32,64 thread-tile=4,8 tile-k=8 promote=1 vectorize=1}",b32x64-t4x8-k8; grid=32x94x1 block=8x8x1 padded=3008x2048x1000; regs=80 smem=3072 blocks/SM=12 occ=0.5,,10,100,1.277872,1.2032,0.031264,GFLOP/s,9390.611892270901,1830,23.86% of FP32 peak at median clock,,err/bound=0.00467,model: pred_ms=0.3789 waves=3 resident=12 bound=smem fma_step=128 lds_step=192 latency_exposed=0
572f506,23.1.2,13.3,NVIDIA RTX A6000,24153819,2026-09-27T04:28:06-07:00,mbr,3000x2000x1000,f32,"tforge-gpu-pipeline{block-tile=32,64 thread-tile=4,8 tile-k=16 promote=1 vectorize=1}",b32x64-t4x8-k16; grid=32x94x1 block=8x8x1 padded=3008x2048x1008; regs=80 smem=6144 blocks/SM=12 occ=0.5,,10,100,1.27472,1.165312,0.045968,GFLOP/s,9413.832057236099,1905,22.98% of FP32 peak at median clock,,err/bound=0.00467,model: pred_ms=0.3820 waves=3 resident=12 bound=smem fma_step=256 lds_step=384 latency_exposed=0
572f506,23.1.2,13.3,NVIDIA RTX A6000,24153819,2026-09-27T04:28:06-07:00,mbr,3000x2000x1000,f32,"tforge-gpu-pipeline{block-tile=32,64 thread-tile=4,8 tile-k=32 promote=1 vectorize=1}",b32x64-t4x8-k32; grid=32x94x1 block=8x8x1 padded=3008x2048x1024; regs=114 smem=12288 blocks/SM=7 occ=0.292,,10,100,1.284096,1.170432,0.045005,GFLOP/s,9345.095693779904,1905,22.81% of FP32 peak at median clock,,err/bound=0.00467,model: pred_ms=0.4527 waves=6 resident=7 bound=smem fma_step=512 lds_step=768 latency_exposed=0
572f506,23.1.2,13.3,NVIDIA RTX A6000,24153819,2026-09-27T04:28:06-07:00,mbr,3000x2000x1000,f32,"tforge-gpu-pipeline{block-tile=32,64 thread-tile=8,8 tile-k=8 promote=1 vectorize=1}",b32x64-t8x8-k8; grid=32x94x1 block=8x4x1 padded=3008x2048x1000; regs=128 smem=3072 blocks/SM=16 occ=0.333,,10,100,1.020928,0.922624,0.044929,GFLOP/s,11754.012036108323,1905,28.69% of FP32 peak at median clock,,err/bound=0.00467,model: pred_ms=0.3368 waves=3 resident=16 bound=fma fma_step=128 lds_step=128 latency_exposed=0
572f506,23.1.2,13.3,NVIDIA RTX A6000,24153819,2026-09-27T04:28:06-07:00,mbr,3000x2000x1000,f32,"tforge-gpu-pipeline{block-tile=32,64 thread-tile=8,8 tile-k=16 promote=1 vectorize=1}",b32x64-t8x8-k16; grid=32x94x1 block=8x4x1 padded=3008x2048x1008; regs=128 smem=6144 blocks/SM=14 occ=0.292,,10,100,1.051056,0.93184,0.039736,GFLOP/s,11417.089098963328,1905,27.87% of FP32 peak at median clock,,err/bound=0.00467,model: pred_ms=0.2971 waves=3 resident=14 bound=fma fma_step=256 lds_step=256 latency_exposed=0
572f506,23.1.2,13.3,NVIDIA RTX A6000,24153819,2026-09-27T04:28:06-07:00,mbr,3000x2000x1000,f32,"tforge-gpu-pipeline{block-tile=32,64 thread-tile=8,8 tile-k=32 promote=1 vectorize=1}",b32x64-t8x8-k32; grid=32x94x1 block=8x4x1 padded=3008x2048x1024; regs=178 smem=12288 blocks/SM=7 occ=0.146,,10,100,1.00256,0.903168,0.043941,GFLOP/s,11969.358442387489,1905,29.22% of FP32 peak at median clock,,err/bound=0.00467,model: pred_ms=0.3018 waves=6 resident=7 bound=fma fma_step=512 lds_step=512 latency_exposed=0
572f506,23.1.2,13.3,NVIDIA RTX A6000,24153819,2026-09-27T04:28:06-07:00,mbr,3000x2000x1000,f32,"tforge-gpu-pipeline{block-tile=32,128 thread-tile=4,4 tile-k=8 promote=1 vectorize=1}",b32x128-t4x4-k8; grid=16x94x1 block=32x8x1 padded=3008x2048x1000; regs=60 smem=5120 blocks/SM=4 occ=0.667,,10,100,1.000944,0.89488,0.052424,GFLOP/s,11988.682683546731,1905,29.27% of FP32 peak at median clock,,err/bound=0.00467,model: pred_ms=0.5614 waves=5 resident=4 bound=smem fma_step=256 lds_step=512 latency_exposed=0
572f506,23.1.2,13.3,NVIDIA RTX A6000,24153819,2026-09-27T04:28:06-07:00,mbr,3000x2000x1000,f32,"tforge-gpu-pipeline{block-tile=32,128 thread-tile=4,4 tile-k=16 promote=1 vectorize=1}",b32x128-t4x4-k16; grid=16x94x1 block=32x8x1 padded=3008x2048x1008; regs=62 smem=10240 blocks/SM=4 occ=0.667,,10,100,0.976384,0.864096,0.048506,GFLOP/s,12290.24646040902,1905,30.00% of FP32 peak at median clock,,err/bound=0.00467,model: pred_ms=0.5659 waves=5 resident=4 bound=smem fma_step=512 lds_step=1024 latency_exposed=0
572f506,23.1.2,13.3,NVIDIA RTX A6000,24153819,2026-09-27T04:28:06-07:00,mbr,3000x2000x1000,f32,"tforge-gpu-pipeline{block-tile=32,128 thread-tile=4,4 tile-k=32 promote=1 vectorize=1}",b32x128-t4x4-k32; grid=16x94x1 block=32x8x1 padded=3008x2048x1024; regs=66 smem=20480 blocks/SM=3 occ=0.5,,10,100,0.997376,0.87936,0.060219,GFLOP/s,12031.570841889115,1905,29.37% of FP32 peak at median clock,,err/bound=0.00467,model: pred_ms=0.5174 waves=6 resident=3 bound=smem fma_step=1024 lds_step=2048 latency_exposed=0
572f506,23.1.2,13.3,NVIDIA RTX A6000,24153819,2026-09-27T04:28:06-07:00,mbr,3000x2000x1000,f32,"tforge-gpu-pipeline{block-tile=32,128 thread-tile=8,4 tile-k=8 promote=1 vectorize=1}",b32x128-t8x4-k8; grid=16x94x1 block=32x4x1 padded=3008x2048x1000; regs=86 smem=5120 blocks/SM=5 occ=0.417,,10,100,0.81408,0.749536,0.052361,GFLOP/s,14740.566037735849,1905,35.98% of FP32 peak at median clock,,err/bound=0.00467,model: pred_ms=0.4211 waves=4 resident=5 bound=smem fma_step=256 lds_step=384 latency_exposed=0
572f506,23.1.2,13.3,NVIDIA RTX A6000,24153819,2026-09-27T04:28:06-07:00,mbr,3000x2000x1000,f32,"tforge-gpu-pipeline{block-tile=32,128 thread-tile=8,4 tile-k=16 promote=1 vectorize=1}",b32x128-t8x4-k16; grid=16x94x1 block=32x4x1 padded=3008x2048x1008; regs=91 smem=10240 blocks/SM=5 occ=0.417,,10,100,0.775168,0.730112,0.044648,GFLOP/s,15480.515191545574,1905,37.79% of FP32 peak at median clock,,err/bound=0.00467,model: pred_ms=0.4244 waves=4 resident=5 bound=smem fma_step=512 lds_step=768 latency_exposed=0
572f506,23.1.2,13.3,NVIDIA RTX A6000,24153819,2026-09-27T04:28:06-07:00,mbr,3000x2000x1000,f32,"tforge-gpu-pipeline{block-tile=32,128 thread-tile=8,4 tile-k=32 promote=1 vectorize=1}",b32x128-t8x4-k32; grid=16x94x1 block=32x4x1 padded=3008x2048x1024; regs=106 smem=20480 blocks/SM=4 occ=0.333,,10,100,0.86224,0.758784,0.047067,GFLOP/s,13917.238819818149,1905,33.97% of FP32 peak at median clock,,err/bound=0.00467,model: pred_ms=0.4312 waves=5 resident=4 bound=smem fma_step=1024 lds_step=1536 latency_exposed=0
572f506,23.1.2,13.3,NVIDIA RTX A6000,24153819,2026-09-27T04:28:06-07:00,mbr,3000x2000x1000,f32,"tforge-gpu-pipeline{block-tile=32,128 thread-tile=4,8 tile-k=8 promote=1 vectorize=1}",b32x128-t4x8-k8; grid=16x94x1 block=16x8x1 padded=3008x2048x1000; regs=80 smem=5120 blocks/SM=6 occ=0.5,,10,100,1.173504,1.072032,0.042101,GFLOP/s,10225.785340314134,1905,24.96% of FP32 peak at median clock,,err/bound=0.00467,model: pred_ms=0.3789 waves=3 resident=6 bound=smem fma_step=256 lds_step=384 latency_exposed=0
572f506,23.1.2,13.3,NVIDIA RTX A6000,24153819,2026-09-27T04:28:06-07:00,mbr,3000x2000x1000,f32,"tforge-gpu-pipeline{block-tile=32,128 thread-tile=4,8 tile-k=16 promote=1 vectorize=1}",b32x128-t4x8-k16; grid=16x94x1 block=16x8x1 padded=3008x2048x1008; regs=80 smem=10240 blocks/SM=6 occ=0.5,,10,100,1.161024,1.056768,0.04276,GFLOP/s,10335.703654704812,1905,25.23% of FP32 peak at median clock,,err/bound=0.00467,model: pred_ms=0.3820 waves=3 resident=6 bound=smem fma_step=512 lds_step=768 latency_exposed=0
572f506,23.1.2,13.3,NVIDIA RTX A6000,24153819,2026-09-27T04:28:06-07:00,mbr,3000x2000x1000,f32,"tforge-gpu-pipeline{block-tile=32,128 thread-tile=4,8 tile-k=32 promote=1 vectorize=1}",b32x128-t4x8-k32; grid=16x94x1 block=16x8x1 padded=3008x2048x1024; regs=104 smem=20480 blocks/SM=4 occ=0.333,,10,100,1.162224,1.05472,0.046992,GFLOP/s,10325.032007599224,1905,25.20% of FP32 peak at median clock,,err/bound=0.00467,model: pred_ms=0.4312 waves=5 resident=4 bound=smem fma_step=1024 lds_step=1536 latency_exposed=0
572f506,23.1.2,13.3,NVIDIA RTX A6000,24153819,2026-09-27T04:28:06-07:00,mbr,3000x2000x1000,f32,"tforge-gpu-pipeline{block-tile=32,128 thread-tile=8,8 tile-k=8 promote=1 vectorize=1}",b32x128-t8x8-k8; grid=16x94x1 block=16x4x1 padded=3008x2048x1000; regs=128 smem=5120 blocks/SM=8 occ=0.333,,10,100,0.90624,0.816128,0.041179,GFLOP/s,13241.525423728812,1905,32.32% of FP32 peak at median clock,,err/bound=0.00467,model: pred_ms=0.3368 waves=3 resident=8 bound=fma fma_step=256 lds_step=256 latency_exposed=0
572f506,23.1.2,13.3,NVIDIA RTX A6000,24153819,2026-09-27T04:28:06-07:00,mbr,3000x2000x1000,f32,"tforge-gpu-pipeline{block-tile=32,128 thread-tile=8,8 tile-k=16 promote=1 vectorize=1}",b32x128-t8x8-k16; grid=16x94x1 block=16x4x1 padded=3008x2048x1008; regs=128 smem=10240 blocks/SM=8 occ=0.333,,10,100,0.92672,0.836608,0.043705,GFLOP/s,12948.895027624309,1905,31.61% of FP32 peak at median clock,,err/bound=0.00467,model: pred_ms=0.3395 waves=3 resident=8 bound=fma fma_step=512 lds_step=512 latency_exposed=0
572f506,23.1.2,13.3,NVIDIA RTX A6000,24153819,2026-09-27T04:28:06-07:00,mbr,3000x2000x1000,f32,"tforge-gpu-pipeline{block-tile=32,128 thread-tile=8,8 tile-k=32 promote=1 vectorize=1}",b32x128-t8x8-k32; grid=16x94x1 block=16x4x1 padded=3008x2048x1024; regs=162 smem=20480 blocks/SM=4 occ=0.167,,10,100,0.957952,0.85904,0.038179,GFLOP/s,12526.723677177979,1905,30.58% of FP32 peak at median clock,,err/bound=0.00467,model: pred_ms=0.2874 waves=5 resident=4 bound=fma fma_step=1024 lds_step=1024 latency_exposed=0
572f506,23.1.2,13.3,NVIDIA RTX A6000,24153819,2026-09-27T04:28:06-07:00,mbr,3000x2000x1000,f32,"tforge-gpu-pipeline{block-tile=64,32 thread-tile=4,4 tile-k=8 promote=1 vectorize=1}",b64x32-t4x4-k8; grid=63x47x1 block=8x16x1 padded=3008x2016x1000; regs=56 smem=3072 blocks/SM=9 occ=0.75,,10,100,1.19712,1.065856,0.052402,GFLOP/s,10024.057738572574,1905,24.47% of FP32 peak at median clock,,err/bound=0.00467,model: pred_ms=0.5053 waves=4 resident=9 bound=smem fma_step=128 lds_step=256 latency_exposed=0
572f506,23.1.2,13.3,NVIDIA RTX A6000,24153819,2026-09-27T04:28:06-07:00,mbr,3000x2000x1000,f32,"tforge-gpu-pipeline{block-tile=64,32 thread-tile=4,4 tile-k=16 promote=1 vectorize=1}",b64x32-t4x4-k16; grid=63x47x1 block=8x16x1 padded=3008x2016x1008; regs=63 smem=6144 blocks/SM=8 occ=0.667,,10,100,1.154048,1.02496,0.054261,GFLOP/s,10398.181011535049,1905,25.38% of FP32 peak at median clock,,err/bound=0.00467,model: pred_ms=0.5659 waves=5 resident=8 bound=smem fma_step=256 lds_step=512 latency_exposed=0
572f506,23.1.2,13.3,NVIDIA RTX A6000,24153819,2026-09-27T04:28:06-07:00,mbr,3000x2000x1000,f32,"tforge-gpu-pipeline{block-tile=64,32 thread-tile=4,4 tile-k=32 promote=1 vectorize=1}",b64x32-t4x4-k32; grid=63x47x1 block=8x16x1 padded=3008x2016x1024; regs=72 smem=12288 blocks/SM=7 occ=0.583,,10,100,1.103872,0.971776,0.058484,GFLOP/s,10870.825602968462,1905,26.54% of FP32 peak at median clock,,err/bound=0.00467,model: pred_ms=0.6036 waves=6 resident=7 bound=smem fma_step=512 lds_step=1024 latency_exposed=0
572f506,23.1.2,13.3,NVIDIA RTX A6000,24153819,2026-09-27T04:28:06-07:00,mbr,3000x2000x1000,f32,"tforge-gpu-pipeline{block-tile=64,32 thread-tile=8,4 tile-k=8 promote=1 vectorize=1}",b64x32-t8x4-k8; grid=63x47x1 block=8x8x1 padded=3008x2016x1000; regs=96 smem=3072 blocks/SM=10 occ=0.417,,10,100,1.037296,0.927744,0.048172,GFLOP/s,11568.539741790193,1905,28.24% of FP32 peak at median clock,,err/bound=0.00467,model: pred_ms=0.4211 waves=4 resident=10 bound=smem fma_step=128 lds_step=192 latency_exposed=0
572f506,23.1.2,13.3,NVIDIA RTX A6000,24153819,2026-09-27T04:28:06-07:00,mbr,3000x2000x1000,f32,"tforge-gpu-pipeline{block-tile=64,32 thread-tile=8,4 tile-k=16 promote=1 vectorize=1}",b64x32-t8x4-k16; grid=63x47x1 block=8x8x1 padded=3008x2016x1008; regs=94 smem=6144 blocks/SM=10 occ=0.417,,10,100,0.996352,0.891904,0.04605,GFLOP/s,12043.936279547788,1905,29.40% of FP32 peak at median clock,,err/bound=0.00467,model: pred_ms=0.4244 waves=4 resident=10 bound=smem fma_step=256 lds_step=384 latency_exposed=0
572f506,23.1.2,13.3,NVIDIA RTX A6000,24153819,2026-09-27T04:28:06-07:00,mbr,3000x2000x1000,f32,"tforge-gpu-pipeline{block-tile=64,32 thread-tile=8,4 tile-k=32 promote=1 vectorize=1}",b64x32-t8x4-k32; grid=63x47x1 block=8x8x1 padded=3008x2016x1024; regs=108 smem=12288 blocks/SM=7 occ=0.292,,10,100,0.958464,0.839456,0.046413,GFLOP/s,12520.03205128205,1905,30.56% of FP32 peak at median clock,,err/bound=0.00467,model: pred_ms=0.4527 waves=6 resident=7 bound=smem fma_step=512 lds_step=768 latency_exposed=0
572f506,23.1.2,13.3,NVIDIA RTX A6000,24153819,2026-09-27T04:28:06-07:00,mbr,3000x2000x1000,f32,"tforge-gpu-pipeline{block-tile=64,32 thread-tile=4,8 tile-k=8 promote=1 vectorize=1}",b64x32-t4x8-k8; grid=63x47x1 block=4x16x1 padded=3008x2016x1000; regs=79 smem=3072 blocks/SM=12 occ=0.5,,10,100,1.231872,1.124224,0.044782,GFLOP/s,9741.271820448877,1905,23.78% of FP32 peak at median clock,,err/bound=0.00467,model: pred_ms=0.3789 waves=3 resident=12 bound=smem fma_step=128 lds_step=192 latency_exposed=0
572f506,23.1.2,13.3,NVIDIA RTX A6000,24153819,2026-09-27T04:28:06-07:00,mbr,3000x2000x1000,f32,"tforge-gpu-pipeline{block-tile=64,32 thread-tile=4,8 tile-k=16 promote=1 vectorize=1}",b64x32-t4x8-k16; grid=63x47x1 block=4x16x1 padded=3008x2016x1008; regs=80 smem=6144 blocks/SM=12 occ=0.5,,10,100,1.178624,1.075104,0.045137,GFLOP/s,10181.364031277153,1905,24.85% of FP32 peak at median clock,,err/bound=0.00467,model: pred_ms=0.3820 waves=3 resident=12 bound=smem fma_step=256 lds_step=384 latency_exposed=0
572f506,23.1.2,13.3,NVIDIA RTX A6000,24153819,2026-09-27T04:28:06-07:00,mbr,3000x2000x1000,f32,"tforge-gpu-pipeline{block-tile=64,32 thread-tile=4,8 tile-k=32 promote=1 vectorize=1}",b64x32-t4x8-k32; grid=63x47x1 block=4x16x1 padded=3008x2016x1024; regs=112 smem=12288 blocks/SM=7 occ=0.292,,10,100,1.147392,1.025024,0.052428,GFLOP/s,10458.500669344043,1905,25.53% of FP32 peak at median clock,,err/bound=0.00467,model: pred_ms=0.4527 waves=6 resident=7 bound=smem fma_step=512 lds_step=768 latency_exposed=0
572f506,23.1.2,13.3,NVIDIA RTX A6000,24153819,2026-09-27T04:28:06-07:00,mbr,3000x2000x1000,f32,"tforge-gpu-pipeline{block-tile=64,32 thread-tile=8,8 tile-k=8 promote=1 vectorize=1}",b64x32-t8x8-k8; grid=63x47x1 block=4x8x1 padded=3008x2016x1000; regs=128 smem=3072 blocks/SM=16 occ=0.333,,10,100,1.168384,1.068224,0.034847,GFLOP/s,10270.595968448728,1905,25.07% of FP32 peak at median clock,,err/bound=0.00467,model: pred_ms=0.3368 waves=3 resident=16 bound=fma fma_step=128 lds_step=128 latency_exposed=0
572f506,23.1.2,13.3,NVIDIA RTX A6000,24153819,2026-09-27T04:28:06-07:00,mbr,3000x2000x1000,f32,"tforge-gpu-pipeline{block-tile=64,32 thread-tile=8,8 tile-k=16 promote=1 vectorize=1}",b64x32-t8x8-k16; grid=63x47x1 block=4x8x1 padded=3008x2016x1008; regs=128 smem=6144 blocks/SM=14 occ=0.292,,10,100,1.07008,0.961536,0.045183,GFLOP/s,11214.114832535884,1905,27.37% of FP32 peak at median clock,,err/bound=0.00467,model: pred_ms=0.2971 waves=3 resident=14 bound=fma fma_step=256 lds_step=256 latency_exposed=0
572f506,23.1.2,13.3,NVIDIA RTX A6000,24153819,2026-09-27T04:28:06-07:00,mbr,3000x2000x1000,f32,"tforge-gpu-pipeline{block-tile=64,32 thread-tile=8,8 tile-k=32 promote=1 vectorize=1}",b64x32-t8x8-k32; grid=63x47x1 block=4x8x1 padded=3008x2016x1024; regs=178 smem=12288 blocks/SM=7 occ=0.146,,10,100,1.03424,0.930816,0.040977,GFLOP/s,11602.722772277226,1905,28.32% of FP32 peak at median clock,,err/bound=0.00467,model: pred_ms=0.3018 waves=6 resident=7 bound=fma fma_step=512 lds_step=512 latency_exposed=0
572f506,23.1.2,13.3,NVIDIA RTX A6000,24153819,2026-09-27T04:28:06-07:00,mbr,3000x2000x1000,f32,"tforge-gpu-pipeline{block-tile=64,64 thread-tile=4,4 tile-k=8 promote=1 vectorize=1}",b64x64-t4x4-k8; grid=32x47x1 block=16x16x1 padded=3008x2048x1000; regs=64 smem=4096 blocks/SM=4 occ=0.667,,10,100,1.027072,0.917504,0.041644,GFLOP/s,11683.698903290131,1905,28.52% of FP32 peak at median clock,,err/bound=0.00467,model: pred_ms=0.5614 waves=5 resident=4 bound=smem fma_step=256 lds_step=512 latency_exposed=0
572f506,23.1.2,13.3,NVIDIA RTX A6000,24153819,2026-09-27T04:28:06-07:00,mbr,3000x2000x1000,f32,"tforge-gpu-pipeline{block-tile=64,64 thread-tile=4,4 tile-k=16 promote=1 vectorize=1}",b64x64-t4x4-k16; grid=32x47x1 block=16x16x1 padded=3008x2048x1008; regs=61 smem=8192 blocks/SM=4 occ=0.667,,10,100,0.934912,0.82944,0.050593,GFLOP/s,12835.432639649507,1905,31.33% of FP32 peak at median clock,,err/bound=0.00467,model: pred_ms=0.5659 waves=5 resident=4 bound=smem fma_step=512 lds_step=1024 latency_exposed=0
572f506,23.1.2,13.3,NVIDIA RTX A6000,24153819,2026-09-27T04:28:06-07:00,mbr,3000x2000x1000,f32,"tforge-gpu-pipeline{block-tile=64,64 thread-tile=4,4 tile-k=32 promote=1 vectorize=1}",b64x64-t4x4-k32; grid=32x47x1 block=16x16x1 padded=3008x2048x1024; regs=65 smem=16384 blocks/SM=3 occ=0.5,,10,100,0.93688,0.841728,0.051345,GFLOP/s,12808.470668602167,1905,31.27% of FP32 peak at median clock,,err/bound=0.00467,model: pred_ms=0.5174 waves=6 resident=3 bound=smem fma_step=1024 lds_step=2048 latency_exposed=0
572f506,23.1.2,13.3,NVIDIA RTX A6000,24153819,2026-09-27T04:28:06-07:00,mbr,3000x2000x1000,f32,"tforge-gpu-pipeline{block-tile=64,64 thread-tile=8,4 tile-k=8 promote=1 vectorize=1}",b64x64-t8x4-k8; grid=32x47x1 block=16x8x1 padded=3008x2048x1000; regs=96 smem=4096 blocks/SM=5 occ=0.417,,10,100,0.85704,0.758784,0.046696,GFLOP/s,14001.680201624195,1905,34.18% of FP32 peak at median clock,,err/bound=0.00467,model: pred_ms=0.4211 waves=4 resident=5 bound=smem fma_step=256 lds_step=384 latency_exposed=0
572f506,23.1.2,13.3,NVIDIA RTX A6000,24153819,2026-09-27T04:28:06-07:00,mbr,3000x2000x1000,f32,"tforge-gpu-pipeline{block-tile=64,64 thread-tile=8,4 tile-k=16 promote=1 vectorize=1}",b64x64-t8x4-k16; grid=32x47x1 block=16x8x1 padded=3008x2048x1008; regs=92 smem=8192 blocks/SM=5 occ=0.417,,10,100,0.813968,0.716704,0.048165,GFLOP/s,14742.59430346156,1905,35.99% of FP32 peak at median clock,,err/bound=0.00467,model: pred_ms=0.4244 waves=4 resident=5 bound=smem fma_step=512 lds_step=768 latency_exposed=0
572f506,23.1.2,13.3,NVIDIA RTX A6000,24153819,2026-09-27T04:28:06-07:00,mbr,3000x2000x1000,f32,"tforge-gpu-pipeline{block-tile=64,64 thread-tile=8,4 tile-k=32 promote=1 vectorize=1}",b64x64-t8x4-k32; grid=32x47x1 block=16x8x1 padded=3008x2048x1024; regs=94 smem=16384 blocks/SM=5 occ=0.417,,10,100,0.8192,0.717664,0.047747,GFLOP/s,14648.437499999998,1905,35.76% of FP32 peak at median clock,,err/bound=0.00467,model: pred_ms=0.4312 waves=4 resident=5 bound=smem fma_step=1024 lds_step=1536 latency_exposed=0
572f506,23.1.2,13.3,NVIDIA RTX A6000,24153819,2026-09-27T04:28:06-07:00,mbr,3000x2000x1000,f32,"tforge-gpu-pipeline{block-tile=64,64 thread-tile=4,8 tile-k=8 promote=1 vectorize=1}",b64x64-t4x8-k8; grid=32x47x1 block=8x16x1 padded=3008x2048x1000; regs=80 smem=4096 blocks/SM=6 occ=0.5,,10,100,1.223664,1.135616,0.039703,GFLOP/s,9806.613580198484,1875,24.32% of FP32 peak at median clock,,err/bound=0.00467,model: pred_ms=0.3789 waves=3 resident=6 bound=smem fma_step=256 lds_step=384 latency_exposed=0
572f506,23.1.2,13.3,NVIDIA RTX A6000,24153819,2026-09-27T04:28:06-07:00,mbr,3000x2000x1000,f32,"tforge-gpu-pipeline{block-tile=64,64 thread-tile=4,8 tile-k=16 promote=1 vectorize=1}",b64x64-t4x8-k16; grid=32x47x1 block=8x16x1 padded=3008x2048x1008; regs=96 smem=8192 blocks/SM=5 occ=0.417,,10,100,1.207296,1.111904,0.038044,GFLOP/s,9939.567430025447,1905,24.26% of FP32 peak at median clock,,err/bound=0.00467,model: pred_ms=0.4244 waves=4 resident=5 bound=smem fma_step=512 lds_step=768 latency_exposed=0
572f506,23.1.2,13.3,NVIDIA RTX A6000,24153819,2026-09-27T04:28:06-07:00,mbr,3000x2000x1000,f32,"tforge-gpu-pipeline{block-tile=64,64 thread-tile=4,8 tile-k=32 promote=1 vectorize=1}",b64x64-t4x8-k32; grid=32x47x1 block=8x16x1 padded=3008x2048x1024; regs=96 smem=16384 blocks/SM=5 occ=0.417,,10,100,1.190752,1.09056,0.042647,GFLOP/s,10077.665206524953,1905,24.60% of FP32 peak at median clock,,err/bound=0.00467,model: pred_ms=0.4312 waves=4 resident=5 bound=smem fma_step=1024 lds_step=1536 latency_exposed=0
572f506,23.1.2,13.3,NVIDIA RTX A6000,24153819,2026-09-27T04:28:06-07:00,mbr,3000x2000x1000,f32,"tforge-gpu-pipeline{block-tile=64,64 thread-tile=8,8 tile-k=8 promote=1 vectorize=1}",b64x64-t8x8-k8; grid=32x47x1 block=8x8x1 padded=3008x2048x1000; regs=128 smem=4096 blocks/SM=8 occ=0.333,,10,100,0.955904,0.873472,0.039032,GFLOP/s,12553.561863952866,1905,30.64% of FP32 peak at median clock,,err/bound=0.00467,model: pred_ms=0.3368 waves=3 resident=8 bound=fma fma_step=256 lds_step=256 latency_exposed=0
572f506,23.1.2,13.3,NVIDIA RTX A6000,24153819,2026-09-27T04:28:06-07:00,mbr,3000x2000x1000,f32,"tforge-gpu-pipeline{block-tile=64,64 thread-tile=8,8 tile-k=16 promote=1 vectorize=1}",b64x64-t8x8-k16; grid=32x47x1 block=8x8x1 padded=3008x2048x1008; regs=128 smem=8192 blocks/SM=8 occ=0.333,,10,100,0.943104,0.85504,0.03928,GFLOP/s,12723.941368078176,1905,31.06% of FP32 peak at median clock,,err/bound=0.00467,model: pred_ms=0.3395 waves=3 resident=8 bound=fma fma_step=512 lds_step=512 latency_exposed=0
572f506,23.1.2,13.3,NVIDIA RTX A6000,24153819,2026-09-27T04:28:06-07:00,mbr,3000x2000x1000,f32,"tforge-gpu-pipeline{block-tile=64,64 thread-tile=8,8 tile-k=32 promote=1 vectorize=1}",b64x64-t8x8-k32; grid=32x47x1 block=8x8x1 padded=3008x2048x1024; regs=157 smem=16384 blocks/SM=5 occ=0.208,,10,100,0.944128,0.847776,0.046607,GFLOP/s,12710.140997830802,1905,31.03% of FP32 peak at median clock,,err/bound=0.00467,model: pred_ms=0.2874 waves=4 resident=5 bound=fma fma_step=1024 lds_step=1024 latency_exposed=0
572f506,23.1.2,13.3,NVIDIA RTX A6000,24153819,2026-09-27T04:28:06-07:00,mbr,3000x2000x1000,f32,"tforge-gpu-pipeline{block-tile=64,128 thread-tile=4,4 tile-k=8 promote=1 vectorize=1}",b64x128-t4x4-k8; grid=16x47x1 block=32x16x1 padded=3008x2048x1000; regs=64 smem=6144 blocks/SM=2 occ=0.667,,10,100,1.061888,0.980992,0.034606,GFLOP/s,11300.626808100289,1905,27.59% of FP32 peak at median clock,,err/bound=0.00467,model: pred_ms=0.5614 waves=5 resident=2 bound=smem fma_step=512 lds_step=1024 latency_exposed=0
572f506,23.1.2,13.3,NVIDIA RTX A6000,24153819,2026-09-27T04:28:06-07:00,mbr,3000x2000x1000,f32,"tforge-gpu-pipeline{block-tile=64,128 thread-tile=4,4 tile-k=16 promote=1 vectorize=1}",b64x128-t4x4-k16; grid=16x47x1 block=32x16x1 padded=3008x2048x1008; regs=64 smem=12288 blocks/SM=2 occ=0.667,,10,100,0.927104,0.860928,0.042597,GFLOP/s,12943.531685765565,1905,31.60% of FP32 peak at median clock,,err/bound=0.00467,model: pred_ms=0.5659 waves=5 resident=2 bound=smem fma_step=1024 lds_step=2048 latency_exposed=0
572f506,23.1.2,13.3,NVIDIA RTX A6000,24153819,2026-09-27T04:28:06-07:00,mbr,3000x2000x1000,f32,"tforge-gpu-pipeline{block-tile=64,128 thread-tile=4,4 tile-k=32 promote=1 vectorize=1}",b64x128-t4x4-k32; grid=16x47x1 block=32x16x1 padded=3008x2048x1024; regs=64 smem=24576 blocks/SM=2 occ=0.667,,10,100,0.924528,0.841728,0.041793,GFLOP/s,12979.596074970146,1905,31.68% of FP32 peak at median clock,,err/bound=0.00467,model: pred_ms=0.5749 waves=5 resident=2 bound=smem fma_step=2048 lds_step=4096 latency_exposed=0
572f506,23.1.2,13.3,NVIDIA RTX A6000,24153819,2026-09-27T04:28:06-07:00,mbr,3000x2000x1000,f32,"tforge-gpu-pipeline{block-tile=64,128 thread-tile=8,4 tile-k=8 promote=1 vectorize=1}",b64x128-t8x4-k8; grid=16x47x1 block=32x8x1 padded=3008x2048x1000; regs=90 smem=6144 blocks/SM=2 occ=0.333,,10,100,0.879616,0.822272,0.029775,GFLOP/s,13642.316647264262,1905,33.30% of FP32 peak at median clock,,err/bound=0.00467,model: pred_ms=0.4211 waves=5 resident=2 bound=smem fma_step=512 lds_step=768 latency_exposed=0
572f506,23.1.2,13.3,NVIDIA RTX A6000,24153819,2026-09-27T04:28:06-07:00,mbr,3000x2000x1000,f32,"tforge-gpu-pipeline{block-tile=64,128 thread-tile=8,4 tile-k=16 promote=1 vectorize=1}",b64x128-t8x4-k16; grid=16x47x1 block=32x8x1 padded=3008x2048x1008; regs=90 smem=12288 blocks/SM=2 occ=0.333,,10,100,0.823168,0.743424,0.038243,GFLOP/s,14577.826154563832,1905,35.59% of FP32 peak at median clock,,err/bound=0.00467,model: pred_ms=0.4244 waves=5 resident=2 bound=smem fma_step=1024 lds_step=1536 latency_exposed=0
572f506,23.1.2,13.3,NVIDIA RTX A6000,24153819,2026-09-27T04:28:06-07:00,mbr,3000x2000x1000,f32,"tforge-gpu-pipeline{block-tile=64,128 thread-tile=8,4 tile-k=32 promote=1 vectorize=1}",b64x128-t8x4-k32; grid=16x47x1 block=32x8x1 padded=3008x2048x1024; regs=102 smem=24576 blocks/SM=2 occ=0.333,,10,100,0.799648,0.717792,0.037344,GFLOP/s,15006.602905278321,1905,36.63% of FP32 peak at median clock,,err/bound=0.00467,model: pred_ms=0.4312 waves=5 resident=2 bound=smem fma_step=2048 lds_step=3072 latency_exposed=0
572f506,23.1.2,13.3,NVIDIA RTX A6000,24153819,2026-09-27T04:28:06-07:00,mbr,3000x2000x1000,f32,"tforge-gpu-pipeline{block-tile=64,128 thread-tile=4,8 tile-k=8 promote=1 vectorize=1}",b64x128-t4x8-k8; grid=16x47x1 block=16x16x1 padded=3008x2048x1000; regs=80 smem=6144 blocks/SM=3 occ=0.5,,10,100,1.139696,1.065824,0.033112,GFLOP/s,10529.123555755217,1905,25.70% of FP32 peak at median clock,,err/bound=0.00467,model: pred_ms=0.3789 waves=3 resident=3 bound=smem fma_step=512 lds_step=768 latency_exposed=0
572f506,23.1.2,13.3,NVIDIA RTX A6000,24153819,2026-09-27T04:28:06-07:00,mbr,3000x2000x1000,f32,"tforge-gpu-pipeline{block-tile=64,128 thread-tile=4,8 tile-k=16 promote=1 vectorize=1}",b64x128-t4x8-k16; grid=16x47x1 block=16x16x1 padded=3008x2048x1008; regs=80 smem=12288 blocks/SM=3 occ=0.5,,10,100,1.101632,1.026368,0.036261,GFLOP/s,10892.929762388892,1905,26.59% of FP32 peak at median clock,,err/bound=0.00467,model: pred_ms=0.3820 waves=3 resident=3 bound=smem fma_step=1024 lds_step=1536 latency_exposed=0
572f506,23.1.2,13.3,NVIDIA RTX A6000,24153819,2026-09-27T04:28:06-07:00,mbr,3000x2000x1000,f32,"tforge-gpu-pipeline{block-tile=64,128 thread-tile=4,8 tile-k=32 promote=1 vectorize=1}",b64x128-t4x8-k32; grid=16x47x1 block=16x16x1 padded=3008x2048x1024; regs=80 smem=24576 blocks/SM=3 occ=0.5,,10,100,1.102336,1.024,0.032896,GFLOP/s,10885.973060845332,1905,26.57% of FP32 peak at median clock,,err/bound=0.00467,model: pred_ms=0.3880 waves=3 resident=3 bound=smem fma_step=2048 lds_step=3072 latency_exposed=0
572f506,23.1.2,13.3,NVIDIA RTX A6000,24153819,2026-09-27T04:28:06-07:00,mbr,3000x2000x1000,f32,"tforge-gpu-pipeline{block-tile=64,128 thread-tile=8,8 tile-k=8 promote=1 vectorize=1}",b64x128-t8x8-k8; grid=16x47x1 block=16x8x1 padded=3008x2048x1000; regs=128 smem=6144 blocks/SM=4 occ=0.333,,10,100,0.881616,0.79456,0.039698,GFLOP/s,13611.368214732945,1905,33.23% of FP32 peak at median clock,,err/bound=0.00467,model: pred_ms=0.3368 waves=3 resident=4 bound=fma fma_step=512 lds_step=512 latency_exposed=0
572f506,23.1.2,13.3,NVIDIA RTX A6000,24153819,2026-09-27T04:28:06-07:00,mbr,3000x2000x1000,f32,"tforge-gpu-pipeline{block-tile=64,128 thread-tile=8,8 tile-k=16 promote=1 vectorize=1}",b64x128-t8x8-k16; grid=16x47x1 block=16x8x1 padded=3008x2048x1008; regs=128 smem=12288 blocks/SM=4 occ=0.333,,10,100,0.84992,0.764928,0.040606,GFLOP/s,14118.975903614457,1905,34.47% of FP32 peak at median clock,,err/bound=0.00467,model: pred_ms=0.3395 waves=3 resident=4 bound=fma fma_step=1024 lds_step=1024 latency_exposed=0
572f506,23.1.2,13.3,NVIDIA RTX A6000,24153819,2026-09-27T04:28:06-07:00,mbr,3000x2000x1000,f32,"tforge-gpu-pipeline{block-tile=64,128 thread-tile=8,8 tile-k=32 promote=1 vectorize=1}",b64x128-t8x8-k32; grid=16x47x1 block=16x8x1 padded=3008x2048x1024; regs=127 smem=24576 blocks/SM=4 occ=0.333,,10,100,0.898048,0.813984,0.04129,GFLOP/s,13362.314709236034,1905,32.62% of FP32 peak at median clock,,err/bound=0.00467,model: pred_ms=0.3449 waves=3 resident=4 bound=fma fma_step=2048 lds_step=2048 latency_exposed=0
572f506,23.1.2,13.3,NVIDIA RTX A6000,24153819,2026-09-27T04:28:06-07:00,mbr,3000x2000x1000,f32,"tforge-gpu-pipeline{block-tile=128,32 thread-tile=4,4 tile-k=8 promote=1 vectorize=1}",b128x32-t4x4-k8; grid=63x24x1 block=8x32x1 padded=3072x2016x1000; regs=60 smem=5120 blocks/SM=4 occ=0.667,,10,100,1.174528,1.053696,0.044363,GFLOP/s,10216.870095902354,1905,24.94% of FP32 peak at median clock,,err/bound=0.00467,model: pred_ms=0.5614 waves=5 resident=4 bound=smem fma_step=256 lds_step=512 latency_exposed=0
572f506,23.1.2,13.3,NVIDIA RTX A6000,24153819,2026-09-27T04:28:06-07:00,mbr,3000x2000x1000,f32,"tforge-gpu-pipeline{block-tile=128,32 thread-tile=4,4 tile-k=16 promote=1 vectorize=1}",b128x32-t4x4-k16; grid=63x24x1 block=8x32x1 padded=3072x2016x1008; regs=64 smem=10240 blocks/SM=4 occ=0.667,,10,100,1.147904,1.023776,0.050259,GFLOP/s,10453.835860838535,1905,25.52% of FP32 peak at median clock,,err/bound=0.00467,model: pred_ms=0.5659 waves=5 resident=4 bound=smem fma_step=512 lds_step=1024 latency_exposed=0
572f506,23.1.2,13.3,NVIDIA RTX A6000,24153819,2026-09-27T04:28:06-07:00,mbr,3000x2000x1000,f32,"tforge-gpu-pipeline{block-tile=128,32 thread-tile=4,4 tile-k=32 promote=1 vectorize=1}",b128x32-t4x4-k32; grid=63x24x1 block=8x32x1 padded=3072x2016x1024; regs=66 smem=20480 blocks/SM=3 occ=0.5,,10,100,1.083376,0.985088,0.045885,GFLOP/s,11076.486833749319,1815,28.38% of FP32 peak at median clock,,err/bound=0.00467,model: pred_ms=0.5174 waves=6 resident=3 bound=smem fma_step=1024 lds_step=2048 latency_exposed=0
572f506,23.1.2,13.3,NVIDIA RTX A6000,24153819,2026-09-27T04:28:06-07:00,mbr,3000x2000x1000,f32,"tforge-gpu-pipeline{block-tile=128,32 thread-tile=8,4 tile-k=8 promote=1 vectorize=1}",b128x32-t8x4-k8; grid=63x24x1 block=8x16x1 padded=3072x2016x1000; regs=90 smem=5120 blocks/SM=5 occ=0.417,,10,100,1.05056,0.944128,0.046498,GFLOP/s,11422.47943953701,1905,27.88% of FP32 peak at median clock,,err/bound=0.00467,model: pred_ms=0.4211 waves=4 resident=5 bound=smem fma_step=256 lds_step=384 latency_exposed=0
572f506,23.1.2,13.3,NVIDIA RTX A6000,24153819,2026-09-27T04:28:06-07:00,mbr,3000x2000x1000,f32,"tforge-gpu-pipeline{block-tile=128,32 thread-tile=8,4 tile-k=16 promote=1 vectorize=1}",b128x32-t8x4-k16; grid=63x24x1 block=8x16x1 padded=3072x2016x1008; regs=96 smem=10240 blocks/SM=5 occ=0.417,,10,100,0.96864,0.867296,0.044987,GFLOP/s,12388.503468780971,1815,31.74% of FP32 peak at median clock,,err/bound=0.00467,model: pred_ms=0.4244 waves=4 resident=5 bound=smem fma_step=512 lds_step=768 latency_exposed=0
572f506,23.1.2,13.3,NVIDIA RTX A6000,24153819,2026-09-27T04:28:06-07:00,mbr,3000x2000x1000,f32,"tforge-gpu-pipeline{block-tile=128,32 thread-tile=8,4 tile-k=32 promote=1 vectorize=1}",b128x32-t8x4-k32; grid=63x24x1 block=8x16x1 padded=3072x2016x1024; regs=108 smem=20480 blocks/SM=4 occ=0.333,,10,100,0.931856,0.821984,0.049493,GFLOP/s,12877.526141378066,1905,31.44% of FP32 peak at median clock,,err/bound=0.00467,model: pred_ms=0.4312 waves=5 resident=4 bound=smem fma_step=1024 lds_step=1536 latency_exposed=0
572f506,23.1.2,13.3,NVIDIA RTX A6000,24153819,2026-09-27T04:28:06-07:00,mbr,3000x2000x1000,f32,"tforge-gpu-pipeline{block-tile=128,32 thread-tile=4,8 tile-k=8 promote=1 vectorize=1}",b128x32-t4x8-k8; grid=63x24x1 block=4x32x1 padded=3072x2016x1000; regs=80 smem=5120 blocks/SM=6 occ=0.5,,10,100,1.258496,1.141472,0.050114,GFLOP/s,9535.19121236778,1905,23.28% of FP32 peak at median clock,,err/bound=0.00467,model: pred_ms=0.3789 waves=3 resident=6 bound=smem fma_step=256 lds_step=384 latency_exposed=0
572f506,23.1.2,13.3,NVIDIA RTX A6000,24153819,2026-09-27T04:28:06-07:00,mbr,3000x2000x1000,f32,"tforge-gpu-pipeline{block-tile=128,32 thread-tile=4,8 tile-k=16 promote=1 vectorize=1}",b128x32-t4x8-k16; grid=63x24x1 block=4x32x1 padded=3072x2016x1008; regs=80 smem=10240 blocks/SM=6 occ=0.5,,10,100,1.183744,1.068224,0.049055,GFLOP/s,10137.326989619378,1905,24.75% of FP32 peak at median clock,,err/bound=0.00467,model: pred_ms=0.3820 waves=3 resident=6 bound=smem fma_step=512 lds_step=768 latency_exposed=0
572f506,23.1.2,13.3,NVIDIA RTX A6000,24153819,2026-09-27T04:28:06-07:00,mbr,3000x2000x1000,f32,"tforge-gpu-pipeline{block-tile=128,32 thread-tile=4,8 tile-k=32 promote=1 vectorize=1}",b128x32-t4x8-k32; grid=63x24x1 block=4x32x1 padded=3072x2016x1024; regs=102 smem=20480 blocks/SM=4 occ=0.333,,10,100,1.120352,1.005568,0.050661,GFLOP/s,10710.91942532347,1905,26.15% of FP32 peak at median clock,,err/bound=0.00467,model: pred_ms=0.4312 waves=5 resident=4 bound=smem fma_step=1024 lds_step=1536 latency_exposed=0
572f506,23.1.2,13.3,NVIDIA RTX A6000,24153819,2026-09-27T04:28:06-07:00,mbr,3000x2000x1000,f32,"tforge-gpu-pipeline{block-tile=128,32 thread-tile=8,8 tile-k=8 promote=1 vectorize=1}",b128x32-t8x8-k8; grid=63x24x1 block=4x16x1 padded=3072x2016x1000; regs=128 smem=5120 blocks/SM=8 occ=0.333,,10,100,1.148928,1.051392,0.041219,GFLOP/s,10444.518716577539,1905,25.50% of FP32 peak at median clock,,err/bound=0.00467,model: pred_ms=0.3368 waves=3 resident=8 bound=fma fma_step=256 lds_step=256 latency_exposed=0
572f506,23.1.2,13.3,NVIDIA RTX A6000,24153819,2026-09-27T04:28:06-07:00,mbr,3000x2000x1000,f32,"tforge-gpu-pipeline{block-tile=128,32 thread-tile=8,8 tile-k=16 promote=1 vectorize=1}",b128x32-t8x8-k16; grid=63x24x1 block=4x16x1 padded=3072x2016x1008; regs=127 smem=10240 blocks/SM=8 occ=0.333,,10,100,1.052448,0.955392,0.038199,GFLOP/s,11401.988506795584,1905,27.83% of FP32 peak at median clock,,err/bound=0.00467,model: pred_ms=0.3395 waves=3 resident=8 bound=fma fma_step=512 lds_step=512 latency_exposed=0
572f506,23.1.2,13.3,NVIDIA RTX A6000,24153819,2026-09-27T04:28:06-07:00,mbr,3000x2000x1000,f32,"tforge-gpu-pipeline{block-tile=128,32 thread-tile=8,8 tile-k=32 promote=1 vectorize=1}",b128x32-t8x8-k32; grid=63x24x1 block=4x16x1 padded=3072x2016x1024; regs=162 smem=20480 blocks/SM=4 occ=0.167,,10,100,1.041312,0.958304,0.035994,GFLOP/s,11523.92366552964,1905,28.13% of FP32 peak at median clock,,err/bound=0.00467,model: pred_ms=0.2874 waves=5 resident=4 bound=fma fma_step=1024 lds_step=1024 latency_exposed=0
572f506,23.1.2,13.3,NVIDIA RTX A6000,24153819,2026-09-27T04:28:06-07:00,mbr,3000x2000x1000,f32,"tforge-gpu-pipeline{block-tile=128,64 thread-tile=4,4 tile-k=8 promote=1 vectorize=1}",b128x64-t4x4-k8; grid=32x24x1 block=16x32x1 padded=3072x2048x1000; regs=64 smem=6144 blocks/SM=2 occ=0.667,,10,100,1.149952,1.078272,0.0318,GFLOP/s,10435.21816562778,1905,25.47% of FP32 peak at median clock,,err/bound=0.00467,model: pred_ms=0.5614 waves=5 resident=2 bound=smem fma_step=512 lds_step=1024 latency_exposed=0
572f506,23.1.2,13.3,NVIDIA RTX A6000,24153819,2026-09-27T04:28:06-07:00,mbr,3000x2000x1000,f32,"tforge-gpu-pipeline{block-tile=128,64 thread-tile=4,4 tile-k=16 promote=1 vectorize=1}",b128x64-t4x4-k16; grid=32x24x1 block=16x32x1 padded=3072x2048x1008; regs=60 smem=12288 blocks/SM=2 occ=0.667,,10,100,1.019904,0.946176,0.027603,GFLOP/s,11765.81325301205,1905,28.72% of FP32 peak at median clock,,err/bound=0.00467,model: pred_ms=0.5659 waves=5 resident=2 bound=smem fma_step=1024 lds_step=2048 latency_exposed=0
572f506,23.1.2,13.3,NVIDIA RTX A6000,24153819,2026-09-27T04:28:06-07:00,mbr,3000x2000x1000,f32,"tforge-gpu-pipeline{block-tile=128,64 thread-tile=4,4 tile-k=32 promote=1 vectorize=1}",b128x64-t4x4-k32; grid=32x24x1 block=16x32x1 padded=3072x2048x1024; regs=64 smem=24576 blocks/SM=2 occ=0.667,,10,100,0.97072,0.896896,0.032345,GFLOP/s,12361.958134168453,1905,30.18% of FP32 peak at median clock,,err/bound=0.00467,model: pred_ms=0.5749 waves=5 resident=2 bound=smem fma_step=2048 lds_step=4096 latency_exposed=0
572f506,23.1.2,13.3,NVIDIA RTX A6000,24153819,2026-09-27T04:28:06-07:00,mbr,3000x2000x1000,f32,"tforge-gpu-pipeline{block-tile=128,64 thread-tile=8,4 tile-k=8 promote=1 vectorize=1}",b128x64-t8x4-k8; grid=32x24x1 block=16x16x1 padded=3072x2048x1000; regs=94 smem=6144 blocks/SM=2 occ=0.333,,10,100,0.933888,0.860096,0.030358,GFLOP/s,12849.506578947367,1905,31.37% of FP32 peak at median clock,,err/bound=0.00467,model: pred_ms=0.4211 waves=5 resident=2 bound=smem fma_step=512 lds_step=768 latency_exposed=0
572f506,23.1.2,13.3,NVIDIA RTX A6000,24153819,2026-09-27T04:28:06-07:00,mbr,3000x2000x1000,f32,"tforge-gpu-pipeline{block-tile=128,64 thread-tile=8,4 tile-k=16 promote=1 vectorize=1}",b128x64-t8x4-k16; grid=32x24x1 block=16x16x1 padded=3072x2048x1008; regs=90 smem=12288 blocks/SM=2 occ=0.333,,10,100,0.874496,0.796672,0.03765,GFLOP/s,13722.189695550349,1905,33.50% of FP32 peak at median clock,,err/bound=0.00467,model: pred_ms=0.4244 waves=5 resident=2 bound=smem fma_step=1024 lds_step=1536 latency_exposed=0
572f506,23.1.2,13.3,NVIDIA RTX A6000,24153819,2026-09-27T04:28:06-07:00,mbr,3000x2000x1000,f32,"tforge-gpu-pipeline{block-tile=128,64 thread-tile=8,4 tile-k=32 promote=1 vectorize=1}",b128x64-t8x4-k32; grid=32x24x1 block=16x16x1 padded=3072x2048x1024; regs=102 smem=24576 blocks/SM=2 occ=0.333,,10,100,0.831488,0.774016,0.032912,GFLOP/s,14431.958128078819,1905,35.23% of FP32 peak at median clock,,err/bound=0.00467,model: pred_ms=0.4312 waves=5 resident=2 bound=smem fma_step=2048 lds_step=3072 latency_exposed=0
572f506,23.1.2,13.3,NVIDIA RTX A6000,24153819,2026-09-27T04:28:06-07:00,mbr,3000x2000x1000,f32,"tforge-gpu-pipeline{block-tile=128,64 thread-tile=4,8 tile-k=8 promote=1 vectorize=1}",b128x64-t4x8-k8; grid=32x24x1 block=8x32x1 padded=3072x2048x1000; regs=80 smem=6144 blocks/SM=3 occ=0.5,,10,100,1.324032,1.252352,0.028997,GFLOP/s,9063.225058004638,1905,22.12% of FP32 peak at median clock,,err/bound=0.00467,model: pred_ms=0.5053 waves=4 resident=3 bound=smem fma_step=512 lds_step=768 latency_exposed=0
572f506,23.1.2,13.3,NVIDIA RTX A6000,24153819,2026-09-27T04:28:06-07:00,mbr,3000x2000x1000,f32,"tforge-gpu-pipeline{block-tile=128,64 thread-tile=4,8 tile-k=16 promote=1 vectorize=1}",b128x64-t4x8-k16; grid=32x24x1 block=8x32x1 padded=3072x2048x1008; regs=80 smem=12288 blocks/SM=3 occ=0.5,,10,100,1.28,1.21008,0.032808,GFLOP/s,9375.0,1905,22.89% of FP32 peak at median clock,,err/bound=0.00467,model: pred_ms=0.5093 waves=4 resident=3 bound=smem fma_step=1024 lds_step=1536 latency_exposed=0
572f506,23.1.2,13.3,NVIDIA RTX A6000,24153819,2026-09-27T04:28:06-07:00,mbr,3000x2000x1000,f32,"tforge-gpu-pipeline{block-tile=128,64 thread-tile=4,8 tile-k=32 promote=1 vectorize=1}",b128x64-t4x8-k32; grid=32x24x1 block=8x32x1 padded=3072x2048x1024; regs=80 smem=24576 blocks/SM=3 occ=0.5,,10,100,1.254176,1.179648,0.030178,GFLOP/s,9568.035108310156,1905,23.36% of FP32 peak at median clock,,err/bound=0.00467,model: pred_ms=0.5174 waves=4 resident=3 bound=smem fma_step=2048 lds_step=3072 latency_exposed=0
572f506,23.1.2,13.3,NVIDIA RTX A6000,24153819,2026-09-27T04:28:06-07:00,mbr,3000x2000x1000,f32,"tforge-gpu-pipeline{block-tile=128,64 thread-tile=8,8 tile-k=8 promote=1 vectorize=1}",b128x64-t8x8-k8; grid=32x24x1 block=8x16x1 padded=3072x2048x1000; regs=128 smem=6144 blocks/SM=4 occ=0.333,,10,100,1.015808,0.925696,0.046463,GFLOP/s,11813.256048387098,1905,28.84% of FP32 peak at median clock,,err/bound=0.00467,model: pred_ms=0.3368 waves=3 resident=4 bound=fma fma_step=512 lds_step=512 latency_exposed=0
572f506,23.1.2,13.3,NVIDIA RTX A6000,24153819,2026-09-27T04:28:06-07:00,mbr,3000x2000x1000,f32,"tforge-gpu-pipeline{block-tile=128,64 thread-tile=8,8 tile-k=16 promote=1 vectorize=1}",b128x64-t8x8-k16; grid=32x24x1 block=8x16x1 padded=3072x2048x1008; regs=128 smem=12288 blocks/SM=4 occ=0.333,,10,100,0.982016,0.891904,0.040131,GFLOP/s,12219.760166840459,1905,29.83% of FP32 peak at median clock,,err/bound=0.00467,model: pred_ms=0.3395 waves=3 resident=4 bound=fma fma_step=1024 lds_step=1024 latency_exposed=0
572f506,23.1.2,13.3,NVIDIA RTX A6000,24153819,2026-09-27T04:28:06-07:00,mbr,3000x2000x1000,f32,"tforge-gpu-pipeline{block-tile=128,64 thread-tile=8,8 tile-k=32 promote=1 vectorize=1}",b128x64-t8x8-k32; grid=32x24x1 block=8x16x1 padded=3072x2048x1024; regs=127 smem=24576 blocks/SM=4 occ=0.333,,10,100,0.985088,0.897024,0.039823,GFLOP/s,12181.652806652806,1905,29.74% of FP32 peak at median clock,,err/bound=0.00467,model: pred_ms=0.3449 waves=3 resident=4 bound=fma fma_step=2048 lds_step=2048 latency_exposed=0
572f506,23.1.2,13.3,NVIDIA RTX A6000,24153819,2026-09-27T04:28:06-07:00,mbr,3000x2000x1000,f32,"tforge-gpu-pipeline{block-tile=128,128 thread-tile=4,4 tile-k=8 promote=1 vectorize=1}",b128x128-t4x4-k8; grid=16x24x1 block=32x32x1 padded=3072x2048x1000; regs=64 smem=8192 blocks/SM=1 occ=0.667,,10,100,1.187216,1.138784,0.020227,GFLOP/s,10107.680489481274,1905,24.67% of FP32 peak at median clock,,err/bound=0.00467,model: pred_ms=0.7259 waves=5 resident=1 bound=smem fma_step=1024 lds_step=2048 latency_exposed=1
572f506,23.1.2,13.3,NVIDIA RTX A6000,24153819,2026-09-27T04:28:06-07:00,mbr,3000x2000x1000,f32,"tforge-gpu-pipeline{block-tile=128,128 thread-tile=4,4 tile-k=16 promote=1 vectorize=1}",b128x128-t4x4-k16; grid=16x24x1 block=32x32x1 padded=3072x2048x1008; regs=64 smem=16384 blocks/SM=1 occ=0.667,,10,100,1.05984,0.9984,0.030467,GFLOP/s,11322.463768115944,1905,27.64% of FP32 peak at median clock,,err/bound=0.00467,model: pred_ms=0.6488 waves=5 resident=1 bound=smem fma_step=2048 lds_step=4096 latency_exposed=1
572f506,23.1.2,13.3,NVIDIA RTX A6000,24153819,2026-09-27T04:28:06-07:00,mbr,3000x2000x1000,f32,"tforge-gpu-pipeline{block-tile=128,128 thread-tile=4,4 tile-k=32 promote=1 vectorize=1}",b128x128-t4x4-k32; grid=16x24x1 block=32x32x1 padded=3072x2048x1024; regs=64 smem=32768 blocks/SM=1 occ=0.667,,10,100,1.015808,0.948032,0.030172,GFLOP/s,11813.256048387098,1905,28.84% of FP32 peak at median clock,,err/bound=0.00467,model: pred_ms=0.6170 waves=5 resident=1 bound=smem fma_step=4096 lds_step=8192 latency_exposed=1
572f506,23.1.2,13.3,NVIDIA RTX A6000,24153819,2026-09-27T04:28:06-07:00,mbr,3000x2000x1000,f32,"tforge-gpu-pipeline{block-tile=128,128 thread-tile=8,4 tile-k=8 promote=1 vectorize=1}",b128x128-t8x4-k8; grid=16x24x1 block=32x16x1 padded=3072x2048x1000; regs=94 smem=8192 blocks/SM=1 occ=0.333,,10,100,1.08184,1.032192,0.020415,GFLOP/s,11092.213266287066,1905,27.08% of FP32 peak at median clock,,err/bound=0.00467,model: pred_ms=0.5855 waves=5 resident=1 bound=smem fma_step=1024 lds_step=1536 latency_exposed=1
572f506,23.1.2,13.3,NVIDIA RTX A6000,24153819,2026-09-27T04:28:06-07:00,mbr,3000x2000x1000,f32,"tforge-gpu-pipeline{block-tile=128,128 thread-tile=8,4 tile-k=16 promote=1 vectorize=1}",b128x128-t8x4-k16; grid=16x24x1 block=32x16x1 padded=3072x2048x1008; regs=96 smem=16384 blocks/SM=1 occ=0.333,,10,100,0.941056,0.881664,0.026789,GFLOP/s,12751.632208922741,1905,31.13% of FP32 peak at median clock,,err/bound=0.00467,model: pred_ms=0.5073 waves=5 resident=1 bound=smem fma_step=2048 lds_step=3072 latency_exposed=1
572f506,23.1.2,13.3,NVIDIA RTX A6000,24153819,2026-09-27T04:28:06-07:00,mbr,3000x2000x1000,f32,"tforge-gpu-pipeline{block-tile=128,128 thread-tile=8,4 tile-k=32 promote=1 vectorize=1}",b128x128-t8x4-k32; grid=16x24x1 block=32x16x1 padded=3072x2048x1024; regs=96 smem=32768 blocks/SM=1 occ=0.333,,10,100,0.884736,0.820224,0.027558,GFLOP/s,13563.368055555555,1905,33.11% of FP32 peak at median clock,,err/bound=0.00467,model: pred_ms=0.4733 waves=5 resident=1 bound=smem fma_step=4096 lds_step=6144 latency_exposed=1
572f506,23.1.2,13.3,NVIDIA RTX A6000,24153819,2026-09-27T04:28:06-07:00,mbr,3000x2000x1000,f32,"tforge-gpu-pipeline{block-tile=128,128 thread-tile=4,8 tile-k=8 promote=1 vectorize=1}",b128x128-t4x8-k8; grid=16x24x1 block=16x32x1 padded=3072x2048x1000; regs=88 smem=8192 blocks/SM=1 occ=0.333,,10,100,1.426256,1.401696,0.009174,GFLOP/s,8413.636822562008,1905,20.54% of FP32 peak at median clock,,err/bound=0.00467,model: pred_ms=0.5855 waves=5 resident=1 bound=smem fma_step=1024 lds_step=1536 latency_exposed=1
572f506,23.1.2,13.3,NVIDIA RTX A6000,24153819,2026-09-27T04:28:06-07:00,mbr,3000x2000x1000,f32,"tforge-gpu-pipeline{block-tile=128,128 thread-tile=4,8 tile-k=16 promote=1 vectorize=1}",b128x128-t4x8-k16; grid=16x24x1 block=16x32x1 padded=3072x2048x1008; regs=94 smem=16384 blocks/SM=1 occ=0.333,,10,100,1.276928,1.238016,0.016968,GFLOP/s,9397.554129911787,1905,22.94% of FP32 peak at median clock,,err/bound=0.00467,model: pred_ms=0.5073 waves=5 resident=1 bound=smem fma_step=2048 lds_step=3072 latency_exposed=1
572f506,23.1.2,13.3,NVIDIA RTX A6000,24153819,2026-09-27T04:28:06-07:00,mbr,3000x2000x1000,f32,"tforge-gpu-pipeline{block-tile=128,128 thread-tile=4,8 tile-k=32 promote=1 vectorize=1}",b128x128-t4x8-k32; grid=16x24x1 block=16x32x1 padded=3072x2048x1024; regs=100 smem=32768 blocks/SM=1 occ=0.333,,10,100,1.231632,1.196032,0.015962,GFLOP/s,9743.1700378035,1905,23.78% of FP32 peak at median clock,,err/bound=0.00467,model: pred_ms=0.4733 waves=5 resident=1 bound=smem fma_step=4096 lds_step=6144 latency_exposed=1
572f506,23.1.2,13.3,NVIDIA RTX A6000,24153819,2026-09-27T04:28:06-07:00,mbr,3000x2000x1000,f32,"tforge-gpu-pipeline{block-tile=128,128 thread-tile=8,8 tile-k=8 promote=1 vectorize=1}",b128x128-t8x8-k8; grid=16x24x1 block=16x16x1 padded=3072x2048x1000; regs=128 smem=8192 blocks/SM=2 occ=0.333,,10,100,0.991344,0.929792,0.027726,GFLOP/s,12104.778966736067,1905,29.55% of FP32 peak at median clock,,err/bound=0.00467,model: pred_ms=0.3368 waves=3 resident=2 bound=fma fma_step=1024 lds_step=1024 latency_exposed=0
572f506,23.1.2,13.3,NVIDIA RTX A6000,24153819,2026-09-27T04:28:06-07:00,mbr,3000x2000x1000,f32,"tforge-gpu-pipeline{block-tile=128,128 thread-tile=8,8 tile-k=16 promote=1 vectorize=1}",b128x128-t8x8-k16; grid=16x24x1 block=16x16x1 padded=3072x2048x1008; regs=128 smem=16384 blocks/SM=2 occ=0.333,,10,100,0.941648,0.879616,0.027563,GFLOP/s,12743.61544866022,1905,31.11% of FP32 peak at median clock,,err/bound=0.00467,model: pred_ms=0.3395 waves=3 resident=2 bound=fma fma_step=2048 lds_step=2048 latency_exposed=0
572f506,23.1.2,13.3,NVIDIA RTX A6000,24153819,2026-09-27T04:28:06-07:00,mbr,3000x2000x1000,f32,"tforge-gpu-pipeline{block-tile=128,128 thread-tile=8,8 tile-k=32 promote=1 vectorize=1}",b128x128-t8x8-k32; grid=16x24x1 block=16x16x1 padded=3072x2048x1024; regs=128 smem=32768 blocks/SM=2 occ=0.333,,10,100,0.896,0.843776,0.028096,GFLOP/s,13392.857142857143,1905,32.69% of FP32 peak at median clock,,err/bound=0.00467,model: pred_ms=0.3449 waves=3 resident=2 bound=fma fma_step=4096 lds_step=4096 latency_exposed=0
