commit,mlir_llvm_version,cuda_version,device,job_id,date,workload,shape,dtype,pipeline,params,threads,warmup,reps,median_ms,min_ms,std_ms,metric,metric_value,sm_clock_median_mhz,clock_adjusted_metric,alloc_bytes_per_call,correctness,notes
4632965,23.1.2,13.3,NVIDIA RTX PRO 6000 Blackwell Max-Q Workstation Edition,24105050,2026-09-27T03:47:58-07:00,mbr,1024x1024x1024,f32,"tforge-gpu-pipeline{block-tile=32,32 thread-tile=4,4 tile-k=8 promote=1 vectorize=1}",b32x32-t4x4-k8; grid=32x32x1 block=8x8x1 padded=1024x1024x1024; regs=64 smem=2048 blocks/SM=16 occ=0.667,,10,100,0.085024,0.084576,0.000899,GFLOP/s,25257.382009785473,2280,23.02% of FP32 peak at median clock,,err/bound=0.00485,model: pred_ms=0.0431 waves=1 resident=6 bound=smem fma_step=64 lds_step=128 latency_exposed=0
4632965,23.1.2,13.3,NVIDIA RTX PRO 6000 Blackwell Max-Q Workstation Edition,24105050,2026-09-27T03:47:58-07:00,mbr,1024x1024x1024,f32,"tforge-gpu-pipeline{block-tile=32,32 thread-tile=4,4 tile-k=16 promote=1 vectorize=1}",b32x32-t4x4-k16; grid=32x32x1 block=8x8x1 padded=1024x1024x1024; regs=70 smem=4096 blocks/SM=14 occ=0.583,,10,100,0.078,0.07648,0.00123,GFLOP/s,27531.84164102564,2280,25.09% of FP32 peak at median clock,,err/bound=0.00485,model: pred_ms=0.0431 waves=1 resident=6 bound=smem fma_step=128 lds_step=256 latency_exposed=0
4632965,23.1.2,13.3,NVIDIA RTX PRO 6000 Blackwell Max-Q Workstation Edition,24105050,2026-09-27T03:47:58-07:00,mbr,1024x1024x1024,f32,"tforge-gpu-pipeline{block-tile=32,32 thread-tile=4,4 tile-k=32 promote=1 vectorize=1}",b32x32-t4x4-k32; grid=32x32x1 block=8x8x1 padded=1024x1024x1024; regs=80 smem=8192 blocks/SM=11 occ=0.458,,10,100,0.073056,0.0712,0.0013,GFLOP/s,29395.034603591765,2280,26.79% of FP32 peak at median clock,,err/bound=0.00485,model: pred_ms=0.0431 waves=1 resident=6 bound=smem fma_step=256 lds_step=512 latency_exposed=0
4632965,23.1.2,13.3,NVIDIA RTX PRO 6000 Blackwell Max-Q Workstation Edition,24105050,2026-09-27T03:47:58-07:00,mbr,1024x1024x1024,f32,"tforge-gpu-pipeline{block-tile=32,32 thread-tile=8,4 tile-k=8 promote=1 vectorize=1}",b32x32-t8x4-k8; grid=32x32x1 block=8x4x1 padded=1024x1024x1024; regs=88 smem=2048 blocks/SM=20 occ=0.417,,10,100,0.096864,0.094912,0.001189,GFLOP/s,22170.090518665344,2280,20.20% of FP32 peak at median clock,,err/bound=0.00485,model: pred_ms=0.0391 waves=1 resident=6 bound=smem fma_step=64 lds_step=96 latency_exposed=1
4632965,23.1.2,13.3,NVIDIA RTX PRO 6000 Blackwell Max-Q Workstation Edition,24105050,2026-09-27T03:47:58-07:00,mbr,1024x1024x1024,f32,"tforge-gpu-pipeline{block-tile=32,32 thread-tile=8,4 tile-k=16 promote=1 vectorize=1}",b32x32-t8x4-k16; grid=32x32x1 block=8x4x1 padded=1024x1024x1024; regs=94 smem=4096 blocks/SM=20 occ=0.417,,10,100,0.08088,0.078688,0.000946,GFLOP/s,26551.479327398618,2280,24.20% of FP32 peak at median clock,,err/bound=0.00485,model: pred_ms=0.0323 waves=1 resident=6 bound=smem fma_step=128 lds_step=192 latency_exposed=0
4632965,23.1.2,13.3,NVIDIA RTX PRO 6000 Blackwell Max-Q Workstation Edition,24105050,2026-09-27T03:47:58-07:00,mbr,1024x1024x1024,f32,"tforge-gpu-pipeline{block-tile=32,32 thread-tile=8,4 tile-k=32 promote=1 vectorize=1}",b32x32-t8x4-k32; grid=32x32x1 block=8x4x1 padded=1024x1024x1024; regs=110 smem=8192 blocks/SM=11 occ=0.229,,10,100,0.072736,0.070624,0.001094,GFLOP/s,29524.357237131542,2280,26.91% of FP32 peak at median clock,,err/bound=0.00485,model: pred_ms=0.0323 waves=1 resident=6 bound=smem fma_step=256 lds_step=384 latency_exposed=0
4632965,23.1.2,13.3,NVIDIA RTX PRO 6000 Blackwell Max-Q Workstation Edition,24105050,2026-09-27T03:47:58-07:00,mbr,1024x1024x1024,f32,"tforge-gpu-pipeline{block-tile=32,32 thread-tile=4,8 tile-k=8 promote=1 vectorize=1}",b32x32-t4x8-k8; grid=32x32x1 block=4x8x1 padded=1024x1024x1024; regs=90 smem=2048 blocks/SM=20 occ=0.417,,10,100,0.097904,0.096832,0.001232,GFLOP/s,21934.58538976957,2280,19.99% of FP32 peak at median clock,,err/bound=0.00485,model: pred_ms=0.0391 waves=1 resident=6 bound=smem fma_step=64 lds_step=96 latency_exposed=1
4632965,23.1.2,13.3,NVIDIA RTX PRO 6000 Blackwell Max-Q Workstation Edition,24105050,2026-09-27T03:47:58-07:00,mbr,1024x1024x1024,f32,"tforge-gpu-pipeline{block-tile=32,32 thread-tile=4,8 tile-k=16 promote=1 vectorize=1}",b32x32-t4x8-k16; grid=32x32x1 block=4x8x1 padded=1024x1024x1024; regs=96 smem=4096 blocks/SM=20 occ=0.417,,10,100,0.084528,0.08256,0.001174,GFLOP/s,25405.58924853303,2280,23.15% of FP32 peak at median clock,,err/bound=0.00485,model: pred_ms=0.0323 waves=1 resident=6 bound=smem fma_step=128 lds_step=192 latency_exposed=0
4632965,23.1.2,13.3,NVIDIA RTX PRO 6000 Blackwell Max-Q Workstation Edition,24105050,2026-09-27T03:47:58-07:00,mbr,1024x1024x1024,f32,"tforge-gpu-pipeline{block-tile=32,32 thread-tile=4,8 tile-k=32 promote=1 vectorize=1}",b32x32-t4x8-k32; grid=32x32x1 block=4x8x1 padded=1024x1024x1024; regs=110 smem=8192 blocks/SM=11 occ=0.229,,10,100,0.082224,0.080576,0.001139,GFLOP/s,26117.47966530453,2272,23.88% of FP32 peak at median clock,,err/bound=0.00485,model: pred_ms=0.0323 waves=1 resident=6 bound=smem fma_step=256 lds_step=384 latency_exposed=0
4632965,23.1.2,13.3,NVIDIA RTX PRO 6000 Blackwell Max-Q Workstation Edition,24105050,2026-09-27T03:47:58-07:00,mbr,1024x1024x1024,f32,"tforge-gpu-pipeline{block-tile=32,64 thread-tile=4,4 tile-k=8 promote=1 vectorize=1}",b32x64-t4x4-k8; grid=16x32x1 block=16x8x1 padded=1024x1024x1024; regs=56 smem=3072 blocks/SM=9 occ=0.75,,10,100,0.080912,0.078816,0.000947,GFLOP/s,26540.978445718803,2280,24.19% of FP32 peak at median clock,,err/bound=0.00485,model: pred_ms=0.0481 waves=1 resident=3 bound=smem fma_step=128 lds_step=256 latency_exposed=1
4632965,23.1.2,13.3,NVIDIA RTX PRO 6000 Blackwell Max-Q Workstation Edition,24105050,2026-09-27T03:47:58-07:00,mbr,1024x1024x1024,f32,"tforge-gpu-pipeline{block-tile=32,64 thread-tile=4,4 tile-k=16 promote=1 vectorize=1}",b32x64-t4x4-k16; grid=16x32x1 block=16x8x1 padded=1024x1024x1024; regs=58 smem=6144 blocks/SM=8 occ=0.667,,10,100,0.064576,0.062496,0.000729,GFLOP/s,33255.13577799802,2280,30.31% of FP32 peak at median clock,,err/bound=0.00485,model: pred_ms=0.0431 waves=1 resident=3 bound=smem fma_step=256 lds_step=512 latency_exposed=0
4632965,23.1.2,13.3,NVIDIA RTX PRO 6000 Blackwell Max-Q Workstation Edition,24105050,2026-09-27T03:47:58-07:00,mbr,1024x1024x1024,f32,"tforge-gpu-pipeline{block-tile=32,64 thread-tile=4,4 tile-k=32 promote=1 vectorize=1}",b32x64-t4x4-k32; grid=16x32x1 block=16x8x1 padded=1024x1024x1024; regs=70 smem=12288 blocks/SM=7 occ=0.583,,10,100,0.062672,0.060224,0.001062,GFLOP/s,34265.43987745723,2280,31.23% of FP32 peak at median clock,,err/bound=0.00485,model: pred_ms=0.0431 waves=1 resident=3 bound=smem fma_step=512 lds_step=1024 latency_exposed=0
4632965,23.1.2,13.3,NVIDIA RTX PRO 6000 Blackwell Max-Q Workstation Edition,24105050,2026-09-27T03:47:58-07:00,mbr,1024x1024x1024,f32,"tforge-gpu-pipeline{block-tile=32,64 thread-tile=8,4 tile-k=8 promote=1 vectorize=1}",b32x64-t8x4-k8; grid=16x32x1 block=16x4x1 padded=1024x1024x1024; regs=84 smem=3072 blocks/SM=10 occ=0.417,,10,100,0.089504,0.0888,0.001112,GFLOP/s,23993.158383982838,2272,21.94% of FP32 peak at median clock,,err/bound=0.00485,model: pred_ms=0.0445 waves=1 resident=3 bound=smem fma_step=128 lds_step=192 latency_exposed=1
4632965,23.1.2,13.3,NVIDIA RTX PRO 6000 Blackwell Max-Q Workstation Edition,24105050,2026-09-27T03:47:58-07:00,mbr,1024x1024x1024,f32,"tforge-gpu-pipeline{block-tile=32,64 thread-tile=8,4 tile-k=16 promote=1 vectorize=1}",b32x64-t8x4-k16; grid=16x32x1 block=16x4x1 padded=1024x1024x1024; regs=92 smem=6144 blocks/SM=10 occ=0.417,,10,100,0.0768,0.074464,0.000653,GFLOP/s,27962.02666666667,2280,25.48% of FP32 peak at median clock,,err/bound=0.00485,model: pred_ms=0.0323 waves=1 resident=3 bound=smem fma_step=256 lds_step=384 latency_exposed=0
4632965,23.1.2,13.3,NVIDIA RTX PRO 6000 Blackwell Max-Q Workstation Edition,24105050,2026-09-27T03:47:58-07:00,mbr,1024x1024x1024,f32,"tforge-gpu-pipeline{block-tile=32,64 thread-tile=8,4 tile-k=32 promote=1 vectorize=1}",b32x64-t8x4-k32; grid=16x32x1 block=16x4x1 padded=1024x1024x1024; regs=104 smem=12288 blocks/SM=7 occ=0.292,,10,100,0.066624,0.064544,0.001161,GFLOP/s,32232.88376560999,2280,29.37% of FP32 peak at median clock,,err/bound=0.00485,model: pred_ms=0.0323 waves=1 resident=3 bound=smem fma_step=512 lds_step=768 latency_exposed=0
4632965,23.1.2,13.3,NVIDIA RTX PRO 6000 Blackwell Max-Q Workstation Edition,24105050,2026-09-27T03:47:58-07:00,mbr,1024x1024x1024,f32,"tforge-gpu-pipeline{block-tile=32,64 thread-tile=4,8 tile-k=8 promote=1 vectorize=1}",b32x64-t4x8-k8; grid=16x32x1 block=8x8x1 padded=1024x1024x1024; regs=80 smem=3072 blocks/SM=12 occ=0.5,,10,100,0.103168,0.099456,0.001278,GFLOP/s,20815.40446650124,2280,18.97% of FP32 peak at median clock,,err/bound=0.00485,model: pred_ms=0.0445 waves=1 resident=3 bound=smem fma_step=128 lds_step=192 latency_exposed=1
4632965,23.1.2,13.3,NVIDIA RTX PRO 6000 Blackwell Max-Q Workstation Edition,24105050,2026-09-27T03:47:58-07:00,mbr,1024x1024x1024,f32,"tforge-gpu-pipeline{block-tile=32,64 thread-tile=4,8 tile-k=16 promote=1 vectorize=1}",b32x64-t4x8-k16; grid=16x32x1 block=8x8x1 padded=1024x1024x1024; regs=80 smem=6144 blocks/SM=12 occ=0.5,,10,100,0.091152,0.089056,0.001062,GFLOP/s,23559.369492715465,2280,21.47% of FP32 peak at median clock,,err/bound=0.00485,model: pred_ms=0.0323 waves=1 resident=3 bound=smem fma_step=256 lds_step=384 latency_exposed=0
4632965,23.1.2,13.3,NVIDIA RTX PRO 6000 Blackwell Max-Q Workstation Edition,24105050,2026-09-27T03:47:58-07:00,mbr,1024x1024x1024,f32,"tforge-gpu-pipeline{block-tile=32,64 thread-tile=4,8 tile-k=32 promote=1 vectorize=1}",b32x64-t4x8-k32; grid=16x32x1 block=8x8x1 padded=1024x1024x1024; regs=102 smem=12288 blocks/SM=7 occ=0.292,,10,100,0.086944,0.084704,0.000903,GFLOP/s,24699.618697092385,2280,22.51% of FP32 peak at median clock,,err/bound=0.00485,model: pred_ms=0.0323 waves=1 resident=3 bound=smem fma_step=512 lds_step=768 latency_exposed=0
4632965,23.1.2,13.3,NVIDIA RTX PRO 6000 Blackwell Max-Q Workstation Edition,24105050,2026-09-27T03:47:58-07:00,mbr,1024x1024x1024,f32,"tforge-gpu-pipeline{block-tile=32,64 thread-tile=8,8 tile-k=8 promote=1 vectorize=1}",b32x64-t8x8-k8; grid=16x32x1 block=8x4x1 padded=1024x1024x1024; regs=128 smem=3072 blocks/SM=16 occ=0.333,,10,100,0.0936,0.0928,0.00122,GFLOP/s,22943.201367521368,2280,20.91% of FP32 peak at median clock,,err/bound=0.00485,model: pred_ms=0.0409 waves=1 resident=3 bound=fma fma_step=128 lds_step=128 latency_exposed=1
4632965,23.1.2,13.3,NVIDIA RTX PRO 6000 Blackwell Max-Q Workstation Edition,24105050,2026-09-27T03:47:58-07:00,mbr,1024x1024x1024,f32,"tforge-gpu-pipeline{block-tile=32,64 thread-tile=8,8 tile-k=16 promote=1 vectorize=1}",b32x64-t8x8-k16; grid=16x32x1 block=8x4x1 padded=1024x1024x1024; regs=156 smem=6144 blocks/SM=12 occ=0.25,,10,100,0.080976,0.07952,0.000654,GFLOP/s,26520.001580715274,2280,24.17% of FP32 peak at median clock,,err/bound=0.00485,model: pred_ms=0.0240 waves=1 resident=3 bound=fma fma_step=256 lds_step=256 latency_exposed=1
4632965,23.1.2,13.3,NVIDIA RTX PRO 6000 Blackwell Max-Q Workstation Edition,24105050,2026-09-27T03:47:58-07:00,mbr,1024x1024x1024,f32,"tforge-gpu-pipeline{block-tile=32,64 thread-tile=8,8 tile-k=32 promote=1 vectorize=1}",b32x64-t8x8-k32; grid=16x32x1 block=8x4x1 padded=1024x1024x1024; regs=174 smem=12288 blocks/SM=7 occ=0.146,,10,100,0.074688,0.072608,0.00084,GFLOP/s,28752.726649528708,2280,26.20% of FP32 peak at median clock,,err/bound=0.00485,model: pred_ms=0.0216 waves=1 resident=3 bound=fma fma_step=512 lds_step=512 latency_exposed=0
4632965,23.1.2,13.3,NVIDIA RTX PRO 6000 Blackwell Max-Q Workstation Edition,24105050,2026-09-27T03:47:58-07:00,mbr,1024x1024x1024,f32,"tforge-gpu-pipeline{block-tile=32,128 thread-tile=4,4 tile-k=8 promote=1 vectorize=1}",b32x128-t4x4-k8; grid=8x32x1 block=32x8x1 padded=1024x1024x1024; regs=64 smem=5120 blocks/SM=4 occ=0.667,,10,100,0.080656,0.07856,0.001312,GFLOP/s,26625.2188057925,2280,24.26% of FP32 peak at median clock,,err/bound=0.00485,model: pred_ms=0.0624 waves=1 resident=2 bound=smem fma_step=256 lds_step=512 latency_exposed=1
4632965,23.1.2,13.3,NVIDIA RTX PRO 6000 Blackwell Max-Q Workstation Edition,24105050,2026-09-27T03:47:58-07:00,mbr,1024x1024x1024,f32,"tforge-gpu-pipeline{block-tile=32,128 thread-tile=4,4 tile-k=16 promote=1 vectorize=1}",b32x128-t4x4-k16; grid=8x32x1 block=32x8x1 padded=1024x1024x1024; regs=64 smem=10240 blocks/SM=4 occ=0.667,,10,100,0.081008,0.080416,0.000818,GFLOP/s,26509.525577720724,2280,24.16% of FP32 peak at median clock,,err/bound=0.00485,model: pred_ms=0.0575 waves=1 resident=2 bound=smem fma_step=512 lds_step=1024 latency_exposed=0
4632965,23.1.2,13.3,NVIDIA RTX PRO 6000 Blackwell Max-Q Workstation Edition,24105050,2026-09-27T03:47:58-07:00,mbr,1024x1024x1024,f32,"tforge-gpu-pipeline{block-tile=32,128 thread-tile=4,4 tile-k=32 promote=1 vectorize=1}",b32x128-t4x4-k32; grid=8x32x1 block=32x8x1 padded=1024x1024x1024; regs=64 smem=20480 blocks/SM=4 occ=0.667,,10,100,0.076832,0.07504,0.0008,GFLOP/s,27950.38067471887,2280,25.47% of FP32 peak at median clock,,err/bound=0.00485,model: pred_ms=0.0575 waves=1 resident=2 bound=smem fma_step=1024 lds_step=2048 latency_exposed=0
4632965,23.1.2,13.3,NVIDIA RTX PRO 6000 Blackwell Max-Q Workstation Edition,24105050,2026-09-27T03:47:58-07:00,mbr,1024x1024x1024,f32,"tforge-gpu-pipeline{block-tile=32,128 thread-tile=8,4 tile-k=8 promote=1 vectorize=1}",b32x128-t8x4-k8; grid=8x32x1 block=32x4x1 padded=1024x1024x1024; regs=82 smem=5120 blocks/SM=5 occ=0.417,,10,100,0.09944,0.098848,0.000731,GFLOP/s,21595.77280772325,2280,19.68% of FP32 peak at median clock,,err/bound=0.00485,model: pred_ms=0.0552 waves=1 resident=2 bound=smem fma_step=256 lds_step=384 latency_exposed=1
4632965,23.1.2,13.3,NVIDIA RTX PRO 6000 Blackwell Max-Q Workstation Edition,24105050,2026-09-27T03:47:58-07:00,mbr,1024x1024x1024,f32,"tforge-gpu-pipeline{block-tile=32,128 thread-tile=8,4 tile-k=16 promote=1 vectorize=1}",b32x128-t8x4-k16; grid=8x32x1 block=32x4x1 padded=1024x1024x1024; regs=88 smem=10240 blocks/SM=5 occ=0.417,,10,100,0.085024,0.082912,0.000827,GFLOP/s,25257.382009785473,2280,23.02% of FP32 peak at median clock,,err/bound=0.00485,model: pred_ms=0.0431 waves=1 resident=2 bound=smem fma_step=512 lds_step=768 latency_exposed=0
4632965,23.1.2,13.3,NVIDIA RTX PRO 6000 Blackwell Max-Q Workstation Edition,24105050,2026-09-27T03:47:58-07:00,mbr,1024x1024x1024,f32,"tforge-gpu-pipeline{block-tile=32,128 thread-tile=8,4 tile-k=32 promote=1 vectorize=1}",b32x128-t8x4-k32; grid=8x32x1 block=32x4x1 padded=1024x1024x1024; regs=104 smem=20480 blocks/SM=4 occ=0.333,,10,100,0.07472,0.07328,0.000734,GFLOP/s,28740.412847965737,2280,26.19% of FP32 peak at median clock,,err/bound=0.00485,model: pred_ms=0.0431 waves=1 resident=2 bound=smem fma_step=1024 lds_step=1536 latency_exposed=0
4632965,23.1.2,13.3,NVIDIA RTX PRO 6000 Blackwell Max-Q Workstation Edition,24105050,2026-09-27T03:47:58-07:00,mbr,1024x1024x1024,f32,"tforge-gpu-pipeline{block-tile=32,128 thread-tile=4,8 tile-k=8 promote=1 vectorize=1}",b32x128-t4x8-k8; grid=8x32x1 block=16x8x1 padded=1024x1024x1024; regs=80 smem=5120 blocks/SM=6 occ=0.5,,10,100,0.120208,0.119296,0.001232,GFLOP/s,17864.73153201118,2280,16.28% of FP32 peak at median clock,,err/bound=0.00485,model: pred_ms=0.0552 waves=1 resident=2 bound=smem fma_step=256 lds_step=384 latency_exposed=1
4632965,23.1.2,13.3,NVIDIA RTX PRO 6000 Blackwell Max-Q Workstation Edition,24105050,2026-09-27T03:47:58-07:00,mbr,1024x1024x1024,f32,"tforge-gpu-pipeline{block-tile=32,128 thread-tile=4,8 tile-k=16 promote=1 vectorize=1}",b32x128-t4x8-k16; grid=8x32x1 block=16x8x1 padded=1024x1024x1024; regs=79 smem=10240 blocks/SM=6 occ=0.5,,10,100,0.103872,0.103104,0.001138,GFLOP/s,20674.326555760934,2280,18.84% of FP32 peak at median clock,,err/bound=0.00485,model: pred_ms=0.0431 waves=1 resident=2 bound=smem fma_step=512 lds_step=768 latency_exposed=0
4632965,23.1.2,13.3,NVIDIA RTX PRO 6000 Blackwell Max-Q Workstation Edition,24105050,2026-09-27T03:47:58-07:00,mbr,1024x1024x1024,f32,"tforge-gpu-pipeline{block-tile=32,128 thread-tile=4,8 tile-k=32 promote=1 vectorize=1}",b32x128-t4x8-k32; grid=8x32x1 block=16x8x1 padded=1024x1024x1024; regs=100 smem=20480 blocks/SM=4 occ=0.333,,10,100,0.095328,0.094816,0.001139,GFLOP/s,22527.312520980195,2280,20.53% of FP32 peak at median clock,,err/bound=0.00485,model: pred_ms=0.0431 waves=1 resident=2 bound=smem fma_step=1024 lds_step=1536 latency_exposed=0
4632965,23.1.2,13.3,NVIDIA RTX PRO 6000 Blackwell Max-Q Workstation Edition,24105050,2026-09-27T03:47:58-07:00,mbr,1024x1024x1024,f32,"tforge-gpu-pipeline{block-tile=32,128 thread-tile=8,8 tile-k=8 promote=1 vectorize=1}",b32x128-t8x8-k8; grid=8x32x1 block=16x4x1 padded=1024x1024x1024; regs=128 smem=5120 blocks/SM=8 occ=0.333,,10,100,0.097312,0.095744,0.00073,GFLOP/s,22068.024991779024,2272,20.18% of FP32 peak at median clock,,err/bound=0.00485,model: pred_ms=0.0481 waves=1 resident=2 bound=fma fma_step=256 lds_step=256 latency_exposed=1
4632965,23.1.2,13.3,NVIDIA RTX PRO 6000 Blackwell Max-Q Workstation Edition,24105050,2026-09-27T03:47:58-07:00,mbr,1024x1024x1024,f32,"tforge-gpu-pipeline{block-tile=32,128 thread-tile=8,8 tile-k=16 promote=1 vectorize=1}",b32x128-t8x8-k16; grid=8x32x1 block=16x4x1 padded=1024x1024x1024; regs=152 smem=10240 blocks/SM=6 occ=0.25,,10,100,0.091104,0.08944,0.000786,GFLOP/s,23571.782226905514,2280,21.48% of FP32 peak at median clock,,err/bound=0.00485,model: pred_ms=0.0312 waves=1 resident=2 bound=fma fma_step=512 lds_step=512 latency_exposed=1
4632965,23.1.2,13.3,NVIDIA RTX PRO 6000 Blackwell Max-Q Workstation Edition,24105050,2026-09-27T03:47:58-07:00,mbr,1024x1024x1024,f32,"tforge-gpu-pipeline{block-tile=32,128 thread-tile=8,8 tile-k=32 promote=1 vectorize=1}",b32x128-t8x8-k32; grid=8x32x1 block=16x4x1 padded=1024x1024x1024; regs=158 smem=20480 blocks/SM=4 occ=0.167,,10,100,0.086976,0.084736,0.001232,GFLOP/s,24690.53127299485,2280,22.50% of FP32 peak at median clock,,err/bound=0.00485,model: pred_ms=0.0287 waves=1 resident=2 bound=fma fma_step=1024 lds_step=1024 latency_exposed=0
4632965,23.1.2,13.3,NVIDIA RTX PRO 6000 Blackwell Max-Q Workstation Edition,24105050,2026-09-27T03:47:58-07:00,mbr,1024x1024x1024,f32,"tforge-gpu-pipeline{block-tile=64,32 thread-tile=4,4 tile-k=8 promote=1 vectorize=1}",b64x32-t4x4-k8; grid=32x16x1 block=8x16x1 padded=1024x1024x1024; regs=56 smem=3072 blocks/SM=9 occ=0.75,,10,100,0.087104,0.085408,0.000736,GFLOP/s,24654.24834680382,2280,22.47% of FP32 peak at median clock,,err/bound=0.00485,model: pred_ms=0.0481 waves=1 resident=3 bound=smem fma_step=128 lds_step=256 latency_exposed=1
4632965,23.1.2,13.3,NVIDIA RTX PRO 6000 Blackwell Max-Q Workstation Edition,24105050,2026-09-27T03:47:58-07:00,mbr,1024x1024x1024,f32,"tforge-gpu-pipeline{block-tile=64,32 thread-tile=4,4 tile-k=16 promote=1 vectorize=1}",b64x32-t4x4-k16; grid=32x16x1 block=8x16x1 padded=1024x1024x1024; regs=58 smem=6144 blocks/SM=8 occ=0.667,,10,100,0.0728,0.071296,0.000942,GFLOP/s,29498.401758241755,2280,26.88% of FP32 peak at median clock,,err/bound=0.00485,model: pred_ms=0.0431 waves=1 resident=3 bound=smem fma_step=256 lds_step=512 latency_exposed=0
4632965,23.1.2,13.3,NVIDIA RTX PRO 6000 Blackwell Max-Q Workstation Edition,24105050,2026-09-27T03:47:58-07:00,mbr,1024x1024x1024,f32,"tforge-gpu-pipeline{block-tile=64,32 thread-tile=4,4 tile-k=32 promote=1 vectorize=1}",b64x32-t4x4-k32; grid=32x16x1 block=8x16x1 padded=1024x1024x1024; regs=70 smem=12288 blocks/SM=7 occ=0.583,,10,100,0.06856,0.066304,0.001143,GFLOP/s,31322.69031505251,2280,28.54% of FP32 peak at median clock,,err/bound=0.00485,model: pred_ms=0.0431 waves=1 resident=3 bound=smem fma_step=512 lds_step=1024 latency_exposed=0
4632965,23.1.2,13.3,NVIDIA RTX PRO 6000 Blackwell Max-Q Workstation Edition,24105050,2026-09-27T03:47:58-07:00,mbr,1024x1024x1024,f32,"tforge-gpu-pipeline{block-tile=64,32 thread-tile=8,4 tile-k=8 promote=1 vectorize=1}",b64x32-t8x4-k8; grid=32x16x1 block=8x8x1 padded=1024x1024x1024; regs=84 smem=3072 blocks/SM=10 occ=0.417,,10,100,0.093552,0.092832,0.001215,GFLOP/s,22954.973148623227,2280,20.92% of FP32 peak at median clock,,err/bound=0.00485,model: pred_ms=0.0445 waves=1 resident=3 bound=smem fma_step=128 lds_step=192 latency_exposed=1
4632965,23.1.2,13.3,NVIDIA RTX PRO 6000 Blackwell Max-Q Workstation Edition,24105050,2026-09-27T03:47:58-07:00,mbr,1024x1024x1024,f32,"tforge-gpu-pipeline{block-tile=64,32 thread-tile=8,4 tile-k=16 promote=1 vectorize=1}",b64x32-t8x4-k16; grid=32x16x1 block=8x8x1 padded=1024x1024x1024; regs=92 smem=6144 blocks/SM=10 occ=0.417,,10,100,0.079008,0.078432,0.001045,GFLOP/s,27180.58485216687,2272,24.86% of FP32 peak at median clock,,err/bound=0.00485,model: pred_ms=0.0323 waves=1 resident=3 bound=smem fma_step=256 lds_step=384 latency_exposed=0
4632965,23.1.2,13.3,NVIDIA RTX PRO 6000 Blackwell Max-Q Workstation Edition,24105050,2026-09-27T03:47:58-07:00,mbr,1024x1024x1024,f32,"tforge-gpu-pipeline{block-tile=64,32 thread-tile=8,4 tile-k=32 promote=1 vectorize=1}",b64x32-t8x4-k32; grid=32x16x1 block=8x8x1 padded=1024x1024x1024; regs=104 smem=12288 blocks/SM=7 occ=0.292,,10,100,0.07088,0.07024,0.001301,GFLOP/s,30297.455530474042,2280,27.61% of FP32 peak at median clock,,err/bound=0.00485,model: pred_ms=0.0323 waves=1 resident=3 bound=smem fma_step=512 lds_step=768 latency_exposed=0
4632965,23.1.2,13.3,NVIDIA RTX PRO 6000 Blackwell Max-Q Workstation Edition,24105050,2026-09-27T03:47:58-07:00,mbr,1024x1024x1024,f32,"tforge-gpu-pipeline{block-tile=64,32 thread-tile=4,8 tile-k=8 promote=1 vectorize=1}",b64x32-t4x8-k8; grid=32x16x1 block=4x16x1 padded=1024x1024x1024; regs=76 smem=3072 blocks/SM=12 occ=0.5,,10,100,0.101808,0.100352,0.001268,GFLOP/s,21093.466603803237,2280,19.22% of FP32 peak at median clock,,err/bound=0.00485,model: pred_ms=0.0445 waves=1 resident=3 bound=smem fma_step=128 lds_step=192 latency_exposed=1
4632965,23.1.2,13.3,NVIDIA RTX PRO 6000 Blackwell Max-Q Workstation Edition,24105050,2026-09-27T03:47:58-07:00,mbr,1024x1024x1024,f32,"tforge-gpu-pipeline{block-tile=64,32 thread-tile=4,8 tile-k=16 promote=1 vectorize=1}",b64x32-t4x8-k16; grid=32x16x1 block=4x16x1 padded=1024x1024x1024; regs=80 smem=6144 blocks/SM=12 occ=0.5,,10,100,0.08896,0.086784,0.001272,GFLOP/s,24139.879136690648,2280,22.00% of FP32 peak at median clock,,err/bound=0.00485,model: pred_ms=0.0323 waves=1 resident=3 bound=smem fma_step=256 lds_step=384 latency_exposed=0
4632965,23.1.2,13.3,NVIDIA RTX PRO 6000 Blackwell Max-Q Workstation Edition,24105050,2026-09-27T03:47:58-07:00,mbr,1024x1024x1024,f32,"tforge-gpu-pipeline{block-tile=64,32 thread-tile=4,8 tile-k=32 promote=1 vectorize=1}",b64x32-t4x8-k32; grid=32x16x1 block=4x16x1 padded=1024x1024x1024; regs=100 smem=12288 blocks/SM=7 occ=0.292,,10,100,0.082944,0.080736,0.001087,GFLOP/s,25890.76543209876,2280,23.59% of FP32 peak at median clock,,err/bound=0.00485,model: pred_ms=0.0323 waves=1 resident=3 bound=smem fma_step=512 lds_step=768 latency_exposed=0
4632965,23.1.2,13.3,NVIDIA RTX PRO 6000 Blackwell Max-Q Workstation Edition,24105050,2026-09-27T03:47:58-07:00,mbr,1024x1024x1024,f32,"tforge-gpu-pipeline{block-tile=64,32 thread-tile=8,8 tile-k=8 promote=1 vectorize=1}",b64x32-t8x8-k8; grid=32x16x1 block=4x8x1 padded=1024x1024x1024; regs=146 smem=3072 blocks/SM=12 occ=0.25,,10,100,0.104112,0.103296,0.001192,GFLOP/s,20626.667896111878,2280,18.80% of FP32 peak at median clock,,err/bound=0.00485,model: pred_ms=0.0409 waves=1 resident=3 bound=fma fma_step=128 lds_step=128 latency_exposed=1
4632965,23.1.2,13.3,NVIDIA RTX PRO 6000 Blackwell Max-Q Workstation Edition,24105050,2026-09-27T03:47:58-07:00,mbr,1024x1024x1024,f32,"tforge-gpu-pipeline{block-tile=64,32 thread-tile=8,8 tile-k=16 promote=1 vectorize=1}",b64x32-t8x8-k16; grid=32x16x1 block=4x8x1 padded=1024x1024x1024; regs=152 smem=6144 blocks/SM=12 occ=0.25,,10,100,0.086336,0.084864,0.001183,GFLOP/s,24873.559673832468,2280,22.67% of FP32 peak at median clock,,err/bound=0.00485,model: pred_ms=0.0240 waves=1 resident=3 bound=fma fma_step=256 lds_step=256 latency_exposed=1
4632965,23.1.2,13.3,NVIDIA RTX PRO 6000 Blackwell Max-Q Workstation Edition,24105050,2026-09-27T03:47:58-07:00,mbr,1024x1024x1024,f32,"tforge-gpu-pipeline{block-tile=64,32 thread-tile=8,8 tile-k=32 promote=1 vectorize=1}",b64x32-t8x8-k32; grid=32x16x1 block=4x8x1 padded=1024x1024x1024; regs=174 smem=12288 blocks/SM=7 occ=0.146,,10,100,0.07696,0.076512,0.000923,GFLOP/s,27903.89355509355,2280,25.43% of FP32 peak at median clock,,err/bound=0.00485,model: pred_ms=0.0216 waves=1 resident=3 bound=fma fma_step=512 lds_step=512 latency_exposed=0
4632965,23.1.2,13.3,NVIDIA RTX PRO 6000 Blackwell Max-Q Workstation Edition,24105050,2026-09-27T03:47:58-07:00,mbr,1024x1024x1024,f32,"tforge-gpu-pipeline{block-tile=64,64 thread-tile=4,4 tile-k=8 promote=1 vectorize=1}",b64x64-t4x4-k8; grid=16x16x1 block=16x16x1 padded=1024x1024x1024; regs=64 smem=4096 blocks/SM=4 occ=0.667,,10,100,0.091104,0.088864,0.001007,GFLOP/s,23571.782226905514,2280,21.48% of FP32 peak at median clock,,err/bound=0.00485,model: pred_ms=0.0624 waves=1 resident=2 bound=smem fma_step=256 lds_step=512 latency_exposed=1
4632965,23.1.2,13.3,NVIDIA RTX PRO 6000 Blackwell Max-Q Workstation Edition,24105050,2026-09-27T03:47:58-07:00,mbr,1024x1024x1024,f32,"tforge-gpu-pipeline{block-tile=64,64 thread-tile=4,4 tile-k=16 promote=1 vectorize=1}",b64x64-t4x4-k16; grid=16x16x1 block=16x16x1 padded=1024x1024x1024; regs=64 smem=8192 blocks/SM=4 occ=0.667,,10,100,0.076896,0.07648,0.00096,GFLOP/s,27927.117769454846,2280,25.45% of FP32 peak at median clock,,err/bound=0.00485,model: pred_ms=0.0575 waves=1 resident=2 bound=smem fma_step=512 lds_step=1024 latency_exposed=0
4632965,23.1.2,13.3,NVIDIA RTX PRO 6000 Blackwell Max-Q Workstation Edition,24105050,2026-09-27T03:47:58-07:00,mbr,1024x1024x1024,f32,"tforge-gpu-pipeline{block-tile=64,64 thread-tile=4,4 tile-k=32 promote=1 vectorize=1}",b64x64-t4x4-k32; grid=16x16x1 block=16x16x1 padded=1024x1024x1024; regs=74 smem=16384 blocks/SM=3 occ=0.5,,10,100,0.074528,0.072448,0.00116,GFLOP/s,28814.454272219835,2280,26.26% of FP32 peak at median clock,,err/bound=0.00485,model: pred_ms=0.0575 waves=1 resident=2 bound=smem fma_step=1024 lds_step=2048 latency_exposed=0
4632965,23.1.2,13.3,NVIDIA RTX PRO 6000 Blackwell Max-Q Workstation Edition,24105050,2026-09-27T03:47:58-07:00,mbr,1024x1024x1024,f32,"tforge-gpu-pipeline{block-tile=64,64 thread-tile=8,4 tile-k=8 promote=1 vectorize=1}",b64x64-t8x4-k8; grid=16x16x1 block=16x8x1 padded=1024x1024x1024; regs=82 smem=4096 blocks/SM=5 occ=0.417,,10,100,0.095648,0.094944,0.001121,GFLOP/s,22451.945132151217,2280,20.46% of FP32 peak at median clock,,err/bound=0.00485,model: pred_ms=0.0552 waves=1 resident=2 bound=smem fma_step=256 lds_step=384 latency_exposed=1
4632965,23.1.2,13.3,NVIDIA RTX PRO 6000 Blackwell Max-Q Workstation Edition,24105050,2026-09-27T03:47:58-07:00,mbr,1024x1024x1024,f32,"tforge-gpu-pipeline{block-tile=64,64 thread-tile=8,4 tile-k=16 promote=1 vectorize=1}",b64x64-t8x4-k16; grid=16x16x1 block=16x8x1 padded=1024x1024x1024; regs=88 smem=8192 blocks/SM=5 occ=0.417,,10,100,0.080864,0.079968,0.000727,GFLOP/s,26556.73288484369,2280,24.20% of FP32 peak at median clock,,err/bound=0.00485,model: pred_ms=0.0431 waves=1 resident=2 bound=smem fma_step=512 lds_step=768 latency_exposed=0
4632965,23.1.2,13.3,NVIDIA RTX PRO 6000 Blackwell Max-Q Workstation Edition,24105050,2026-09-27T03:47:58-07:00,mbr,1024x1024x1024,f32,"tforge-gpu-pipeline{block-tile=64,64 thread-tile=8,4 tile-k=32 promote=1 vectorize=1}",b64x64-t8x4-k32; grid=16x16x1 block=16x8x1 padded=1024x1024x1024; regs=94 smem=16384 blocks/SM=5 occ=0.417,,10,100,0.073472,0.072416,0.001164,GFLOP/s,29228.599303135892,2280,26.64% of FP32 peak at median clock,,err/bound=0.00485,model: pred_ms=0.0431 waves=1 resident=2 bound=smem fma_step=1024 lds_step=1536 latency_exposed=0
4632965,23.1.2,13.3,NVIDIA RTX PRO 6000 Blackwell Max-Q Workstation Edition,24105050,2026-09-27T03:47:58-07:00,mbr,1024x1024x1024,f32,"tforge-gpu-pipeline{block-tile=64,64 thread-tile=4,8 tile-k=8 promote=1 vectorize=1}",b64x64-t4x8-k8; grid=16x16x1 block=8x16x1 padded=1024x1024x1024; regs=76 smem=4096 blocks/SM=6 occ=0.5,,10,100,0.12832,0.12752,0.000547,GFLOP/s,16735.377556109728,2280,15.25% of FP32 peak at median clock,,err/bound=0.00485,model: pred_ms=0.0552 waves=1 resident=2 bound=smem fma_step=256 lds_step=384 latency_exposed=1
4632965,23.1.2,13.3,NVIDIA RTX PRO 6000 Blackwell Max-Q Workstation Edition,24105050,2026-09-27T03:47:58-07:00,mbr,1024x1024x1024,f32,"tforge-gpu-pipeline{block-tile=64,64 thread-tile=4,8 tile-k=16 promote=1 vectorize=1}",b64x64-t4x8-k16; grid=16x16x1 block=8x16x1 padded=1024x1024x1024; regs=80 smem=8192 blocks/SM=6 occ=0.5,,10,100,0.112928,0.109536,0.001419,GFLOP/s,19016.396712949845,2280,17.33% of FP32 peak at median clock,,err/bound=0.00485,model: pred_ms=0.0431 waves=1 resident=2 bound=smem fma_step=512 lds_step=768 latency_exposed=0
4632965,23.1.2,13.3,NVIDIA RTX PRO 6000 Blackwell Max-Q Workstation Edition,24105050,2026-09-27T03:47:58-07:00,mbr,1024x1024x1024,f32,"tforge-gpu-pipeline{block-tile=64,64 thread-tile=4,8 tile-k=32 promote=1 vectorize=1}",b64x64-t4x8-k32; grid=16x16x1 block=8x16x1 padded=1024x1024x1024; regs=96 smem=16384 blocks/SM=5 occ=0.417,,10,100,0.099344,0.097408,0.000789,GFLOP/s,21616.641649218876,2280,19.70% of FP32 peak at median clock,,err/bound=0.00485,model: pred_ms=0.0431 waves=1 resident=2 bound=smem fma_step=1024 lds_step=1536 latency_exposed=0
4632965,23.1.2,13.3,NVIDIA RTX PRO 6000 Blackwell Max-Q Workstation Edition,24105050,2026-09-27T03:47:58-07:00,mbr,1024x1024x1024,f32,"tforge-gpu-pipeline{block-tile=64,64 thread-tile=8,8 tile-k=8 promote=1 vectorize=1}",b64x64-t8x8-k8; grid=16x16x1 block=8x8x1 padded=1024x1024x1024; regs=146 smem=4096 blocks/SM=6 occ=0.25,,10,100,0.101728,0.10096,0.001239,GFLOP/s,21110.054734193145,2280,19.24% of FP32 peak at median clock,,err/bound=0.00485,model: pred_ms=0.0481 waves=1 resident=2 bound=fma fma_step=256 lds_step=256 latency_exposed=1
4632965,23.1.2,13.3,NVIDIA RTX PRO 6000 Blackwell Max-Q Workstation Edition,24105050,2026-09-27T03:47:58-07:00,mbr,1024x1024x1024,f32,"tforge-gpu-pipeline{block-tile=64,64 thread-tile=8,8 tile-k=16 promote=1 vectorize=1}",b64x64-t8x8-k16; grid=16x16x1 block=8x8x1 padded=1024x1024x1024; regs=150 smem=8192 blocks/SM=6 occ=0.25,,10,100,0.087136,0.086528,0.000645,GFLOP/s,24645.194271024604,2280,22.46% of FP32 peak at median clock,,err/bound=0.00485,model: pred_ms=0.0312 waves=1 resident=2 bound=fma fma_step=512 lds_step=512 latency_exposed=1
4632965,23.1.2,13.3,NVIDIA RTX PRO 6000 Blackwell Max-Q Workstation Edition,24105050,2026-09-27T03:47:58-07:00,mbr,1024x1024x1024,f32,"tforge-gpu-pipeline{block-tile=64,64 thread-tile=8,8 tile-k=32 promote=1 vectorize=1}",b64x64-t8x8-k32; grid=16x16x1 block=8x8x1 padded=1024x1024x1024; regs=158 smem=16384 blocks/SM=5 occ=0.208,,10,100,0.087424,0.08672,0.000973,GFLOP/s,24564.00585651537,2280,22.39% of FP32 peak at median clock,,err/bound=0.00485,model: pred_ms=0.0287 waves=1 resident=2 bound=fma fma_step=1024 lds_step=1024 latency_exposed=0
4632965,23.1.2,13.3,NVIDIA RTX PRO 6000 Blackwell Max-Q Workstation Edition,24105050,2026-09-27T03:47:58-07:00,mbr,1024x1024x1024,f32,"tforge-gpu-pipeline{block-tile=64,128 thread-tile=4,4 tile-k=8 promote=1 vectorize=1}",b64x128-t4x4-k8; grid=8x16x1 block=32x16x1 padded=1024x1024x1024; regs=63 smem=6144 blocks/SM=2 occ=0.667,,10,100,0.095632,0.094784,0.000941,GFLOP/s,22455.701522502928,2280,20.46% of FP32 peak at median clock,,err/bound=0.00485,model: pred_ms=0.0912 waves=1 resident=1 bound=smem fma_step=512 lds_step=1024 latency_exposed=1
4632965,23.1.2,13.3,NVIDIA RTX PRO 6000 Blackwell Max-Q Workstation Edition,24105050,2026-09-27T03:47:58-07:00,mbr,1024x1024x1024,f32,"tforge-gpu-pipeline{block-tile=64,128 thread-tile=4,4 tile-k=16 promote=1 vectorize=1}",b64x128-t4x4-k16; grid=8x16x1 block=32x16x1 padded=1024x1024x1024; regs=64 smem=12288 blocks/SM=2 occ=0.667,,10,100,0.078992,0.078496,0.000826,GFLOP/s,27186.0903382621,2280,24.78% of FP32 peak at median clock,,err/bound=0.00485,model: pred_ms=0.0743 waves=1 resident=1 bound=smem fma_step=1024 lds_step=2048 latency_exposed=1
4632965,23.1.2,13.3,NVIDIA RTX PRO 6000 Blackwell Max-Q Workstation Edition,24105050,2026-09-27T03:47:58-07:00,mbr,1024x1024x1024,f32,"tforge-gpu-pipeline{block-tile=64,128 thread-tile=4,4 tile-k=32 promote=1 vectorize=1}",b64x128-t4x4-k32; grid=8x16x1 block=32x16x1 padded=1024x1024x1024; regs=64 smem=24576 blocks/SM=2 occ=0.667,,10,100,0.072928,0.072448,0.000815,GFLOP/s,29446.627468187802,2280,26.84% of FP32 peak at median clock,,err/bound=0.00485,model: pred_ms=0.0659 waves=1 resident=1 bound=smem fma_step=2048 lds_step=4096 latency_exposed=1
4632965,23.1.2,13.3,NVIDIA RTX PRO 6000 Blackwell Max-Q Workstation Edition,24105050,2026-09-27T03:47:58-07:00,mbr,1024x1024x1024,f32,"tforge-gpu-pipeline{block-tile=64,128 thread-tile=8,4 tile-k=8 promote=1 vectorize=1}",b64x128-t8x4-k8; grid=8x16x1 block=32x8x1 padded=1024x1024x1024; regs=80 smem=6144 blocks/SM=3 occ=0.5,,10,100,0.093376,0.091136,0.000996,GFLOP/s,22998.239890335844,2280,20.96% of FP32 peak at median clock,,err/bound=0.00485,model: pred_ms=0.0768 waves=1 resident=1 bound=smem fma_step=512 lds_step=768 latency_exposed=1
4632965,23.1.2,13.3,NVIDIA RTX PRO 6000 Blackwell Max-Q Workstation Edition,24105050,2026-09-27T03:47:58-07:00,mbr,1024x1024x1024,f32,"tforge-gpu-pipeline{block-tile=64,128 thread-tile=8,4 tile-k=16 promote=1 vectorize=1}",b64x128-t8x4-k16; grid=8x16x1 block=32x8x1 padded=1024x1024x1024; regs=88 smem=12288 blocks/SM=2 occ=0.333,,10,100,0.072928,0.072352,0.000964,GFLOP/s,29446.627468187802,2280,26.84% of FP32 peak at median clock,,err/bound=0.00485,model: pred_ms=0.0600 waves=1 resident=1 bound=smem fma_step=1024 lds_step=1536 latency_exposed=1
4632965,23.1.2,13.3,NVIDIA RTX PRO 6000 Blackwell Max-Q Workstation Edition,24105050,2026-09-27T03:47:58-07:00,mbr,1024x1024x1024,f32,"tforge-gpu-pipeline{block-tile=64,128 thread-tile=8,4 tile-k=32 promote=1 vectorize=1}",b64x128-t8x4-k32; grid=8x16x1 block=32x8x1 padded=1024x1024x1024; regs=94 smem=24576 blocks/SM=2 occ=0.333,,10,100,0.068224,0.066368,0.001088,GFLOP/s,31476.9530956848,2280,28.69% of FP32 peak at median clock,,err/bound=0.00485,model: pred_ms=0.0515 waves=1 resident=1 bound=smem fma_step=2048 lds_step=3072 latency_exposed=1
4632965,23.1.2,13.3,NVIDIA RTX PRO 6000 Blackwell Max-Q Workstation Edition,24105050,2026-09-27T03:47:58-07:00,mbr,1024x1024x1024,f32,"tforge-gpu-pipeline{block-tile=64,128 thread-tile=4,8 tile-k=8 promote=1 vectorize=1}",b64x128-t4x8-k8; grid=8x16x1 block=16x16x1 padded=1024x1024x1024; regs=80 smem=6144 blocks/SM=3 occ=0.5,,10,100,0.119712,0.117632,0.001215,GFLOP/s,17938.75006682705,2272,16.41% of FP32 peak at median clock,,err/bound=0.00485,model: pred_ms=0.0768 waves=1 resident=1 bound=smem fma_step=512 lds_step=768 latency_exposed=1
4632965,23.1.2,13.3,NVIDIA RTX PRO 6000 Blackwell Max-Q Workstation Edition,24105050,2026-09-27T03:47:58-07:00,mbr,1024x1024x1024,f32,"tforge-gpu-pipeline{block-tile=64,128 thread-tile=4,8 tile-k=16 promote=1 vectorize=1}",b64x128-t4x8-k16; grid=8x16x1 block=16x16x1 padded=1024x1024x1024; regs=80 smem=12288 blocks/SM=3 occ=0.5,,10,100,0.103632,0.101696,0.00088,GFLOP/s,20722.205959549177,2280,18.88% of FP32 peak at median clock,,err/bound=0.00485,model: pred_ms=0.0600 waves=1 resident=1 bound=smem fma_step=1024 lds_step=1536 latency_exposed=1
4632965,23.1.2,13.3,NVIDIA RTX PRO 6000 Blackwell Max-Q Workstation Edition,24105050,2026-09-27T03:47:58-07:00,mbr,1024x1024x1024,f32,"tforge-gpu-pipeline{block-tile=64,128 thread-tile=4,8 tile-k=32 promote=1 vectorize=1}",b64x128-t4x8-k32; grid=8x16x1 block=16x16x1 padded=1024x1024x1024; regs=80 smem=24576 blocks/SM=3 occ=0.5,,10,100,0.097328,0.095168,0.000864,GFLOP/s,22064.397172447803,2280,20.11% of FP32 peak at median clock,,err/bound=0.00485,model: pred_ms=0.0515 waves=1 resident=1 bound=smem fma_step=2048 lds_step=3072 latency_exposed=1
4632965,23.1.2,13.3,NVIDIA RTX PRO 6000 Blackwell Max-Q Workstation Edition,24105050,2026-09-27T03:47:58-07:00,mbr,1024x1024x1024,f32,"tforge-gpu-pipeline{block-tile=64,128 thread-tile=8,8 tile-k=8 promote=1 vectorize=1}",b64x128-t8x8-k8; grid=8x16x1 block=16x8x1 padded=1024x1024x1024; regs=146 smem=6144 blocks/SM=3 occ=0.25,,10,100,0.099456,0.098496,0.000766,GFLOP/s,21592.298584298584,2280,19.68% of FP32 peak at median clock,,err/bound=0.00485,model: pred_ms=0.0624 waves=1 resident=1 bound=fma fma_step=512 lds_step=512 latency_exposed=1
4632965,23.1.2,13.3,NVIDIA RTX PRO 6000 Blackwell Max-Q Workstation Edition,24105050,2026-09-27T03:47:58-07:00,mbr,1024x1024x1024,f32,"tforge-gpu-pipeline{block-tile=64,128 thread-tile=8,8 tile-k=16 promote=1 vectorize=1}",b64x128-t8x8-k16; grid=8x16x1 block=16x8x1 padded=1024x1024x1024; regs=146 smem=12288 blocks/SM=3 occ=0.25,,10,100,0.085184,0.084736,0.000802,GFLOP/s,25209.941397445527,2280,22.97% of FP32 peak at median clock,,err/bound=0.00485,model: pred_ms=0.0456 waves=1 resident=1 bound=fma fma_step=1024 lds_step=1024 latency_exposed=1
4632965,23.1.2,13.3,NVIDIA RTX PRO 6000 Blackwell Max-Q Workstation Edition,24105050,2026-09-27T03:47:58-07:00,mbr,1024x1024x1024,f32,"tforge-gpu-pipeline{block-tile=64,128 thread-tile=8,8 tile-k=32 promote=1 vectorize=1}",b64x128-t8x8-k32; grid=8x16x1 block=16x8x1 padded=1024x1024x1024; regs=128 smem=24576 blocks/SM=4 occ=0.333,,10,100,0.089248,0.088608,0.000802,GFLOP/s,24061.980638221587,2280,21.93% of FP32 peak at median clock,,err/bound=0.00485,model: pred_ms=0.0372 waves=1 resident=1 bound=fma fma_step=2048 lds_step=2048 latency_exposed=1
4632965,23.1.2,13.3,NVIDIA RTX PRO 6000 Blackwell Max-Q Workstation Edition,24105050,2026-09-27T03:47:58-07:00,mbr,1024x1024x1024,f32,"tforge-gpu-pipeline{block-tile=128,32 thread-tile=4,4 tile-k=8 promote=1 vectorize=1}",b128x32-t4x4-k8; grid=32x8x1 block=8x32x1 padded=1024x1024x1024; regs=64 smem=5120 blocks/SM=4 occ=0.667,,10,100,0.101472,0.099744,0.000732,GFLOP/s,21163.31251970987,2280,19.29% of FP32 peak at median clock,,err/bound=0.00485,model: pred_ms=0.0624 waves=1 resident=2 bound=smem fma_step=256 lds_step=512 latency_exposed=1
4632965,23.1.2,13.3,NVIDIA RTX PRO 6000 Blackwell Max-Q Workstation Edition,24105050,2026-09-27T03:47:58-07:00,mbr,1024x1024x1024,f32,"tforge-gpu-pipeline{block-tile=128,32 thread-tile=4,4 tile-k=16 promote=1 vectorize=1}",b128x32-t4x4-k16; grid=32x8x1 block=8x32x1 padded=1024x1024x1024; regs=64 smem=10240 blocks/SM=4 occ=0.667,,10,100,0.09816,0.096896,0.001244,GFLOP/s,21877.38027709862,2280,19.94% of FP32 peak at median clock,,err/bound=0.00485,model: pred_ms=0.0575 waves=1 resident=2 bound=smem fma_step=512 lds_step=1024 latency_exposed=0
4632965,23.1.2,13.3,NVIDIA RTX PRO 6000 Blackwell Max-Q Workstation Edition,24105050,2026-09-27T03:47:58-07:00,mbr,1024x1024x1024,f32,"tforge-gpu-pipeline{block-tile=128,32 thread-tile=4,4 tile-k=32 promote=1 vectorize=1}",b128x32-t4x4-k32; grid=32x8x1 block=8x32x1 padded=1024x1024x1024; regs=64 smem=20480 blocks/SM=4 occ=0.667,,10,100,0.08944,0.088704,0.00073,GFLOP/s,24010.32701252236,2280,21.88% of FP32 peak at median clock,,err/bound=0.00485,model: pred_ms=0.0575 waves=1 resident=2 bound=smem fma_step=1024 lds_step=2048 latency_exposed=0
4632965,23.1.2,13.3,NVIDIA RTX PRO 6000 Blackwell Max-Q Workstation Edition,24105050,2026-09-27T03:47:58-07:00,mbr,1024x1024x1024,f32,"tforge-gpu-pipeline{block-tile=128,32 thread-tile=8,4 tile-k=8 promote=1 vectorize=1}",b128x32-t8x4-k8; grid=32x8x1 block=8x16x1 padded=1024x1024x1024; regs=88 smem=5120 blocks/SM=5 occ=0.417,,10,100,0.113696,0.111584,0.000837,GFLOP/s,18887.943709541232,2280,17.21% of FP32 peak at median clock,,err/bound=0.00485,model: pred_ms=0.0552 waves=1 resident=2 bound=smem fma_step=256 lds_step=384 latency_exposed=1
4632965,23.1.2,13.3,NVIDIA RTX PRO 6000 Blackwell Max-Q Workstation Edition,24105050,2026-09-27T03:47:58-07:00,mbr,1024x1024x1024,f32,"tforge-gpu-pipeline{block-tile=128,32 thread-tile=8,4 tile-k=16 promote=1 vectorize=1}",b128x32-t8x4-k16; grid=32x8x1 block=8x16x1 padded=1024x1024x1024; regs=88 smem=10240 blocks/SM=5 occ=0.417,,10,100,0.093184,0.09264,0.000672,GFLOP/s,23045.62637362637,2280,21.00% of FP32 peak at median clock,,err/bound=0.00485,model: pred_ms=0.0431 waves=1 resident=2 bound=smem fma_step=512 lds_step=768 latency_exposed=0
4632965,23.1.2,13.3,NVIDIA RTX PRO 6000 Blackwell Max-Q Workstation Edition,24105050,2026-09-27T03:47:58-07:00,mbr,1024x1024x1024,f32,"tforge-gpu-pipeline{block-tile=128,32 thread-tile=8,4 tile-k=32 promote=1 vectorize=1}",b128x32-t8x4-k32; grid=32x8x1 block=8x16x1 padded=1024x1024x1024; regs=104 smem=20480 blocks/SM=4 occ=0.333,,10,100,0.074752,0.07232,0.001901,GFLOP/s,28728.109589041094,2280,26.18% of FP32 peak at median clock,,err/bound=0.00485,model: pred_ms=0.0431 waves=1 resident=2 bound=smem fma_step=1024 lds_step=1536 latency_exposed=0
4632965,23.1.2,13.3,NVIDIA RTX PRO 6000 Blackwell Max-Q Workstation Edition,24105050,2026-09-27T03:47:58-07:00,mbr,1024x1024x1024,f32,"tforge-gpu-pipeline{block-tile=128,32 thread-tile=4,8 tile-k=8 promote=1 vectorize=1}",b128x32-t4x8-k8; grid=32x8x1 block=4x32x1 padded=1024x1024x1024; regs=76 smem=5120 blocks/SM=6 occ=0.5,,10,100,0.124224,0.121856,0.001093,GFLOP/s,17287.18804739825,2280,15.75% of FP32 peak at median clock,,err/bound=0.00485,model: pred_ms=0.0552 waves=1 resident=2 bound=smem fma_step=256 lds_step=384 latency_exposed=1
4632965,23.1.2,13.3,NVIDIA RTX PRO 6000 Blackwell Max-Q Workstation Edition,24105050,2026-09-27T03:47:58-07:00,mbr,1024x1024x1024,f32,"tforge-gpu-pipeline{block-tile=128,32 thread-tile=4,8 tile-k=16 promote=1 vectorize=1}",b128x32-t4x8-k16; grid=32x8x1 block=4x32x1 padded=1024x1024x1024; regs=80 smem=10240 blocks/SM=6 occ=0.5,,10,100,0.112816,0.109632,0.001219,GFLOP/s,19035.275563749823,2272,17.41% of FP32 peak at median clock,,err/bound=0.00485,model: pred_ms=0.0431 waves=1 resident=2 bound=smem fma_step=512 lds_step=768 latency_exposed=0
4632965,23.1.2,13.3,NVIDIA RTX PRO 6000 Blackwell Max-Q Workstation Edition,24105050,2026-09-27T03:47:58-07:00,mbr,1024x1024x1024,f32,"tforge-gpu-pipeline{block-tile=128,32 thread-tile=4,8 tile-k=32 promote=1 vectorize=1}",b128x32-t4x8-k32; grid=32x8x1 block=4x32x1 padded=1024x1024x1024; regs=99 smem=20480 blocks/SM=4 occ=0.333,,10,100,0.089568,0.0888,0.001046,GFLOP/s,23976.01429081815,2280,21.85% of FP32 peak at median clock,,err/bound=0.00485,model: pred_ms=0.0431 waves=1 resident=2 bound=smem fma_step=1024 lds_step=1536 latency_exposed=0
4632965,23.1.2,13.3,NVIDIA RTX PRO 6000 Blackwell Max-Q Workstation Edition,24105050,2026-09-27T03:47:58-07:00,mbr,1024x1024x1024,f32,"tforge-gpu-pipeline{block-tile=128,32 thread-tile=8,8 tile-k=8 promote=1 vectorize=1}",b128x32-t8x8-k8; grid=32x8x1 block=4x16x1 padded=1024x1024x1024; regs=128 smem=5120 blocks/SM=8 occ=0.333,,10,100,0.115616,0.113408,0.001506,GFLOP/s,18574.277331857185,2280,16.93% of FP32 peak at median clock,,err/bound=0.00485,model: pred_ms=0.0481 waves=1 resident=2 bound=fma fma_step=256 lds_step=256 latency_exposed=1
4632965,23.1.2,13.3,NVIDIA RTX PRO 6000 Blackwell Max-Q Workstation Edition,24105050,2026-09-27T03:47:58-07:00,mbr,1024x1024x1024,f32,"tforge-gpu-pipeline{block-tile=128,32 thread-tile=8,8 tile-k=16 promote=1 vectorize=1}",b128x32-t8x8-k16; grid=32x8x1 block=4x16x1 padded=1024x1024x1024; regs=146 smem=10240 blocks/SM=6 occ=0.25,,10,100,0.101312,0.099936,0.001168,GFLOP/s,21196.73531269741,2280,19.32% of FP32 peak at median clock,,err/bound=0.00485,model: pred_ms=0.0312 waves=1 resident=2 bound=fma fma_step=512 lds_step=512 latency_exposed=1
4632965,23.1.2,13.3,NVIDIA RTX PRO 6000 Blackwell Max-Q Workstation Edition,24105050,2026-09-27T03:47:58-07:00,mbr,1024x1024x1024,f32,"tforge-gpu-pipeline{block-tile=128,32 thread-tile=8,8 tile-k=32 promote=1 vectorize=1}",b128x32-t8x8-k32; grid=32x8x1 block=4x16x1 padded=1024x1024x1024; regs=158 smem=20480 blocks/SM=4 occ=0.167,,10,100,0.091168,0.089312,0.000771,GFLOP/s,23555.234819234818,2280,21.47% of FP32 peak at median clock,,err/bound=0.00485,model: pred_ms=0.0287 waves=1 resident=2 bound=fma fma_step=1024 lds_step=1024 latency_exposed=0
4632965,23.1.2,13.3,NVIDIA RTX PRO 6000 Blackwell Max-Q Workstation Edition,24105050,2026-09-27T03:47:58-07:00,mbr,1024x1024x1024,f32,"tforge-gpu-pipeline{block-tile=128,64 thread-tile=4,4 tile-k=8 promote=1 vectorize=1}",b128x64-t4x4-k8; grid=16x8x1 block=16x32x1 padded=1024x1024x1024; regs=64 smem=6144 blocks/SM=2 occ=0.667,,10,100,0.10344,0.10128,0.000968,GFLOP/s,20760.669450889403,2280,18.92% of FP32 peak at median clock,,err/bound=0.00485,model: pred_ms=0.0912 waves=1 resident=1 bound=smem fma_step=512 lds_step=1024 latency_exposed=1
4632965,23.1.2,13.3,NVIDIA RTX PRO 6000 Blackwell Max-Q Workstation Edition,24105050,2026-09-27T03:47:58-07:00,mbr,1024x1024x1024,f32,"tforge-gpu-pipeline{block-tile=128,64 thread-tile=4,4 tile-k=16 promote=1 vectorize=1}",b128x64-t4x4-k16; grid=16x8x1 block=16x32x1 padded=1024x1024x1024; regs=64 smem=12288 blocks/SM=2 occ=0.667,,10,100,0.081136,0.079584,0.000821,GFLOP/s,26467.704200354958,2280,24.12% of FP32 peak at median clock,,err/bound=0.00485,model: pred_ms=0.0743 waves=1 resident=1 bound=smem fma_step=1024 lds_step=2048 latency_exposed=1
4632965,23.1.2,13.3,NVIDIA RTX PRO 6000 Blackwell Max-Q Workstation Edition,24105050,2026-09-27T03:47:58-07:00,mbr,1024x1024x1024,f32,"tforge-gpu-pipeline{block-tile=128,64 thread-tile=4,4 tile-k=32 promote=1 vectorize=1}",b128x64-t4x4-k32; grid=16x8x1 block=16x32x1 padded=1024x1024x1024; regs=64 smem=24576 blocks/SM=2 occ=0.667,,10,100,0.073024,0.072224,0.000856,GFLOP/s,29407.91586327782,2280,26.80% of FP32 peak at median clock,,err/bound=0.00485,model: pred_ms=0.0659 waves=1 resident=1 bound=smem fma_step=2048 lds_step=4096 latency_exposed=1
4632965,23.1.2,13.3,NVIDIA RTX PRO 6000 Blackwell Max-Q Workstation Edition,24105050,2026-09-27T03:47:58-07:00,mbr,1024x1024x1024,f32,"tforge-gpu-pipeline{block-tile=128,64 thread-tile=8,4 tile-k=8 promote=1 vectorize=1}",b128x64-t8x4-k8; grid=16x8x1 block=16x16x1 padded=1024x1024x1024; regs=88 smem=6144 blocks/SM=2 occ=0.333,,10,100,0.093408,0.091232,0.00141,GFLOP/s,22990.36108256252,2280,20.95% of FP32 peak at median clock,,err/bound=0.00485,model: pred_ms=0.0768 waves=1 resident=1 bound=smem fma_step=512 lds_step=768 latency_exposed=1
4632965,23.1.2,13.3,NVIDIA RTX PRO 6000 Blackwell Max-Q Workstation Edition,24105050,2026-09-27T03:47:58-07:00,mbr,1024x1024x1024,f32,"tforge-gpu-pipeline{block-tile=128,64 thread-tile=8,4 tile-k=16 promote=1 vectorize=1}",b128x64-t8x4-k16; grid=16x8x1 block=16x16x1 padded=1024x1024x1024; regs=88 smem=12288 blocks/SM=2 occ=0.333,,10,100,0.074896,0.074176,0.000836,GFLOP/s,28672.875026703692,2280,26.13% of FP32 peak at median clock,,err/bound=0.00485,model: pred_ms=0.0600 waves=1 resident=1 bound=smem fma_step=1024 lds_step=1536 latency_exposed=1
4632965,23.1.2,13.3,NVIDIA RTX PRO 6000 Blackwell Max-Q Workstation Edition,24105050,2026-09-27T03:47:58-07:00,mbr,1024x1024x1024,f32,"tforge-gpu-pipeline{block-tile=128,64 thread-tile=8,4 tile-k=32 promote=1 vectorize=1}",b128x64-t8x4-k32; grid=16x8x1 block=16x16x1 padded=1024x1024x1024; regs=94 smem=24576 blocks/SM=2 occ=0.333,,10,100,0.068672,0.067712,0.001037,GFLOP/s,31271.60484622554,2280,28.50% of FP32 peak at median clock,,err/bound=0.00485,model: pred_ms=0.0515 waves=1 resident=1 bound=smem fma_step=2048 lds_step=3072 latency_exposed=1
4632965,23.1.2,13.3,NVIDIA RTX PRO 6000 Blackwell Max-Q Workstation Edition,24105050,2026-09-27T03:47:58-07:00,mbr,1024x1024x1024,f32,"tforge-gpu-pipeline{block-tile=128,64 thread-tile=4,8 tile-k=8 promote=1 vectorize=1}",b128x64-t4x8-k8; grid=16x8x1 block=8x32x1 padded=1024x1024x1024; regs=80 smem=6144 blocks/SM=3 occ=0.5,,10,100,0.127168,0.1256,0.001233,GFLOP/s,16886.98137896326,2280,15.39% of FP32 peak at median clock,,err/bound=0.00485,model: pred_ms=0.0768 waves=1 resident=1 bound=smem fma_step=512 lds_step=768 latency_exposed=1
4632965,23.1.2,13.3,NVIDIA RTX PRO 6000 Blackwell Max-Q Workstation Edition,24105050,2026-09-27T03:47:58-07:00,mbr,1024x1024x1024,f32,"tforge-gpu-pipeline{block-tile=128,64 thread-tile=4,8 tile-k=16 promote=1 vectorize=1}",b128x64-t4x8-k16; grid=16x8x1 block=8x32x1 padded=1024x1024x1024; regs=80 smem=12288 blocks/SM=3 occ=0.5,,10,100,0.111504,0.109536,0.001216,GFLOP/s,19259.252116515996,2280,17.55% of FP32 peak at median clock,,err/bound=0.00485,model: pred_ms=0.0600 waves=1 resident=1 bound=smem fma_step=1024 lds_step=1536 latency_exposed=1
4632965,23.1.2,13.3,NVIDIA RTX PRO 6000 Blackwell Max-Q Workstation Edition,24105050,2026-09-27T03:47:58-07:00,mbr,1024x1024x1024,f32,"tforge-gpu-pipeline{block-tile=128,64 thread-tile=4,8 tile-k=32 promote=1 vectorize=1}",b128x64-t4x8-k32; grid=16x8x1 block=8x32x1 padded=1024x1024x1024; regs=80 smem=24576 blocks/SM=3 occ=0.5,,10,100,0.103488,0.102432,0.000696,GFLOP/s,20751.04019789734,2280,18.91% of FP32 peak at median clock,,err/bound=0.00485,model: pred_ms=0.0515 waves=1 resident=1 bound=smem fma_step=2048 lds_step=3072 latency_exposed=1
4632965,23.1.2,13.3,NVIDIA RTX PRO 6000 Blackwell Max-Q Workstation Edition,24105050,2026-09-27T03:47:58-07:00,mbr,1024x1024x1024,f32,"tforge-gpu-pipeline{block-tile=128,64 thread-tile=8,8 tile-k=8 promote=1 vectorize=1}",b128x64-t8x8-k8; grid=16x8x1 block=8x16x1 padded=1024x1024x1024; regs=128 smem=6144 blocks/SM=4 occ=0.333,,10,100,0.105568,0.105088,0.00066,GFLOP/s,20342.183692027887,2280,18.54% of FP32 peak at median clock,,err/bound=0.00485,model: pred_ms=0.0624 waves=1 resident=1 bound=fma fma_step=512 lds_step=512 latency_exposed=1
4632965,23.1.2,13.3,NVIDIA RTX PRO 6000 Blackwell Max-Q Workstation Edition,24105050,2026-09-27T03:47:58-07:00,mbr,1024x1024x1024,f32,"tforge-gpu-pipeline{block-tile=128,64 thread-tile=8,8 tile-k=16 promote=1 vectorize=1}",b128x64-t8x8-k16; grid=16x8x1 block=8x16x1 padded=1024x1024x1024; regs=150 smem=12288 blocks/SM=3 occ=0.25,,10,100,0.09296,0.09104,0.001173,GFLOP/s,23101.15800344234,2280,21.05% of FP32 peak at median clock,,err/bound=0.00485,model: pred_ms=0.0456 waves=1 resident=1 bound=fma fma_step=1024 lds_step=1024 latency_exposed=1
4632965,23.1.2,13.3,NVIDIA RTX PRO 6000 Blackwell Max-Q Workstation Edition,24105050,2026-09-27T03:47:58-07:00,mbr,1024x1024x1024,f32,"tforge-gpu-pipeline{block-tile=128,64 thread-tile=8,8 tile-k=32 promote=1 vectorize=1}",b128x64-t8x8-k32; grid=16x8x1 block=8x16x1 padded=1024x1024x1024; regs=128 smem=24576 blocks/SM=4 occ=0.333,,10,100,0.095264,0.094752,0.000685,GFLOP/s,22542.446758481692,2280,20.54% of FP32 peak at median clock,,err/bound=0.00485,model: pred_ms=0.0372 waves=1 resident=1 bound=fma fma_step=2048 lds_step=2048 latency_exposed=1
4632965,23.1.2,13.3,NVIDIA RTX PRO 6000 Blackwell Max-Q Workstation Edition,24105050,2026-09-27T03:47:58-07:00,mbr,1024x1024x1024,f32,"tforge-gpu-pipeline{block-tile=128,128 thread-tile=4,4 tile-k=8 promote=1 vectorize=1}",b128x128-t4x4-k8; grid=8x8x1 block=32x32x1 padded=1024x1024x1024; regs=64 smem=8192 blocks/SM=1 occ=0.667,,10,100,0.152736,0.151584,0.00115,GFLOP/s,14060.101403729308,2280,12.81% of FP32 peak at median clock,,err/bound=0.00485,model: pred_ms=0.1487 waves=1 resident=1 bound=smem fma_step=1024 lds_step=2048 latency_exposed=1
4632965,23.1.2,13.3,NVIDIA RTX PRO 6000 Blackwell Max-Q Workstation Edition,24105050,2026-09-27T03:47:58-07:00,mbr,1024x1024x1024,f32,"tforge-gpu-pipeline{block-tile=128,128 thread-tile=4,4 tile-k=16 promote=1 vectorize=1}",b128x128-t4x4-k16; grid=8x8x1 block=32x32x1 padded=1024x1024x1024; regs=64 smem=16384 blocks/SM=1 occ=0.667,,10,100,0.133728,0.131872,0.001226,GFLOP/s,16058.593921990907,2280,14.63% of FP32 peak at median clock,,err/bound=0.00485,model: pred_ms=0.1318 waves=1 resident=1 bound=smem fma_step=2048 lds_step=4096 latency_exposed=1
4632965,23.1.2,13.3,NVIDIA RTX PRO 6000 Blackwell Max-Q Workstation Edition,24105050,2026-09-27T03:47:58-07:00,mbr,1024x1024x1024,f32,"tforge-gpu-pipeline{block-tile=128,128 thread-tile=4,4 tile-k=32 promote=1 vectorize=1}",b128x128-t4x4-k32; grid=8x8x1 block=32x32x1 padded=1024x1024x1024; regs=64 smem=32768 blocks/SM=1 occ=0.667,,10,100,0.126208,0.125568,0.000905,GFLOP/s,17015.43204868154,2280,15.51% of FP32 peak at median clock,,err/bound=0.00485,model: pred_ms=0.1234 waves=1 resident=1 bound=smem fma_step=4096 lds_step=8192 latency_exposed=1
4632965,23.1.2,13.3,NVIDIA RTX PRO 6000 Blackwell Max-Q Workstation Edition,24105050,2026-09-27T03:47:58-07:00,mbr,1024x1024x1024,f32,"tforge-gpu-pipeline{block-tile=128,128 thread-tile=8,4 tile-k=8 promote=1 vectorize=1}",b128x128-t8x4-k8; grid=8x8x1 block=32x16x1 padded=1024x1024x1024; regs=92 smem=8192 blocks/SM=1 occ=0.333,,10,100,0.14448,0.142656,0.001387,GFLOP/s,14863.535769656699,2280,13.55% of FP32 peak at median clock,,err/bound=0.00485,model: pred_ms=0.1199 waves=1 resident=1 bound=smem fma_step=1024 lds_step=1536 latency_exposed=1
4632965,23.1.2,13.3,NVIDIA RTX PRO 6000 Blackwell Max-Q Workstation Edition,24105050,2026-09-27T03:47:58-07:00,mbr,1024x1024x1024,f32,"tforge-gpu-pipeline{block-tile=128,128 thread-tile=8,4 tile-k=16 promote=1 vectorize=1}",b128x128-t8x4-k16; grid=8x8x1 block=32x16x1 padded=1024x1024x1024; regs=92 smem=16384 blocks/SM=1 occ=0.333,,10,100,0.116064,0.115008,0.001144,GFLOP/s,18502.581748001103,2280,16.86% of FP32 peak at median clock,,err/bound=0.00485,model: pred_ms=0.1031 waves=1 resident=1 bound=smem fma_step=2048 lds_step=3072 latency_exposed=1
4632965,23.1.2,13.3,NVIDIA RTX PRO 6000 Blackwell Max-Q Workstation Edition,24105050,2026-09-27T03:47:58-07:00,mbr,1024x1024x1024,f32,"tforge-gpu-pipeline{block-tile=128,128 thread-tile=8,4 tile-k=32 promote=1 vectorize=1}",b128x128-t8x4-k32; grid=8x8x1 block=32x16x1 padded=1024x1024x1024; regs=92 smem=32768 blocks/SM=1 occ=0.333,,10,100,0.109728,0.108992,0.000966,GFLOP/s,19570.972295129774,2280,17.84% of FP32 peak at median clock,,err/bound=0.00485,model: pred_ms=0.0947 waves=1 resident=1 bound=smem fma_step=4096 lds_step=6144 latency_exposed=1
4632965,23.1.2,13.3,NVIDIA RTX PRO 6000 Blackwell Max-Q Workstation Edition,24105050,2026-09-27T03:47:58-07:00,mbr,1024x1024x1024,f32,"tforge-gpu-pipeline{block-tile=128,128 thread-tile=4,8 tile-k=8 promote=1 vectorize=1}",b128x128-t4x8-k8; grid=8x8x1 block=16x32x1 padded=1024x1024x1024; regs=84 smem=8192 blocks/SM=1 occ=0.333,,10,100,0.193408,0.191136,0.001335,GFLOP/s,11103.385837193911,2280,10.12% of FP32 peak at median clock,,err/bound=0.00485,model: pred_ms=0.1199 waves=1 resident=1 bound=smem fma_step=1024 lds_step=1536 latency_exposed=1
4632965,23.1.2,13.3,NVIDIA RTX PRO 6000 Blackwell Max-Q Workstation Edition,24105050,2026-09-27T03:47:58-07:00,mbr,1024x1024x1024,f32,"tforge-gpu-pipeline{block-tile=128,128 thread-tile=4,8 tile-k=16 promote=1 vectorize=1}",b128x128-t4x8-k16; grid=8x8x1 block=16x32x1 padded=1024x1024x1024; regs=88 smem=16384 blocks/SM=1 occ=0.333,,10,100,0.173472,0.171488,0.001282,GFLOP/s,12379.425198302897,2280,11.28% of FP32 peak at median clock,,err/bound=0.00485,model: pred_ms=0.1031 waves=1 resident=1 bound=smem fma_step=2048 lds_step=3072 latency_exposed=1
4632965,23.1.2,13.3,NVIDIA RTX PRO 6000 Blackwell Max-Q Workstation Edition,24105050,2026-09-27T03:47:58-07:00,mbr,1024x1024x1024,f32,"tforge-gpu-pipeline{block-tile=128,128 thread-tile=4,8 tile-k=32 promote=1 vectorize=1}",b128x128-t4x8-k32; grid=8x8x1 block=16x32x1 padded=1024x1024x1024; regs=88 smem=32768 blocks/SM=1 occ=0.333,,10,100,0.167168,0.16448,0.001276,GFLOP/s,12846.260336906584,2280,11.71% of FP32 peak at median clock,,err/bound=0.00485,model: pred_ms=0.0947 waves=1 resident=1 bound=smem fma_step=4096 lds_step=6144 latency_exposed=1
4632965,23.1.2,13.3,NVIDIA RTX PRO 6000 Blackwell Max-Q Workstation Edition,24105050,2026-09-27T03:47:58-07:00,mbr,1024x1024x1024,f32,"tforge-gpu-pipeline{block-tile=128,128 thread-tile=8,8 tile-k=8 promote=1 vectorize=1}",b128x128-t8x8-k8; grid=8x8x1 block=16x16x1 padded=1024x1024x1024; regs=126 smem=8192 blocks/SM=2 occ=0.333,,10,100,0.158656,0.156256,0.001274,GFLOP/s,13535.470754336426,2280,12.34% of FP32 peak at median clock,,err/bound=0.00485,model: pred_ms=0.0912 waves=1 resident=1 bound=fma fma_step=1024 lds_step=1024 latency_exposed=1
4632965,23.1.2,13.3,NVIDIA RTX PRO 6000 Blackwell Max-Q Workstation Edition,24105050,2026-09-27T03:47:58-07:00,mbr,1024x1024x1024,f32,"tforge-gpu-pipeline{block-tile=128,128 thread-tile=8,8 tile-k=16 promote=1 vectorize=1}",b128x128-t8x8-k16; grid=8x8x1 block=16x16x1 padded=1024x1024x1024; regs=128 smem=16384 blocks/SM=2 occ=0.333,,10,100,0.134656,0.133792,0.001175,GFLOP/s,15947.923954372623,2280,14.53% of FP32 peak at median clock,,err/bound=0.00485,model: pred_ms=0.0743 waves=1 resident=1 bound=fma fma_step=2048 lds_step=2048 latency_exposed=1
4632965,23.1.2,13.3,NVIDIA RTX PRO 6000 Blackwell Max-Q Workstation Edition,24105050,2026-09-27T03:47:58-07:00,mbr,1024x1024x1024,f32,"tforge-gpu-pipeline{block-tile=128,128 thread-tile=8,8 tile-k=32 promote=1 vectorize=1}",b128x128-t8x8-k32; grid=8x8x1 block=16x16x1 padded=1024x1024x1024; regs=150 smem=32768 blocks/SM=1 occ=0.167,,10,100,0.124304,0.123488,0.001224,GFLOP/s,17276.062298880166,2280,15.74% of FP32 peak at median clock,,err/bound=0.00485,model: pred_ms=0.0659 waves=1 resident=1 bound=fma fma_step=4096 lds_step=4096 latency_exposed=1
4632965,23.1.2,13.3,NVIDIA RTX PRO 6000 Blackwell Max-Q Workstation Edition,24105050,2026-09-27T03:47:58-07:00,mbr,2048x2048x2048,f32,"tforge-gpu-pipeline{block-tile=32,32 thread-tile=4,4 tile-k=8 promote=1 vectorize=1}",b32x32-t4x4-k8; grid=64x64x1 block=8x8x1 padded=2048x2048x2048; regs=64 smem=2048 blocks/SM=16 occ=0.667,,10,100,0.617616,0.614336,0.00155,GFLOP/s,27816.425066708114,2272,25.44% of FP32 peak at median clock,,err/bound=0.00232,model: pred_ms=0.4599 waves=2 resident=16 bound=smem fma_step=64 lds_step=128 latency_exposed=0
4632965,23.1.2,13.3,NVIDIA RTX PRO 6000 Blackwell Max-Q Workstation Edition,24105050,2026-09-27T03:47:58-07:00,mbr,2048x2048x2048,f32,"tforge-gpu-pipeline{block-tile=32,32 thread-tile=4,4 tile-k=16 promote=1 vectorize=1}",b32x32-t4x4-k16; grid=64x64x1 block=8x8x1 padded=2048x2048x2048; regs=70 smem=4096 blocks/SM=14 occ=0.583,,10,100,0.581312,0.577184,0.001521,GFLOP/s,29553.61180226797,2280,26.93% of FP32 peak at median clock,,err/bound=0.00232,model: pred_ms=0.4024 waves=2 resident=14 bound=smem fma_step=128 lds_step=256 latency_exposed=0
4632965,23.1.2,13.3,NVIDIA RTX PRO 6000 Blackwell Max-Q Workstation Edition,24105050,2026-09-27T03:47:58-07:00,mbr,2048x2048x2048,f32,"tforge-gpu-pipeline{block-tile=32,32 thread-tile=4,4 tile-k=32 promote=1 vectorize=1}",b32x32-t4x4-k32; grid=64x64x1 block=8x8x1 padded=2048x2048x2048; regs=80 smem=8192 blocks/SM=11 occ=0.458,,10,100,0.56304,0.559104,0.00173,GFLOP/s,30512.697470872405,2280,27.81% of FP32 peak at median clock,,err/bound=0.00232,model: pred_ms=0.3162 waves=2 resident=11 bound=smem fma_step=256 lds_step=512 latency_exposed=0
4632965,23.1.2,13.3,NVIDIA RTX PRO 6000 Blackwell Max-Q Workstation Edition,24105050,2026-09-27T03:47:58-07:00,mbr,2048x2048x2048,f32,"tforge-gpu-pipeline{block-tile=32,32 thread-tile=8,4 tile-k=8 promote=1 vectorize=1}",b32x32-t8x4-k8; grid=64x64x1 block=8x4x1 padded=2048x2048x2048; regs=88 smem=2048 blocks/SM=20 occ=0.417,,10,100,0.62,0.61744,0.001917,GFLOP/s,27709.466425806455,2280,25.25% of FP32 peak at median clock,,err/bound=0.00232,model: pred_ms=0.4312 waves=2 resident=20 bound=smem fma_step=64 lds_step=96 latency_exposed=0
4632965,23.1.2,13.3,NVIDIA RTX PRO 6000 Blackwell Max-Q Workstation Edition,24105050,2026-09-27T03:47:58-07:00,mbr,2048x2048x2048,f32,"tforge-gpu-pipeline{block-tile=32,32 thread-tile=8,4 tile-k=16 promote=1 vectorize=1}",b32x32-t8x4-k16; grid=64x64x1 block=8x4x1 padded=2048x2048x2048; regs=94 smem=4096 blocks/SM=20 occ=0.417,,10,100,0.54424,0.538976,0.001808,GFLOP/s,31566.715390269,2280,28.77% of FP32 peak at median clock,,err/bound=0.00232,model: pred_ms=0.4312 waves=2 resident=20 bound=smem fma_step=128 lds_step=192 latency_exposed=0
4632965,23.1.2,13.3,NVIDIA RTX PRO 6000 Blackwell Max-Q Workstation Edition,24105050,2026-09-27T03:47:58-07:00,mbr,2048x2048x2048,f32,"tforge-gpu-pipeline{block-tile=32,32 thread-tile=8,4 tile-k=32 promote=1 vectorize=1}",b32x32-t8x4-k32; grid=64x64x1 block=8x4x1 padded=2048x2048x2048; regs=110 smem=8192 blocks/SM=11 occ=0.229,,10,100,0.49064,0.485216,0.001587,GFLOP/s,35015.22334909506,2272,32.02% of FP32 peak at median clock,,err/bound=0.00232,model: pred_ms=0.2371 waves=2 resident=11 bound=smem fma_step=256 lds_step=384 latency_exposed=0
4632965,23.1.2,13.3,NVIDIA RTX PRO 6000 Blackwell Max-Q Workstation Edition,24105050,2026-09-27T03:47:58-07:00,mbr,2048x2048x2048,f32,"tforge-gpu-pipeline{block-tile=32,32 thread-tile=4,8 tile-k=8 promote=1 vectorize=1}",b32x32-t4x8-k8; grid=64x64x1 block=4x8x1 padded=2048x2048x2048; regs=90 smem=2048 blocks/SM=20 occ=0.417,,10,100,0.671792,0.664128,0.003106,GFLOP/s,25573.197037178175,2280,23.31% of FP32 peak at median clock,,err/bound=0.00232,model: pred_ms=0.4312 waves=2 resident=20 bound=smem fma_step=64 lds_step=96 latency_exposed=0
4632965,23.1.2,13.3,NVIDIA RTX PRO 6000 Blackwell Max-Q Workstation Edition,24105050,2026-09-27T03:47:58-07:00,mbr,2048x2048x2048,f32,"tforge-gpu-pipeline{block-tile=32,32 thread-tile=4,8 tile-k=16 promote=1 vectorize=1}",b32x32-t4x8-k16; grid=64x64x1 block=4x8x1 padded=2048x2048x2048; regs=96 smem=4096 blocks/SM=20 occ=0.417,,10,100,0.611504,0.60704,0.001922,GFLOP/s,28094.45103220911,2280,25.60% of FP32 peak at median clock,,err/bound=0.00232,model: pred_ms=0.4312 waves=2 resident=20 bound=smem fma_step=128 lds_step=192 latency_exposed=0
4632965,23.1.2,13.3,NVIDIA RTX PRO 6000 Blackwell Max-Q Workstation Edition,24105050,2026-09-27T03:47:58-07:00,mbr,2048x2048x2048,f32,"tforge-gpu-pipeline{block-tile=32,32 thread-tile=4,8 tile-k=32 promote=1 vectorize=1}",b32x32-t4x8-k32; grid=64x64x1 block=4x8x1 padded=2048x2048x2048; regs=110 smem=8192 blocks/SM=11 occ=0.229,,10,100,0.552528,0.547424,0.001445,GFLOP/s,31093.21008890047,2272,28.44% of FP32 peak at median clock,,err/bound=0.00232,model: pred_ms=0.2371 waves=2 resident=11 bound=smem fma_step=256 lds_step=384 latency_exposed=0
4632965,23.1.2,13.3,NVIDIA RTX PRO 6000 Blackwell Max-Q Workstation Edition,24105050,2026-09-27T03:47:58-07:00,mbr,2048x2048x2048,f32,"tforge-gpu-pipeline{block-tile=32,64 thread-tile=4,4 tile-k=8 promote=1 vectorize=1}",b32x64-t4x4-k8; grid=32x64x1 block=16x8x1 padded=2048x2048x2048; regs=56 smem=3072 blocks/SM=9 occ=0.75,,10,100,0.530048,0.527488,0.001395,GFLOP/s,32411.912098526926,2280,29.54% of FP32 peak at median clock,,err/bound=0.00232,model: pred_ms=0.5174 waves=2 resident=9 bound=smem fma_step=128 lds_step=256 latency_exposed=0
4632965,23.1.2,13.3,NVIDIA RTX PRO 6000 Blackwell Max-Q Workstation Edition,24105050,2026-09-27T03:47:58-07:00,mbr,2048x2048x2048,f32,"tforge-gpu-pipeline{block-tile=32,64 thread-tile=4,4 tile-k=16 promote=1 vectorize=1}",b32x64-t4x4-k16; grid=32x64x1 block=16x8x1 padded=2048x2048x2048; regs=58 smem=6144 blocks/SM=8 occ=0.667,,10,100,0.464944,0.45712,0.002254,GFLOP/s,36950.40517567707,2280,33.67% of FP32 peak at median clock,,err/bound=0.00232,model: pred_ms=0.4599 waves=2 resident=8 bound=smem fma_step=256 lds_step=512 latency_exposed=0
4632965,23.1.2,13.3,NVIDIA RTX PRO 6000 Blackwell Max-Q Workstation Edition,24105050,2026-09-27T03:47:58-07:00,mbr,2048x2048x2048,f32,"tforge-gpu-pipeline{block-tile=32,64 thread-tile=4,4 tile-k=32 promote=1 vectorize=1}",b32x64-t4x4-k32; grid=32x64x1 block=16x8x1 padded=2048x2048x2048; regs=70 smem=12288 blocks/SM=7 occ=0.583,,10,100,0.462192,0.452864,0.002567,GFLOP/s,37170.41658877696,2272,33.99% of FP32 peak at median clock,,err/bound=0.00232,model: pred_ms=0.4024 waves=2 resident=7 bound=smem fma_step=512 lds_step=1024 latency_exposed=0
4632965,23.1.2,13.3,NVIDIA RTX PRO 6000 Blackwell Max-Q Workstation Edition,24105050,2026-09-27T03:47:58-07:00,mbr,2048x2048x2048,f32,"tforge-gpu-pipeline{block-tile=32,64 thread-tile=8,4 tile-k=8 promote=1 vectorize=1}",b32x64-t8x4-k8; grid=32x64x1 block=16x4x1 padded=2048x2048x2048; regs=84 smem=3072 blocks/SM=10 occ=0.417,,10,100,0.490976,0.487008,0.001868,GFLOP/s,34991.26064003128,2280,31.89% of FP32 peak at median clock,,err/bound=0.00232,model: pred_ms=0.4312 waves=2 resident=10 bound=smem fma_step=128 lds_step=192 latency_exposed=0
4632965,23.1.2,13.3,NVIDIA RTX PRO 6000 Blackwell Max-Q Workstation Edition,24105050,2026-09-27T03:47:58-07:00,mbr,2048x2048x2048,f32,"tforge-gpu-pipeline{block-tile=32,64 thread-tile=8,4 tile-k=16 promote=1 vectorize=1}",b32x64-t8x4-k16; grid=32x64x1 block=16x4x1 padded=2048x2048x2048; regs=92 smem=6144 blocks/SM=10 occ=0.417,,10,100,0.45072,0.445408,0.001605,GFLOP/s,38116.50067447639,2280,34.74% of FP32 peak at median clock,,err/bound=0.00232,model: pred_ms=0.4312 waves=2 resident=10 bound=smem fma_step=256 lds_step=384 latency_exposed=0
4632965,23.1.2,13.3,NVIDIA RTX PRO 6000 Blackwell Max-Q Workstation Edition,24105050,2026-09-27T03:47:58-07:00,mbr,2048x2048x2048,f32,"tforge-gpu-pipeline{block-tile=32,64 thread-tile=8,4 tile-k=32 promote=1 vectorize=1}",b32x64-t8x4-k32; grid=32x64x1 block=16x4x1 padded=2048x2048x2048; regs=104 smem=12288 blocks/SM=7 occ=0.292,,10,100,0.425248,0.41648,0.002294,GFLOP/s,40399.64722702988,2280,36.82% of FP32 peak at median clock,,err/bound=0.00232,model: pred_ms=0.3018 waves=2 resident=7 bound=smem fma_step=512 lds_step=768 latency_exposed=0
4632965,23.1.2,13.3,NVIDIA RTX PRO 6000 Blackwell Max-Q Workstation Edition,24105050,2026-09-27T03:47:58-07:00,mbr,2048x2048x2048,f32,"tforge-gpu-pipeline{block-tile=32,64 thread-tile=4,8 tile-k=8 promote=1 vectorize=1}",b32x64-t4x8-k8; grid=32x64x1 block=8x8x1 padded=2048x2048x2048; regs=80 smem=3072 blocks/SM=12 occ=0.5,,10,100,0.607136,0.602816,0.001972,GFLOP/s,28296.574711432037,2280,25.79% of FP32 peak at median clock,,err/bound=0.00232,model: pred_ms=0.2371 waves=1 resident=11 bound=smem fma_step=128 lds_step=192 latency_exposed=0
4632965,23.1.2,13.3,NVIDIA RTX PRO 6000 Blackwell Max-Q Workstation Edition,24105050,2026-09-27T03:47:58-07:00,mbr,2048x2048x2048,f32,"tforge-gpu-pipeline{block-tile=32,64 thread-tile=4,8 tile-k=16 promote=1 vectorize=1}",b32x64-t4x8-k16; grid=32x64x1 block=8x8x1 padded=2048x2048x2048; regs=80 smem=6144 blocks/SM=12 occ=0.5,,10,100,0.577552,0.572384,0.002126,GFLOP/s,29746.01279884755,2272,27.20% of FP32 peak at median clock,,err/bound=0.00232,model: pred_ms=0.2371 waves=1 resident=11 bound=smem fma_step=256 lds_step=384 latency_exposed=0
4632965,23.1.2,13.3,NVIDIA RTX PRO 6000 Blackwell Max-Q Workstation Edition,24105050,2026-09-27T03:47:58-07:00,mbr,2048x2048x2048,f32,"tforge-gpu-pipeline{block-tile=32,64 thread-tile=4,8 tile-k=32 promote=1 vectorize=1}",b32x64-t4x8-k32; grid=32x64x1 block=8x8x1 padded=2048x2048x2048; regs=102 smem=12288 blocks/SM=7 occ=0.292,,10,100,0.561552,0.556256,0.002381,GFLOP/s,30593.549990027634,2272,27.98% of FP32 peak at median clock,,err/bound=0.00232,model: pred_ms=0.3018 waves=2 resident=7 bound=smem fma_step=512 lds_step=768 latency_exposed=0
4632965,23.1.2,13.3,NVIDIA RTX PRO 6000 Blackwell Max-Q Workstation Edition,24105050,2026-09-27T03:47:58-07:00,mbr,2048x2048x2048,f32,"tforge-gpu-pipeline{block-tile=32,64 thread-tile=8,8 tile-k=8 promote=1 vectorize=1}",b32x64-t8x8-k8; grid=32x64x1 block=8x4x1 padded=2048x2048x2048; regs=128 smem=3072 blocks/SM=16 occ=0.333,,10,100,0.490416,0.485152,0.001559,GFLOP/s,35031.21673028612,2280,31.92% of FP32 peak at median clock,,err/bound=0.00232,model: pred_ms=0.1581 waves=1 resident=11 bound=fma fma_step=128 lds_step=128 latency_exposed=0
4632965,23.1.2,13.3,NVIDIA RTX PRO 6000 Blackwell Max-Q Workstation Edition,24105050,2026-09-27T03:47:58-07:00,mbr,2048x2048x2048,f32,"tforge-gpu-pipeline{block-tile=32,64 thread-tile=8,8 tile-k=16 promote=1 vectorize=1}",b32x64-t8x8-k16; grid=32x64x1 block=8x4x1 padded=2048x2048x2048; regs=156 smem=6144 blocks/SM=12 occ=0.25,,10,100,0.476432,0.473824,0.001493,GFLOP/s,36059.43594049098,2272,32.98% of FP32 peak at median clock,,err/bound=0.00232,model: pred_ms=0.1581 waves=1 resident=11 bound=fma fma_step=256 lds_step=256 latency_exposed=0
4632965,23.1.2,13.3,NVIDIA RTX PRO 6000 Blackwell Max-Q Workstation Edition,24105050,2026-09-27T03:47:58-07:00,mbr,2048x2048x2048,f32,"tforge-gpu-pipeline{block-tile=32,64 thread-tile=8,8 tile-k=32 promote=1 vectorize=1}",b32x64-t8x8-k32; grid=32x64x1 block=8x4x1 padded=2048x2048x2048; regs=174 smem=12288 blocks/SM=7 occ=0.146,,10,100,0.493072,0.460128,0.01504,GFLOP/s,34842.51627348542,2272,31.86% of FP32 peak at median clock,,err/bound=0.00232,model: pred_ms=0.2012 waves=2 resident=7 bound=fma fma_step=512 lds_step=512 latency_exposed=0
4632965,23.1.2,13.3,NVIDIA RTX PRO 6000 Blackwell Max-Q Workstation Edition,24105050,2026-09-27T03:47:58-07:00,mbr,2048x2048x2048,f32,"tforge-gpu-pipeline{block-tile=32,128 thread-tile=4,4 tile-k=8 promote=1 vectorize=1}",b32x128-t4x4-k8; grid=16x64x1 block=32x8x1 padded=2048x2048x2048; regs=64 smem=5120 blocks/SM=4 occ=0.667,,10,100,0.500416,0.49648,0.002111,GFLOP/s,34331.17483054099,2280,31.29% of FP32 peak at median clock,,err/bound=0.00232,model: pred_ms=0.4599 waves=2 resident=4 bound=smem fma_step=256 lds_step=512 latency_exposed=0
4632965,23.1.2,13.3,NVIDIA RTX PRO 6000 Blackwell Max-Q Workstation Edition,24105050,2026-09-27T03:47:58-07:00,mbr,2048x2048x2048,f32,"tforge-gpu-pipeline{block-tile=32,128 thread-tile=4,4 tile-k=16 promote=1 vectorize=1}",b32x128-t4x4-k16; grid=16x64x1 block=32x8x1 padded=2048x2048x2048; regs=64 smem=10240 blocks/SM=4 occ=0.667,,10,100,0.487456,0.484096,0.001471,GFLOP/s,35243.93829186635,2272,32.23% of FP32 peak at median clock,,err/bound=0.00232,model: pred_ms=0.4599 waves=2 resident=4 bound=smem fma_step=512 lds_step=1024 latency_exposed=0
4632965,23.1.2,13.3,NVIDIA RTX PRO 6000 Blackwell Max-Q Workstation Edition,24105050,2026-09-27T03:47:58-07:00,mbr,2048x2048x2048,f32,"tforge-gpu-pipeline{block-tile=32,128 thread-tile=4,4 tile-k=32 promote=1 vectorize=1}",b32x128-t4x4-k32; grid=16x64x1 block=32x8x1 padded=2048x2048x2048; regs=64 smem=20480 blocks/SM=4 occ=0.667,,10,100,0.47848,0.47344,0.001746,GFLOP/s,35905.093596388564,2280,32.72% of FP32 peak at median clock,,err/bound=0.00232,model: pred_ms=0.4599 waves=2 resident=4 bound=smem fma_step=1024 lds_step=2048 latency_exposed=0
4632965,23.1.2,13.3,NVIDIA RTX PRO 6000 Blackwell Max-Q Workstation Edition,24105050,2026-09-27T03:47:58-07:00,mbr,2048x2048x2048,f32,"tforge-gpu-pipeline{block-tile=32,128 thread-tile=8,4 tile-k=8 promote=1 vectorize=1}",b32x128-t8x4-k8; grid=16x64x1 block=32x4x1 padded=2048x2048x2048; regs=82 smem=5120 blocks/SM=5 occ=0.417,,10,100,0.489024,0.48448,0.001695,GFLOP/s,35130.93260044497,2280,32.02% of FP32 peak at median clock,,err/bound=0.00232,model: pred_ms=0.4312 waves=2 resident=5 bound=smem fma_step=256 lds_step=384 latency_exposed=0
4632965,23.1.2,13.3,NVIDIA RTX PRO 6000 Blackwell Max-Q Workstation Edition,24105050,2026-09-27T03:47:58-07:00,mbr,2048x2048x2048,f32,"tforge-gpu-pipeline{block-tile=32,128 thread-tile=8,4 tile-k=16 promote=1 vectorize=1}",b32x128-t8x4-k16; grid=16x64x1 block=32x4x1 padded=2048x2048x2048; regs=88 smem=10240 blocks/SM=5 occ=0.417,,10,100,0.434352,0.430048,0.001905,GFLOP/s,39552.872287913946,2280,36.05% of FP32 peak at median clock,,err/bound=0.00232,model: pred_ms=0.4312 waves=2 resident=5 bound=smem fma_step=512 lds_step=768 latency_exposed=0
4632965,23.1.2,13.3,NVIDIA RTX PRO 6000 Blackwell Max-Q Workstation Edition,24105050,2026-09-27T03:47:58-07:00,mbr,2048x2048x2048,f32,"tforge-gpu-pipeline{block-tile=32,128 thread-tile=8,4 tile-k=32 promote=1 vectorize=1}",b32x128-t8x4-k32; grid=16x64x1 block=32x4x1 padded=2048x2048x2048; regs=104 smem=20480 blocks/SM=4 occ=0.333,,10,100,0.42544,0.419328,0.001695,GFLOP/s,40381.414968033096,2280,36.80% of FP32 peak at median clock,,err/bound=0.00232,model: pred_ms=0.3449 waves=2 resident=4 bound=smem fma_step=1024 lds_step=1536 latency_exposed=0
4632965,23.1.2,13.3,NVIDIA RTX PRO 6000 Blackwell Max-Q Workstation Edition,24105050,2026-09-27T03:47:58-07:00,mbr,2048x2048x2048,f32,"tforge-gpu-pipeline{block-tile=32,128 thread-tile=4,8 tile-k=8 promote=1 vectorize=1}",b32x128-t4x8-k8; grid=16x64x1 block=16x8x1 padded=2048x2048x2048; regs=80 smem=5120 blocks/SM=6 occ=0.5,,10,100,0.594976,0.590752,0.002392,GFLOP/s,28874.894422632176,2272,26.41% of FP32 peak at median clock,,err/bound=0.00232,model: pred_ms=0.2587 waves=1 resident=6 bound=smem fma_step=256 lds_step=384 latency_exposed=0
4632965,23.1.2,13.3,NVIDIA RTX PRO 6000 Blackwell Max-Q Workstation Edition,24105050,2026-09-27T03:47:58-07:00,mbr,2048x2048x2048,f32,"tforge-gpu-pipeline{block-tile=32,128 thread-tile=4,8 tile-k=16 promote=1 vectorize=1}",b32x128-t4x8-k16; grid=16x64x1 block=16x8x1 padded=2048x2048x2048; regs=79 smem=10240 blocks/SM=6 occ=0.5,,10,100,0.552304,0.545952,0.002478,GFLOP/s,31105.820678466935,2280,28.35% of FP32 peak at median clock,,err/bound=0.00232,model: pred_ms=0.2587 waves=1 resident=6 bound=smem fma_step=512 lds_step=768 latency_exposed=0
4632965,23.1.2,13.3,NVIDIA RTX PRO 6000 Blackwell Max-Q Workstation Edition,24105050,2026-09-27T03:47:58-07:00,mbr,2048x2048x2048,f32,"tforge-gpu-pipeline{block-tile=32,128 thread-tile=4,8 tile-k=32 promote=1 vectorize=1}",b32x128-t4x8-k32; grid=16x64x1 block=16x8x1 padded=2048x2048x2048; regs=100 smem=20480 blocks/SM=4 occ=0.333,,10,100,0.539376,0.53536,0.002139,GFLOP/s,31851.37860045683,2272,29.13% of FP32 peak at median clock,,err/bound=0.00232,model: pred_ms=0.3449 waves=2 resident=4 bound=smem fma_step=1024 lds_step=1536 latency_exposed=0
4632965,23.1.2,13.3,NVIDIA RTX PRO 6000 Blackwell Max-Q Workstation Edition,24105050,2026-09-27T03:47:58-07:00,mbr,2048x2048x2048,f32,"tforge-gpu-pipeline{block-tile=32,128 thread-tile=8,8 tile-k=8 promote=1 vectorize=1}",b32x128-t8x8-k8; grid=16x64x1 block=16x4x1 padded=2048x2048x2048; regs=128 smem=5120 blocks/SM=8 occ=0.333,,10,100,0.452848,0.449792,0.001861,GFLOP/s,37937.385577500616,2280,34.57% of FP32 peak at median clock,,err/bound=0.00232,model: pred_ms=0.1725 waves=1 resident=6 bound=fma fma_step=256 lds_step=256 latency_exposed=0
4632965,23.1.2,13.3,NVIDIA RTX PRO 6000 Blackwell Max-Q Workstation Edition,24105050,2026-09-27T03:47:58-07:00,mbr,2048x2048x2048,f32,"tforge-gpu-pipeline{block-tile=32,128 thread-tile=8,8 tile-k=16 promote=1 vectorize=1}",b32x128-t8x8-k16; grid=16x64x1 block=16x4x1 padded=2048x2048x2048; regs=152 smem=10240 blocks/SM=6 occ=0.25,,10,100,0.440176,0.43568,0.001921,GFLOP/s,39029.54541819636,2280,35.57% of FP32 peak at median clock,,err/bound=0.00232,model: pred_ms=0.1725 waves=1 resident=6 bound=fma fma_step=512 lds_step=512 latency_exposed=0
4632965,23.1.2,13.3,NVIDIA RTX PRO 6000 Blackwell Max-Q Workstation Edition,24105050,2026-09-27T03:47:58-07:00,mbr,2048x2048x2048,f32,"tforge-gpu-pipeline{block-tile=32,128 thread-tile=8,8 tile-k=32 promote=1 vectorize=1}",b32x128-t8x8-k32; grid=16x64x1 block=16x4x1 padded=2048x2048x2048; regs=158 smem=20480 blocks/SM=4 occ=0.167,,10,100,0.508928,0.452896,0.015744,GFLOP/s,33756.973843058346,2272,30.87% of FP32 peak at median clock,,err/bound=0.00232,model: pred_ms=0.2300 waves=2 resident=4 bound=fma fma_step=1024 lds_step=1024 latency_exposed=0
4632965,23.1.2,13.3,NVIDIA RTX PRO 6000 Blackwell Max-Q Workstation Edition,24105050,2026-09-27T03:47:58-07:00,mbr,2048x2048x2048,f32,"tforge-gpu-pipeline{block-tile=64,32 thread-tile=4,4 tile-k=8 promote=1 vectorize=1}",b64x32-t4x4-k8; grid=64x32x1 block=8x16x1 padded=2048x2048x2048; regs=56 smem=3072 blocks/SM=9 occ=0.75,,10,100,0.599328,0.595104,0.00202,GFLOP/s,28665.220353462548,2280,26.12% of FP32 peak at median clock,,err/bound=0.00232,model: pred_ms=0.5174 waves=2 resident=9 bound=smem fma_step=128 lds_step=256 latency_exposed=0
4632965,23.1.2,13.3,NVIDIA RTX PRO 6000 Blackwell Max-Q Workstation Edition,24105050,2026-09-27T03:47:58-07:00,mbr,2048x2048x2048,f32,"tforge-gpu-pipeline{block-tile=64,32 thread-tile=4,4 tile-k=16 promote=1 vectorize=1}",b64x32-t4x4-k16; grid=64x32x1 block=8x16x1 padded=2048x2048x2048; regs=58 smem=6144 blocks/SM=8 occ=0.667,,10,100,0.540688,0.53552,0.001823,GFLOP/s,31774.090018642913,2280,28.96% of FP32 peak at median clock,,err/bound=0.00232,model: pred_ms=0.4599 waves=2 resident=8 bound=smem fma_step=256 lds_step=512 latency_exposed=0
4632965,23.1.2,13.3,NVIDIA RTX PRO 6000 Blackwell Max-Q Workstation Edition,24105050,2026-09-27T03:47:58-07:00,mbr,2048x2048x2048,f32,"tforge-gpu-pipeline{block-tile=64,32 thread-tile=4,4 tile-k=32 promote=1 vectorize=1}",b64x32-t4x4-k32; grid=64x32x1 block=8x16x1 padded=2048x2048x2048; regs=70 smem=12288 blocks/SM=7 occ=0.583,,10,100,0.505104,0.501248,0.001491,GFLOP/s,34012.53837625519,2272,31.11% of FP32 peak at median clock,,err/bound=0.00232,model: pred_ms=0.4024 waves=2 resident=7 bound=smem fma_step=512 lds_step=1024 latency_exposed=0
4632965,23.1.2,13.3,NVIDIA RTX PRO 6000 Blackwell Max-Q Workstation Edition,24105050,2026-09-27T03:47:58-07:00,mbr,2048x2048x2048,f32,"tforge-gpu-pipeline{block-tile=64,32 thread-tile=8,4 tile-k=8 promote=1 vectorize=1}",b64x32-t8x4-k8; grid=64x32x1 block=8x8x1 padded=2048x2048x2048; regs=84 smem=3072 blocks/SM=10 occ=0.417,,10,100,0.586496,0.584128,0.001427,GFLOP/s,29292.389349628982,2280,26.69% of FP32 peak at median clock,,err/bound=0.00232,model: pred_ms=0.4312 waves=2 resident=10 bound=smem fma_step=128 lds_step=192 latency_exposed=0
4632965,23.1.2,13.3,NVIDIA RTX PRO 6000 Blackwell Max-Q Workstation Edition,24105050,2026-09-27T03:47:58-07:00,mbr,2048x2048x2048,f32,"tforge-gpu-pipeline{block-tile=64,32 thread-tile=8,4 tile-k=16 promote=1 vectorize=1}",b64x32-t8x4-k16; grid=64x32x1 block=8x8x1 padded=2048x2048x2048; regs=92 smem=6144 blocks/SM=10 occ=0.417,,10,100,0.507968,0.505216,0.002413,GFLOP/s,33820.77056822477,2272,30.93% of FP32 peak at median clock,,err/bound=0.00232,model: pred_ms=0.4312 waves=2 resident=10 bound=smem fma_step=256 lds_step=384 latency_exposed=0
4632965,23.1.2,13.3,NVIDIA RTX PRO 6000 Blackwell Max-Q Workstation Edition,24105050,2026-09-27T03:47:58-07:00,mbr,2048x2048x2048,f32,"tforge-gpu-pipeline{block-tile=64,32 thread-tile=8,4 tile-k=32 promote=1 vectorize=1}",b64x32-t8x4-k32; grid=64x32x1 block=8x8x1 padded=2048x2048x2048; regs=104 smem=12288 blocks/SM=7 occ=0.292,,10,100,0.454272,0.447744,0.001907,GFLOP/s,37818.46379261763,2280,34.46% of FP32 peak at median clock,,err/bound=0.00232,model: pred_ms=0.3018 waves=2 resident=7 bound=smem fma_step=512 lds_step=768 latency_exposed=0
4632965,23.1.2,13.3,NVIDIA RTX PRO 6000 Blackwell Max-Q Workstation Edition,24105050,2026-09-27T03:47:58-07:00,mbr,2048x2048x2048,f32,"tforge-gpu-pipeline{block-tile=64,32 thread-tile=4,8 tile-k=8 promote=1 vectorize=1}",b64x32-t4x8-k8; grid=64x32x1 block=4x16x1 padded=2048x2048x2048; regs=76 smem=3072 blocks/SM=12 occ=0.5,,10,100,0.612384,0.605696,0.002777,GFLOP/s,28054.079113758682,2280,25.57% of FP32 peak at median clock,,err/bound=0.00232,model: pred_ms=0.2371 waves=1 resident=11 bound=smem fma_step=128 lds_step=192 latency_exposed=0
4632965,23.1.2,13.3,NVIDIA RTX PRO 6000 Blackwell Max-Q Workstation Edition,24105050,2026-09-27T03:47:58-07:00,mbr,2048x2048x2048,f32,"tforge-gpu-pipeline{block-tile=64,32 thread-tile=4,8 tile-k=16 promote=1 vectorize=1}",b64x32-t4x8-k16; grid=64x32x1 block=4x16x1 padded=2048x2048x2048; regs=80 smem=6144 blocks/SM=12 occ=0.5,,10,100,0.55072,0.546208,0.002084,GFLOP/s,31195.288320743755,2272,28.53% of FP32 peak at median clock,,err/bound=0.00232,model: pred_ms=0.2371 waves=1 resident=11 bound=smem fma_step=256 lds_step=384 latency_exposed=0
4632965,23.1.2,13.3,NVIDIA RTX PRO 6000 Blackwell Max-Q Workstation Edition,24105050,2026-09-27T03:47:58-07:00,mbr,2048x2048x2048,f32,"tforge-gpu-pipeline{block-tile=64,32 thread-tile=4,8 tile-k=32 promote=1 vectorize=1}",b64x32-t4x8-k32; grid=64x32x1 block=4x16x1 padded=2048x2048x2048; regs=100 smem=12288 blocks/SM=7 occ=0.292,,10,100,0.516608,0.513472,0.001627,GFLOP/s,33255.13577799802,2280,30.31% of FP32 peak at median clock,,err/bound=0.00232,model: pred_ms=0.3018 waves=2 resident=7 bound=smem fma_step=512 lds_step=768 latency_exposed=0
4632965,23.1.2,13.3,NVIDIA RTX PRO 6000 Blackwell Max-Q Workstation Edition,24105050,2026-09-27T03:47:58-07:00,mbr,2048x2048x2048,f32,"tforge-gpu-pipeline{block-tile=64,32 thread-tile=8,8 tile-k=8 promote=1 vectorize=1}",b64x32-t8x8-k8; grid=64x32x1 block=4x8x1 padded=2048x2048x2048; regs=146 smem=3072 blocks/SM=12 occ=0.25,,10,100,0.555904,0.548576,0.002637,GFLOP/s,30904.381303246606,2280,28.16% of FP32 peak at median clock,,err/bound=0.00232,model: pred_ms=0.1581 waves=1 resident=11 bound=fma fma_step=128 lds_step=128 latency_exposed=0
4632965,23.1.2,13.3,NVIDIA RTX PRO 6000 Blackwell Max-Q Workstation Edition,24105050,2026-09-27T03:47:58-07:00,mbr,2048x2048x2048,f32,"tforge-gpu-pipeline{block-tile=64,32 thread-tile=8,8 tile-k=16 promote=1 vectorize=1}",b64x32-t8x8-k16; grid=64x32x1 block=4x8x1 padded=2048x2048x2048; regs=152 smem=6144 blocks/SM=12 occ=0.25,,10,100,0.497344,0.494592,0.001456,GFLOP/s,34543.23201647149,2272,31.59% of FP32 peak at median clock,,err/bound=0.00232,model: pred_ms=0.1581 waves=1 resident=11 bound=fma fma_step=256 lds_step=256 latency_exposed=0
4632965,23.1.2,13.3,NVIDIA RTX PRO 6000 Blackwell Max-Q Workstation Edition,24105050,2026-09-27T03:47:58-07:00,mbr,2048x2048x2048,f32,"tforge-gpu-pipeline{block-tile=64,32 thread-tile=8,8 tile-k=32 promote=1 vectorize=1}",b64x32-t8x8-k32; grid=64x32x1 block=4x8x1 padded=2048x2048x2048; regs=174 smem=12288 blocks/SM=7 occ=0.146,,10,100,0.46752,0.464032,0.001754,GFLOP/s,36746.81122518823,2272,33.61% of FP32 peak at median clock,,err/bound=0.00232,model: pred_ms=0.2012 waves=2 resident=7 bound=fma fma_step=512 lds_step=512 latency_exposed=0
4632965,23.1.2,13.3,NVIDIA RTX PRO 6000 Blackwell Max-Q Workstation Edition,24105050,2026-09-27T03:47:58-07:00,mbr,2048x2048x2048,f32,"tforge-gpu-pipeline{block-tile=64,64 thread-tile=4,4 tile-k=8 promote=1 vectorize=1}",b64x64-t4x4-k8; grid=32x32x1 block=16x16x1 padded=2048x2048x2048; regs=64 smem=4096 blocks/SM=4 occ=0.667,,10,100,0.542112,0.538336,0.001771,GFLOP/s,31690.626999586795,2280,28.88% of FP32 peak at median clock,,err/bound=0.00232,model: pred_ms=0.4599 waves=2 resident=4 bound=smem fma_step=256 lds_step=512 latency_exposed=0
4632965,23.1.2,13.3,NVIDIA RTX PRO 6000 Blackwell Max-Q Workstation Edition,24105050,2026-09-27T03:47:58-07:00,mbr,2048x2048x2048,f32,"tforge-gpu-pipeline{block-tile=64,64 thread-tile=4,4 tile-k=16 promote=1 vectorize=1}",b64x64-t4x4-k16; grid=32x32x1 block=16x16x1 padded=2048x2048x2048; regs=64 smem=8192 blocks/SM=4 occ=0.667,,10,100,0.465104,0.460416,0.002376,GFLOP/s,36937.69390071898,2280,33.66% of FP32 peak at median clock,,err/bound=0.00232,model: pred_ms=0.4599 waves=2 resident=4 bound=smem fma_step=512 lds_step=1024 latency_exposed=0
4632965,23.1.2,13.3,NVIDIA RTX PRO 6000 Blackwell Max-Q Workstation Edition,24105050,2026-09-27T03:47:58-07:00,mbr,2048x2048x2048,f32,"tforge-gpu-pipeline{block-tile=64,64 thread-tile=4,4 tile-k=32 promote=1 vectorize=1}",b64x64-t4x4-k32; grid=32x32x1 block=16x16x1 padded=2048x2048x2048; regs=74 smem=16384 blocks/SM=3 occ=0.5,,10,100,0.456512,0.452192,0.002125,GFLOP/s,37632.8972381887,2272,34.42% of FP32 peak at median clock,,err/bound=0.00232,model: pred_ms=0.3449 waves=2 resident=3 bound=smem fma_step=1024 lds_step=2048 latency_exposed=0
4632965,23.1.2,13.3,NVIDIA RTX PRO 6000 Blackwell Max-Q Workstation Edition,24105050,2026-09-27T03:47:58-07:00,mbr,2048x2048x2048,f32,"tforge-gpu-pipeline{block-tile=64,64 thread-tile=8,4 tile-k=8 promote=1 vectorize=1}",b64x64-t8x4-k8; grid=32x32x1 block=16x8x1 padded=2048x2048x2048; regs=82 smem=4096 blocks/SM=5 occ=0.417,,10,100,0.4744,0.470816,0.001658,GFLOP/s,36213.88951096122,2280,33.00% of FP32 peak at median clock,,err/bound=0.00232,model: pred_ms=0.4312 waves=2 resident=5 bound=smem fma_step=256 lds_step=384 latency_exposed=0
4632965,23.1.2,13.3,NVIDIA RTX PRO 6000 Blackwell Max-Q Workstation Edition,24105050,2026-09-27T03:47:58-07:00,mbr,2048x2048x2048,f32,"tforge-gpu-pipeline{block-tile=64,64 thread-tile=8,4 tile-k=16 promote=1 vectorize=1}",b64x64-t8x4-k16; grid=32x32x1 block=16x8x1 padded=2048x2048x2048; regs=88 smem=8192 blocks/SM=5 occ=0.417,,10,100,0.423424,0.418336,0.001957,GFLOP/s,40573.67835550181,2280,36.98% of FP32 peak at median clock,,err/bound=0.00232,model: pred_ms=0.4312 waves=2 resident=5 bound=smem fma_step=512 lds_step=768 latency_exposed=0
4632965,23.1.2,13.3,NVIDIA RTX PRO 6000 Blackwell Max-Q Workstation Edition,24105050,2026-09-27T03:47:58-07:00,mbr,2048x2048x2048,f32,"tforge-gpu-pipeline{block-tile=64,64 thread-tile=8,4 tile-k=32 promote=1 vectorize=1}",b64x64-t8x4-k32; grid=32x32x1 block=16x8x1 padded=2048x2048x2048; regs=94 smem=16384 blocks/SM=5 occ=0.417,,10,100,0.402688,0.396928,0.001844,GFLOP/s,42662.977749523205,2272,39.02% of FP32 peak at median clock,,err/bound=0.00232,model: pred_ms=0.4312 waves=2 resident=5 bound=smem fma_step=1024 lds_step=1536 latency_exposed=0
4632965,23.1.2,13.3,NVIDIA RTX PRO 6000 Blackwell Max-Q Workstation Edition,24105050,2026-09-27T03:47:58-07:00,mbr,2048x2048x2048,f32,"tforge-gpu-pipeline{block-tile=64,64 thread-tile=4,8 tile-k=8 promote=1 vectorize=1}",b64x64-t4x8-k8; grid=32x32x1 block=8x16x1 padded=2048x2048x2048; regs=76 smem=4096 blocks/SM=6 occ=0.5,,10,100,0.612816,0.609568,0.001938,GFLOP/s,28034.302603065193,2272,25.64% of FP32 peak at median clock,,err/bound=0.00232,model: pred_ms=0.2587 waves=1 resident=6 bound=smem fma_step=256 lds_step=384 latency_exposed=0
4632965,23.1.2,13.3,NVIDIA RTX PRO 6000 Blackwell Max-Q Workstation Edition,24105050,2026-09-27T03:47:58-07:00,mbr,2048x2048x2048,f32,"tforge-gpu-pipeline{block-tile=64,64 thread-tile=4,8 tile-k=16 promote=1 vectorize=1}",b64x64-t4x8-k16; grid=32x32x1 block=8x16x1 padded=2048x2048x2048; regs=80 smem=8192 blocks/SM=6 occ=0.5,,10,100,0.578944,0.574304,0.00195,GFLOP/s,29674.49215122706,2280,27.04% of FP32 peak at median clock,,err/bound=0.00232,model: pred_ms=0.2587 waves=1 resident=6 bound=smem fma_step=512 lds_step=768 latency_exposed=0
4632965,23.1.2,13.3,NVIDIA RTX PRO 6000 Blackwell Max-Q Workstation Edition,24105050,2026-09-27T03:47:58-07:00,mbr,2048x2048x2048,f32,"tforge-gpu-pipeline{block-tile=64,64 thread-tile=4,8 tile-k=32 promote=1 vectorize=1}",b64x64-t4x8-k32; grid=32x32x1 block=8x16x1 padded=2048x2048x2048; regs=96 smem=16384 blocks/SM=5 occ=0.417,,10,100,0.550368,0.546848,0.002257,GFLOP/s,31215.239955811387,2272,28.55% of FP32 peak at median clock,,err/bound=0.00232,model: pred_ms=0.4312 waves=2 resident=5 bound=smem fma_step=1024 lds_step=1536 latency_exposed=0
4632965,23.1.2,13.3,NVIDIA RTX PRO 6000 Blackwell Max-Q Workstation Edition,24105050,2026-09-27T03:47:58-07:00,mbr,2048x2048x2048,f32,"tforge-gpu-pipeline{block-tile=64,64 thread-tile=8,8 tile-k=8 promote=1 vectorize=1}",b64x64-t8x8-k8; grid=32x32x1 block=8x8x1 padded=2048x2048x2048; regs=146 smem=4096 blocks/SM=6 occ=0.25,,10,100,0.464608,0.461632,0.002065,GFLOP/s,36977.12735036848,2272,33.82% of FP32 peak at median clock,,err/bound=0.00232,model: pred_ms=0.1725 waves=1 resident=6 bound=fma fma_step=256 lds_step=256 latency_exposed=0
4632965,23.1.2,13.3,NVIDIA RTX PRO 6000 Blackwell Max-Q Workstation Edition,24105050,2026-09-27T03:47:58-07:00,mbr,2048x2048x2048,f32,"tforge-gpu-pipeline{block-tile=64,64 thread-tile=8,8 tile-k=16 promote=1 vectorize=1}",b64x64-t8x8-k16; grid=32x32x1 block=8x8x1 padded=2048x2048x2048; regs=150 smem=8192 blocks/SM=6 occ=0.25,,10,100,0.439168,0.435552,0.001559,GFLOP/s,39119.12795103468,2280,35.65% of FP32 peak at median clock,,err/bound=0.00232,model: pred_ms=0.1725 waves=1 resident=6 bound=fma fma_step=512 lds_step=512 latency_exposed=0
4632965,23.1.2,13.3,NVIDIA RTX PRO 6000 Blackwell Max-Q Workstation Edition,24105050,2026-09-27T03:47:58-07:00,mbr,2048x2048x2048,f32,"tforge-gpu-pipeline{block-tile=64,64 thread-tile=8,8 tile-k=32 promote=1 vectorize=1}",b64x64-t8x8-k32; grid=32x32x1 block=8x8x1 padded=2048x2048x2048; regs=158 smem=16384 blocks/SM=5 occ=0.208,,10,100,0.470576,0.467584,0.001809,GFLOP/s,36508.17122845194,2280,33.27% of FP32 peak at median clock,,err/bound=0.00232,model: pred_ms=0.2874 waves=2 resident=5 bound=fma fma_step=1024 lds_step=1024 latency_exposed=0
4632965,23.1.2,13.3,NVIDIA RTX PRO 6000 Blackwell Max-Q Workstation Edition,24105050,2026-09-27T03:47:58-07:00,mbr,2048x2048x2048,f32,"tforge-gpu-pipeline{block-tile=64,128 thread-tile=4,4 tile-k=8 promote=1 vectorize=1}",b64x128-t4x4-k8; grid=16x32x1 block=32x16x1 padded=2048x2048x2048; regs=63 smem=6144 blocks/SM=2 occ=0.667,,10,100,0.513552,0.508768,0.002017,GFLOP/s,33453.02751035922,2272,30.59% of FP32 peak at median clock,,err/bound=0.00232,model: pred_ms=0.4599 waves=2 resident=2 bound=smem fma_step=512 lds_step=1024 latency_exposed=0
4632965,23.1.2,13.3,NVIDIA RTX PRO 6000 Blackwell Max-Q Workstation Edition,24105050,2026-09-27T03:47:58-07:00,mbr,2048x2048x2048,f32,"tforge-gpu-pipeline{block-tile=64,128 thread-tile=4,4 tile-k=16 promote=1 vectorize=1}",b64x128-t4x4-k16; grid=16x32x1 block=32x16x1 padded=2048x2048x2048; regs=64 smem=12288 blocks/SM=2 occ=0.667,,10,100,0.462144,0.458176,0.002,GFLOP/s,37174.27724691871,2280,33.88% of FP32 peak at median clock,,err/bound=0.00232,model: pred_ms=0.4599 waves=2 resident=2 bound=smem fma_step=1024 lds_step=2048 latency_exposed=0
4632965,23.1.2,13.3,NVIDIA RTX PRO 6000 Blackwell Max-Q Workstation Edition,24105050,2026-09-27T03:47:58-07:00,mbr,2048x2048x2048,f32,"tforge-gpu-pipeline{block-tile=64,128 thread-tile=4,4 tile-k=32 promote=1 vectorize=1}",b64x128-t4x4-k32; grid=16x32x1 block=32x16x1 padded=2048x2048x2048; regs=64 smem=24576 blocks/SM=2 occ=0.667,,10,100,0.440064,0.435424,0.001585,GFLOP/s,39039.478766724846,2280,35.58% of FP32 peak at median clock,,err/bound=0.00232,model: pred_ms=0.4599 waves=2 resident=2 bound=smem fma_step=2048 lds_step=4096 latency_exposed=0
4632965,23.1.2,13.3,NVIDIA RTX PRO 6000 Blackwell Max-Q Workstation Edition,24105050,2026-09-27T03:47:58-07:00,mbr,2048x2048x2048,f32,"tforge-gpu-pipeline{block-tile=64,128 thread-tile=8,4 tile-k=8 promote=1 vectorize=1}",b64x128-t8x4-k8; grid=16x32x1 block=32x8x1 padded=2048x2048x2048; regs=80 smem=6144 blocks/SM=3 occ=0.5,,10,100,0.432896,0.42944,0.001389,GFLOP/s,39685.90419869899,2272,36.29% of FP32 peak at median clock,,err/bound=0.00232,model: pred_ms=0.2587 waves=1 resident=3 bound=smem fma_step=512 lds_step=768 latency_exposed=0
4632965,23.1.2,13.3,NVIDIA RTX PRO 6000 Blackwell Max-Q Workstation Edition,24105050,2026-09-27T03:47:58-07:00,mbr,2048x2048x2048,f32,"tforge-gpu-pipeline{block-tile=64,128 thread-tile=8,4 tile-k=16 promote=1 vectorize=1}",b64x128-t8x4-k16; grid=16x32x1 block=32x8x1 padded=2048x2048x2048; regs=88 smem=12288 blocks/SM=2 occ=0.333,,10,100,0.404784,0.401312,0.001413,GFLOP/s,42442.065852405234,2280,38.68% of FP32 peak at median clock,,err/bound=0.00232,model: pred_ms=0.3449 waves=2 resident=2 bound=smem fma_step=1024 lds_step=1536 latency_exposed=0
4632965,23.1.2,13.3,NVIDIA RTX PRO 6000 Blackwell Max-Q Workstation Edition,24105050,2026-09-27T03:47:58-07:00,mbr,2048x2048x2048,f32,"tforge-gpu-pipeline{block-tile=64,128 thread-tile=8,4 tile-k=32 promote=1 vectorize=1}",b64x128-t8x4-k32; grid=16x32x1 block=32x8x1 padded=2048x2048x2048; regs=94 smem=24576 blocks/SM=2 occ=0.333,,10,100,0.390496,0.38464,0.001255,GFLOP/s,43994.99401786446,2280,40.09% of FP32 peak at median clock,,err/bound=0.00232,model: pred_ms=0.3449 waves=2 resident=2 bound=smem fma_step=2048 lds_step=3072 latency_exposed=0
4632965,23.1.2,13.3,NVIDIA RTX PRO 6000 Blackwell Max-Q Workstation Edition,24105050,2026-09-27T03:47:58-07:00,mbr,2048x2048x2048,f32,"tforge-gpu-pipeline{block-tile=64,128 thread-tile=4,8 tile-k=8 promote=1 vectorize=1}",b64x128-t4x8-k8; grid=16x32x1 block=16x16x1 padded=2048x2048x2048; regs=80 smem=6144 blocks/SM=3 occ=0.5,,10,100,0.54632,0.542752,0.001922,GFLOP/s,31446.531673744328,2272,28.76% of FP32 peak at median clock,,err/bound=0.00232,model: pred_ms=0.2587 waves=1 resident=3 bound=smem fma_step=512 lds_step=768 latency_exposed=0
4632965,23.1.2,13.3,NVIDIA RTX PRO 6000 Blackwell Max-Q Workstation Edition,24105050,2026-09-27T03:47:58-07:00,mbr,2048x2048x2048,f32,"tforge-gpu-pipeline{block-tile=64,128 thread-tile=4,8 tile-k=16 promote=1 vectorize=1}",b64x128-t4x8-k16; grid=16x32x1 block=16x16x1 padded=2048x2048x2048; regs=80 smem=12288 blocks/SM=3 occ=0.5,,10,100,0.519696,0.516384,0.001742,GFLOP/s,33057.53591330316,2280,30.13% of FP32 peak at median clock,,err/bound=0.00232,model: pred_ms=0.2587 waves=1 resident=3 bound=smem fma_step=1024 lds_step=1536 latency_exposed=0
4632965,23.1.2,13.3,NVIDIA RTX PRO 6000 Blackwell Max-Q Workstation Edition,24105050,2026-09-27T03:47:58-07:00,mbr,2048x2048x2048,f32,"tforge-gpu-pipeline{block-tile=64,128 thread-tile=4,8 tile-k=32 promote=1 vectorize=1}",b64x128-t4x8-k32; grid=16x32x1 block=16x16x1 padded=2048x2048x2048; regs=80 smem=24576 blocks/SM=3 occ=0.5,,10,100,0.499344,0.495744,0.001923,GFLOP/s,34404.877567368385,2280,31.35% of FP32 peak at median clock,,err/bound=0.00232,model: pred_ms=0.2587 waves=1 resident=3 bound=smem fma_step=2048 lds_step=3072 latency_exposed=0
4632965,23.1.2,13.3,NVIDIA RTX PRO 6000 Blackwell Max-Q Workstation Edition,24105050,2026-09-27T03:47:58-07:00,mbr,2048x2048x2048,f32,"tforge-gpu-pipeline{block-tile=64,128 thread-tile=8,8 tile-k=8 promote=1 vectorize=1}",b64x128-t8x8-k8; grid=16x32x1 block=16x8x1 padded=2048x2048x2048; regs=146 smem=6144 blocks/SM=3 occ=0.25,,10,100,0.411328,0.407008,0.0018,GFLOP/s,41766.8361599502,2280,38.06% of FP32 peak at median clock,,err/bound=0.00232,model: pred_ms=0.1725 waves=1 resident=3 bound=fma fma_step=512 lds_step=512 latency_exposed=0
4632965,23.1.2,13.3,NVIDIA RTX PRO 6000 Blackwell Max-Q Workstation Edition,24105050,2026-09-27T03:47:58-07:00,mbr,2048x2048x2048,f32,"tforge-gpu-pipeline{block-tile=64,128 thread-tile=8,8 tile-k=16 promote=1 vectorize=1}",b64x128-t8x8-k16; grid=16x32x1 block=16x8x1 padded=2048x2048x2048; regs=146 smem=12288 blocks/SM=3 occ=0.25,,10,100,0.40064,0.396768,0.001769,GFLOP/s,42881.063258785936,2280,39.08% of FP32 peak at median clock,,err/bound=0.00232,model: pred_ms=0.1725 waves=1 resident=3 bound=fma fma_step=1024 lds_step=1024 latency_exposed=0
4632965,23.1.2,13.3,NVIDIA RTX PRO 6000 Blackwell Max-Q Workstation Edition,24105050,2026-09-27T03:47:58-07:00,mbr,2048x2048x2048,f32,"tforge-gpu-pipeline{block-tile=64,128 thread-tile=8,8 tile-k=32 promote=1 vectorize=1}",b64x128-t8x8-k32; grid=16x32x1 block=16x8x1 padded=2048x2048x2048; regs=128 smem=24576 blocks/SM=4 occ=0.333,,10,100,0.414384,0.410944,0.001651,GFLOP/s,41458.81400826287,2280,37.78% of FP32 peak at median clock,,err/bound=0.00232,model: pred_ms=0.1725 waves=1 resident=3 bound=fma fma_step=2048 lds_step=2048 latency_exposed=0
4632965,23.1.2,13.3,NVIDIA RTX PRO 6000 Blackwell Max-Q Workstation Edition,24105050,2026-09-27T03:47:58-07:00,mbr,2048x2048x2048,f32,"tforge-gpu-pipeline{block-tile=128,32 thread-tile=4,4 tile-k=8 promote=1 vectorize=1}",b128x32-t4x4-k8; grid=64x16x1 block=8x32x1 padded=2048x2048x2048; regs=64 smem=5120 blocks/SM=4 occ=0.667,,10,100,0.60376,0.595552,0.002596,GFLOP/s,28454.798568967806,2280,25.93% of FP32 peak at median clock,,err/bound=0.00232,model: pred_ms=0.4599 waves=2 resident=4 bound=smem fma_step=256 lds_step=512 latency_exposed=0
4632965,23.1.2,13.3,NVIDIA RTX PRO 6000 Blackwell Max-Q Workstation Edition,24105050,2026-09-27T03:47:58-07:00,mbr,2048x2048x2048,f32,"tforge-gpu-pipeline{block-tile=128,32 thread-tile=4,4 tile-k=16 promote=1 vectorize=1}",b128x32-t4x4-k16; grid=64x16x1 block=8x32x1 padded=2048x2048x2048; regs=64 smem=10240 blocks/SM=4 occ=0.667,,10,100,0.56984,0.564032,0.002739,GFLOP/s,30148.584135897792,2272,27.57% of FP32 peak at median clock,,err/bound=0.00232,model: pred_ms=0.4599 waves=2 resident=4 bound=smem fma_step=512 lds_step=1024 latency_exposed=0
4632965,23.1.2,13.3,NVIDIA RTX PRO 6000 Blackwell Max-Q Workstation Edition,24105050,2026-09-27T03:47:58-07:00,mbr,2048x2048x2048,f32,"tforge-gpu-pipeline{block-tile=128,32 thread-tile=4,4 tile-k=32 promote=1 vectorize=1}",b128x32-t4x4-k32; grid=64x16x1 block=8x32x1 padded=2048x2048x2048; regs=64 smem=20480 blocks/SM=4 occ=0.667,,10,100,0.52224,0.517408,0.002571,GFLOP/s,32896.501960784306,2280,29.98% of FP32 peak at median clock,,err/bound=0.00232,model: pred_ms=0.4599 waves=2 resident=4 bound=smem fma_step=1024 lds_step=2048 latency_exposed=0
4632965,23.1.2,13.3,NVIDIA RTX PRO 6000 Blackwell Max-Q Workstation Edition,24105050,2026-09-27T03:47:58-07:00,mbr,2048x2048x2048,f32,"tforge-gpu-pipeline{block-tile=128,32 thread-tile=8,4 tile-k=8 promote=1 vectorize=1}",b128x32-t8x4-k8; grid=64x16x1 block=8x16x1 padded=2048x2048x2048; regs=88 smem=5120 blocks/SM=5 occ=0.417,,10,100,0.583152,0.580032,0.001894,GFLOP/s,29460.362279474306,2272,26.94% of FP32 peak at median clock,,err/bound=0.00232,model: pred_ms=0.4312 waves=2 resident=5 bound=smem fma_step=256 lds_step=384 latency_exposed=0
4632965,23.1.2,13.3,NVIDIA RTX PRO 6000 Blackwell Max-Q Workstation Edition,24105050,2026-09-27T03:47:58-07:00,mbr,2048x2048x2048,f32,"tforge-gpu-pipeline{block-tile=128,32 thread-tile=8,4 tile-k=16 promote=1 vectorize=1}",b128x32-t8x4-k16; grid=64x16x1 block=8x16x1 padded=2048x2048x2048; regs=88 smem=10240 blocks/SM=5 occ=0.417,,10,100,0.50104,0.496928,0.001799,GFLOP/s,34288.418457608175,2280,31.25% of FP32 peak at median clock,,err/bound=0.00232,model: pred_ms=0.4312 waves=2 resident=5 bound=smem fma_step=512 lds_step=768 latency_exposed=0
4632965,23.1.2,13.3,NVIDIA RTX PRO 6000 Blackwell Max-Q Workstation Edition,24105050,2026-09-27T03:47:58-07:00,mbr,2048x2048x2048,f32,"tforge-gpu-pipeline{block-tile=128,32 thread-tile=8,4 tile-k=32 promote=1 vectorize=1}",b128x32-t8x4-k32; grid=64x16x1 block=8x16x1 padded=2048x2048x2048; regs=104 smem=20480 blocks/SM=4 occ=0.333,,10,100,0.450432,0.445056,0.001768,GFLOP/s,38140.87183859051,2280,34.76% of FP32 peak at median clock,,err/bound=0.00232,model: pred_ms=0.3449 waves=2 resident=4 bound=smem fma_step=1024 lds_step=1536 latency_exposed=0
4632965,23.1.2,13.3,NVIDIA RTX PRO 6000 Blackwell Max-Q Workstation Edition,24105050,2026-09-27T03:47:58-07:00,mbr,2048x2048x2048,f32,"tforge-gpu-pipeline{block-tile=128,32 thread-tile=4,8 tile-k=8 promote=1 vectorize=1}",b128x32-t4x8-k8; grid=64x16x1 block=4x32x1 padded=2048x2048x2048; regs=76 smem=5120 blocks/SM=6 occ=0.5,,10,100,0.646592,0.641856,0.00212,GFLOP/s,26569.875878451945,2280,24.21% of FP32 peak at median clock,,err/bound=0.00232,model: pred_ms=0.2587 waves=1 resident=6 bound=smem fma_step=256 lds_step=384 latency_exposed=0
4632965,23.1.2,13.3,NVIDIA RTX PRO 6000 Blackwell Max-Q Workstation Edition,24105050,2026-09-27T03:47:58-07:00,mbr,2048x2048x2048,f32,"tforge-gpu-pipeline{block-tile=128,32 thread-tile=4,8 tile-k=16 promote=1 vectorize=1}",b128x32-t4x8-k16; grid=64x16x1 block=4x32x1 padded=2048x2048x2048; regs=80 smem=10240 blocks/SM=6 occ=0.5,,10,100,0.565136,0.56032,0.002325,GFLOP/s,30399.530704113702,2280,27.70% of FP32 peak at median clock,,err/bound=0.00232,model: pred_ms=0.2587 waves=1 resident=6 bound=smem fma_step=512 lds_step=768 latency_exposed=0
4632965,23.1.2,13.3,NVIDIA RTX PRO 6000 Blackwell Max-Q Workstation Edition,24105050,2026-09-27T03:47:58-07:00,mbr,2048x2048x2048,f32,"tforge-gpu-pipeline{block-tile=128,32 thread-tile=4,8 tile-k=32 promote=1 vectorize=1}",b128x32-t4x8-k32; grid=64x16x1 block=4x32x1 padded=2048x2048x2048; regs=99 smem=20480 blocks/SM=4 occ=0.333,,10,100,0.513584,0.508128,0.002397,GFLOP/s,33450.94314464625,2280,30.48% of FP32 peak at median clock,,err/bound=0.00232,model: pred_ms=0.3449 waves=2 resident=4 bound=smem fma_step=1024 lds_step=1536 latency_exposed=0
4632965,23.1.2,13.3,NVIDIA RTX PRO 6000 Blackwell Max-Q Workstation Edition,24105050,2026-09-27T03:47:58-07:00,mbr,2048x2048x2048,f32,"tforge-gpu-pipeline{block-tile=128,32 thread-tile=8,8 tile-k=8 promote=1 vectorize=1}",b128x32-t8x8-k8; grid=64x16x1 block=4x16x1 padded=2048x2048x2048; regs=128 smem=5120 blocks/SM=8 occ=0.333,,10,100,0.564176,0.558304,0.002415,GFLOP/s,30451.25844417345,2272,27.85% of FP32 peak at median clock,,err/bound=0.00232,model: pred_ms=0.1725 waves=1 resident=6 bound=fma fma_step=256 lds_step=256 latency_exposed=0
4632965,23.1.2,13.3,NVIDIA RTX PRO 6000 Blackwell Max-Q Workstation Edition,24105050,2026-09-27T03:47:58-07:00,mbr,2048x2048x2048,f32,"tforge-gpu-pipeline{block-tile=128,32 thread-tile=8,8 tile-k=16 promote=1 vectorize=1}",b128x32-t8x8-k16; grid=64x16x1 block=4x16x1 padded=2048x2048x2048; regs=146 smem=10240 blocks/SM=6 occ=0.25,,10,100,0.499504,0.49696,0.001362,GFLOP/s,34393.85707421762,2280,31.34% of FP32 peak at median clock,,err/bound=0.00232,model: pred_ms=0.1725 waves=1 resident=6 bound=fma fma_step=512 lds_step=512 latency_exposed=0
4632965,23.1.2,13.3,NVIDIA RTX PRO 6000 Blackwell Max-Q Workstation Edition,24105050,2026-09-27T03:47:58-07:00,mbr,2048x2048x2048,f32,"tforge-gpu-pipeline{block-tile=128,32 thread-tile=8,8 tile-k=32 promote=1 vectorize=1}",b128x32-t8x8-k32; grid=64x16x1 block=4x16x1 padded=2048x2048x2048; regs=158 smem=20480 blocks/SM=4 occ=0.167,,10,100,0.535136,0.486528,0.024314,GFLOP/s,32103.7440650601,2272,29.36% of FP32 peak at median clock,,err/bound=0.00232,model: pred_ms=0.2300 waves=2 resident=4 bound=fma fma_step=1024 lds_step=1024 latency_exposed=0
4632965,23.1.2,13.3,NVIDIA RTX PRO 6000 Blackwell Max-Q Workstation Edition,24105050,2026-09-27T03:47:58-07:00,mbr,2048x2048x2048,f32,"tforge-gpu-pipeline{block-tile=128,64 thread-tile=4,4 tile-k=8 promote=1 vectorize=1}",b128x64-t4x4-k8; grid=32x16x1 block=16x32x1 padded=2048x2048x2048; regs=64 smem=6144 blocks/SM=2 occ=0.667,,10,100,0.545536,0.54128,0.002186,GFLOP/s,31491.724073205067,2272,28.80% of FP32 peak at median clock,,err/bound=0.00232,model: pred_ms=0.4599 waves=2 resident=2 bound=smem fma_step=512 lds_step=1024 latency_exposed=0
4632965,23.1.2,13.3,NVIDIA RTX PRO 6000 Blackwell Max-Q Workstation Edition,24105050,2026-09-27T03:47:58-07:00,mbr,2048x2048x2048,f32,"tforge-gpu-pipeline{block-tile=128,64 thread-tile=4,4 tile-k=16 promote=1 vectorize=1}",b128x64-t4x4-k16; grid=32x16x1 block=16x32x1 padded=2048x2048x2048; regs=64 smem=12288 blocks/SM=2 occ=0.667,,10,100,0.466896,0.46048,0.002324,GFLOP/s,36795.922826496695,2280,33.53% of FP32 peak at median clock,,err/bound=0.00232,model: pred_ms=0.4599 waves=2 resident=2 bound=smem fma_step=1024 lds_step=2048 latency_exposed=0
4632965,23.1.2,13.3,NVIDIA RTX PRO 6000 Blackwell Max-Q Workstation Edition,24105050,2026-09-27T03:47:58-07:00,mbr,2048x2048x2048,f32,"tforge-gpu-pipeline{block-tile=128,64 thread-tile=4,4 tile-k=32 promote=1 vectorize=1}",b128x64-t4x4-k32; grid=32x16x1 block=16x32x1 padded=2048x2048x2048; regs=64 smem=24576 blocks/SM=2 occ=0.667,,10,100,0.438688,0.434656,0.001536,GFLOP/s,39161.93099423736,2280,35.69% of FP32 peak at median clock,,err/bound=0.00232,model: pred_ms=0.4599 waves=2 resident=2 bound=smem fma_step=2048 lds_step=4096 latency_exposed=0
4632965,23.1.2,13.3,NVIDIA RTX PRO 6000 Blackwell Max-Q Workstation Edition,24105050,2026-09-27T03:47:58-07:00,mbr,2048x2048x2048,f32,"tforge-gpu-pipeline{block-tile=128,64 thread-tile=8,4 tile-k=8 promote=1 vectorize=1}",b128x64-t8x4-k8; grid=32x16x1 block=16x16x1 padded=2048x2048x2048; regs=88 smem=6144 blocks/SM=2 occ=0.333,,10,100,0.469136,0.4664,0.00247,GFLOP/s,36620.23205211282,2272,33.49% of FP32 peak at median clock,,err/bound=0.00232,model: pred_ms=0.3449 waves=2 resident=2 bound=smem fma_step=512 lds_step=768 latency_exposed=0
4632965,23.1.2,13.3,NVIDIA RTX PRO 6000 Blackwell Max-Q Workstation Edition,24105050,2026-09-27T03:47:58-07:00,mbr,2048x2048x2048,f32,"tforge-gpu-pipeline{block-tile=128,64 thread-tile=8,4 tile-k=16 promote=1 vectorize=1}",b128x64-t8x4-k16; grid=32x16x1 block=16x16x1 padded=2048x2048x2048; regs=88 smem=12288 blocks/SM=2 occ=0.333,,10,100,0.414832,0.410368,0.001722,GFLOP/s,41414.04034404289,2280,37.74% of FP32 peak at median clock,,err/bound=0.00232,model: pred_ms=0.3449 waves=2 resident=2 bound=smem fma_step=1024 lds_step=1536 latency_exposed=0
4632965,23.1.2,13.3,NVIDIA RTX PRO 6000 Blackwell Max-Q Workstation Edition,24105050,2026-09-27T03:47:58-07:00,mbr,2048x2048x2048,f32,"tforge-gpu-pipeline{block-tile=128,64 thread-tile=8,4 tile-k=32 promote=1 vectorize=1}",b128x64-t8x4-k32; grid=32x16x1 block=16x16x1 padded=2048x2048x2048; regs=94 smem=24576 blocks/SM=2 occ=0.333,,10,100,0.391168,0.388128,0.001108,GFLOP/s,43919.41361256545,2280,40.02% of FP32 peak at median clock,,err/bound=0.00232,model: pred_ms=0.3449 waves=2 resident=2 bound=smem fma_step=2048 lds_step=3072 latency_exposed=0
4632965,23.1.2,13.3,NVIDIA RTX PRO 6000 Blackwell Max-Q Workstation Edition,24105050,2026-09-27T03:47:58-07:00,mbr,2048x2048x2048,f32,"tforge-gpu-pipeline{block-tile=128,64 thread-tile=4,8 tile-k=8 promote=1 vectorize=1}",b128x64-t4x8-k8; grid=32x16x1 block=8x32x1 padded=2048x2048x2048; regs=80 smem=6144 blocks/SM=3 occ=0.5,,10,100,0.585984,0.583712,0.002079,GFLOP/s,29317.983398864133,2280,26.72% of FP32 peak at median clock,,err/bound=0.00232,model: pred_ms=0.2587 waves=1 resident=3 bound=smem fma_step=512 lds_step=768 latency_exposed=0
4632965,23.1.2,13.3,NVIDIA RTX PRO 6000 Blackwell Max-Q Workstation Edition,24105050,2026-09-27T03:47:58-07:00,mbr,2048x2048x2048,f32,"tforge-gpu-pipeline{block-tile=128,64 thread-tile=4,8 tile-k=16 promote=1 vectorize=1}",b128x64-t4x8-k16; grid=32x16x1 block=8x32x1 padded=2048x2048x2048; regs=80 smem=12288 blocks/SM=3 occ=0.5,,10,100,0.56568,0.562592,0.001622,GFLOP/s,30370.29625229812,2272,27.77% of FP32 peak at median clock,,err/bound=0.00232,model: pred_ms=0.2587 waves=1 resident=3 bound=smem fma_step=1024 lds_step=1536 latency_exposed=0
4632965,23.1.2,13.3,NVIDIA RTX PRO 6000 Blackwell Max-Q Workstation Edition,24105050,2026-09-27T03:47:58-07:00,mbr,2048x2048x2048,f32,"tforge-gpu-pipeline{block-tile=128,64 thread-tile=4,8 tile-k=32 promote=1 vectorize=1}",b128x64-t4x8-k32; grid=32x16x1 block=8x32x1 padded=2048x2048x2048; regs=80 smem=24576 blocks/SM=3 occ=0.5,,10,100,0.54024,0.536928,0.001791,GFLOP/s,31800.43903450318,2280,28.98% of FP32 peak at median clock,,err/bound=0.00232,model: pred_ms=0.2587 waves=1 resident=3 bound=smem fma_step=2048 lds_step=3072 latency_exposed=0
4632965,23.1.2,13.3,NVIDIA RTX PRO 6000 Blackwell Max-Q Workstation Edition,24105050,2026-09-27T03:47:58-07:00,mbr,2048x2048x2048,f32,"tforge-gpu-pipeline{block-tile=128,64 thread-tile=8,8 tile-k=8 promote=1 vectorize=1}",b128x64-t8x8-k8; grid=32x16x1 block=8x16x1 padded=2048x2048x2048; regs=128 smem=6144 blocks/SM=4 occ=0.333,,10,100,0.449264,0.444192,0.002409,GFLOP/s,38240.03077032658,2280,34.85% of FP32 peak at median clock,,err/bound=0.00232,model: pred_ms=0.1725 waves=1 resident=3 bound=fma fma_step=512 lds_step=512 latency_exposed=0
4632965,23.1.2,13.3,NVIDIA RTX PRO 6000 Blackwell Max-Q Workstation Edition,24105050,2026-09-27T03:47:58-07:00,mbr,2048x2048x2048,f32,"tforge-gpu-pipeline{block-tile=128,64 thread-tile=8,8 tile-k=16 promote=1 vectorize=1}",b128x64-t8x8-k16; grid=32x16x1 block=8x16x1 padded=2048x2048x2048; regs=150 smem=12288 blocks/SM=3 occ=0.25,,10,100,0.425728,0.419488,0.002871,GFLOP/s,40354.09741431149,2280,36.78% of FP32 peak at median clock,,err/bound=0.00232,model: pred_ms=0.1725 waves=1 resident=3 bound=fma fma_step=1024 lds_step=1024 latency_exposed=0
4632965,23.1.2,13.3,NVIDIA RTX PRO 6000 Blackwell Max-Q Workstation Edition,24105050,2026-09-27T03:47:58-07:00,mbr,2048x2048x2048,f32,"tforge-gpu-pipeline{block-tile=128,64 thread-tile=8,8 tile-k=32 promote=1 vectorize=1}",b128x64-t8x8-k32; grid=32x16x1 block=8x16x1 padded=2048x2048x2048; regs=128 smem=24576 blocks/SM=4 occ=0.333,,10,100,0.433104,0.42896,0.001972,GFLOP/s,39666.84487790461,2272,36.28% of FP32 peak at median clock,,err/bound=0.00232,model: pred_ms=0.1725 waves=1 resident=3 bound=fma fma_step=2048 lds_step=2048 latency_exposed=0
4632965,23.1.2,13.3,NVIDIA RTX PRO 6000 Blackwell Max-Q Workstation Edition,24105050,2026-09-27T03:47:58-07:00,mbr,2048x2048x2048,f32,"tforge-gpu-pipeline{block-tile=128,128 thread-tile=4,4 tile-k=8 promote=1 vectorize=1}",b128x128-t4x4-k8; grid=16x16x1 block=32x32x1 padded=2048x2048x2048; regs=64 smem=8192 blocks/SM=1 occ=0.667,,10,100,0.630176,0.625824,0.002364,GFLOP/s,27262.017569694817,2280,24.84% of FP32 peak at median clock,,err/bound=0.00232,model: pred_ms=0.5946 waves=2 resident=1 bound=smem fma_step=1024 lds_step=2048 latency_exposed=1
4632965,23.1.2,13.3,NVIDIA RTX PRO 6000 Blackwell Max-Q Workstation Edition,24105050,2026-09-27T03:47:58-07:00,mbr,2048x2048x2048,f32,"tforge-gpu-pipeline{block-tile=128,128 thread-tile=4,4 tile-k=16 promote=1 vectorize=1}",b128x128-t4x4-k16; grid=16x16x1 block=32x32x1 padded=2048x2048x2048; regs=64 smem=16384 blocks/SM=1 occ=0.667,,10,100,0.562656,0.558336,0.002727,GFLOP/s,30533.52169709378,2272,27.92% of FP32 peak at median clock,,err/bound=0.00232,model: pred_ms=0.5273 waves=2 resident=1 bound=smem fma_step=2048 lds_step=4096 latency_exposed=1
4632965,23.1.2,13.3,NVIDIA RTX PRO 6000 Blackwell Max-Q Workstation Edition,24105050,2026-09-27T03:47:58-07:00,mbr,2048x2048x2048,f32,"tforge-gpu-pipeline{block-tile=128,128 thread-tile=4,4 tile-k=32 promote=1 vectorize=1}",b128x128-t4x4-k32; grid=16x16x1 block=32x32x1 padded=2048x2048x2048; regs=64 smem=32768 blocks/SM=1 occ=0.667,,10,100,0.538752,0.533408,0.002575,GFLOP/s,31888.26989783797,2272,29.16% of FP32 peak at median clock,,err/bound=0.00232,model: pred_ms=0.4936 waves=2 resident=1 bound=smem fma_step=4096 lds_step=8192 latency_exposed=1
4632965,23.1.2,13.3,NVIDIA RTX PRO 6000 Blackwell Max-Q Workstation Edition,24105050,2026-09-27T03:47:58-07:00,mbr,2048x2048x2048,f32,"tforge-gpu-pipeline{block-tile=128,128 thread-tile=8,4 tile-k=8 promote=1 vectorize=1}",b128x128-t8x4-k8; grid=16x16x1 block=32x16x1 padded=2048x2048x2048; regs=92 smem=8192 blocks/SM=1 occ=0.333,,10,100,0.591632,0.587744,0.002263,GFLOP/s,29038.10000811315,2280,26.46% of FP32 peak at median clock,,err/bound=0.00232,model: pred_ms=0.4797 waves=2 resident=1 bound=smem fma_step=1024 lds_step=1536 latency_exposed=1
4632965,23.1.2,13.3,NVIDIA RTX PRO 6000 Blackwell Max-Q Workstation Edition,24105050,2026-09-27T03:47:58-07:00,mbr,2048x2048x2048,f32,"tforge-gpu-pipeline{block-tile=128,128 thread-tile=8,4 tile-k=16 promote=1 vectorize=1}",b128x128-t8x4-k16; grid=16x16x1 block=32x16x1 padded=2048x2048x2048; regs=92 smem=16384 blocks/SM=1 occ=0.333,,10,100,0.492944,0.4888,0.001944,GFLOP/s,34851.56363400305,2272,31.87% of FP32 peak at median clock,,err/bound=0.00232,model: pred_ms=0.4123 waves=2 resident=1 bound=smem fma_step=2048 lds_step=3072 latency_exposed=1
4632965,23.1.2,13.3,NVIDIA RTX PRO 6000 Blackwell Max-Q Workstation Edition,24105050,2026-09-27T03:47:58-07:00,mbr,2048x2048x2048,f32,"tforge-gpu-pipeline{block-tile=128,128 thread-tile=8,4 tile-k=32 promote=1 vectorize=1}",b128x128-t8x4-k32; grid=16x16x1 block=32x16x1 padded=2048x2048x2048; regs=92 smem=32768 blocks/SM=1 occ=0.333,,10,100,0.469904,0.465952,0.002179,GFLOP/s,36560.38080969729,2280,33.32% of FP32 peak at median clock,,err/bound=0.00232,model: pred_ms=0.3786 waves=2 resident=1 bound=smem fma_step=4096 lds_step=6144 latency_exposed=1
4632965,23.1.2,13.3,NVIDIA RTX PRO 6000 Blackwell Max-Q Workstation Edition,24105050,2026-09-27T03:47:58-07:00,mbr,2048x2048x2048,f32,"tforge-gpu-pipeline{block-tile=128,128 thread-tile=4,8 tile-k=8 promote=1 vectorize=1}",b128x128-t4x8-k8; grid=16x16x1 block=16x32x1 padded=2048x2048x2048; regs=84 smem=8192 blocks/SM=1 occ=0.333,,10,100,0.757904,0.752288,0.00232,GFLOP/s,22667.605902594525,2280,20.66% of FP32 peak at median clock,,err/bound=0.00232,model: pred_ms=0.4797 waves=2 resident=1 bound=smem fma_step=1024 lds_step=1536 latency_exposed=1
4632965,23.1.2,13.3,NVIDIA RTX PRO 6000 Blackwell Max-Q Workstation Edition,24105050,2026-09-27T03:47:58-07:00,mbr,2048x2048x2048,f32,"tforge-gpu-pipeline{block-tile=128,128 thread-tile=4,8 tile-k=16 promote=1 vectorize=1}",b128x128-t4x8-k16; grid=16x16x1 block=16x32x1 padded=2048x2048x2048; regs=88 smem=16384 blocks/SM=1 occ=0.333,,10,100,0.689648,0.685248,0.002266,GFLOP/s,24911.069391921672,2332,22.20% of FP32 peak at median clock,,err/bound=0.00232,model: pred_ms=0.4123 waves=2 resident=1 bound=smem fma_step=2048 lds_step=3072 latency_exposed=1
4632965,23.1.2,13.3,NVIDIA RTX PRO 6000 Blackwell Max-Q Workstation Edition,24105050,2026-09-27T03:47:58-07:00,mbr,2048x2048x2048,f32,"tforge-gpu-pipeline{block-tile=128,128 thread-tile=4,8 tile-k=32 promote=1 vectorize=1}",b128x128-t4x8-k32; grid=16x16x1 block=16x32x1 padded=2048x2048x2048; regs=88 smem=32768 blocks/SM=1 occ=0.333,,10,100,0.662256,0.658752,0.002068,GFLOP/s,25941.432292044163,2332,23.11% of FP32 peak at median clock,,err/bound=0.00232,model: pred_ms=0.3786 waves=2 resident=1 bound=smem fma_step=4096 lds_step=6144 latency_exposed=1
4632965,23.1.2,13.3,NVIDIA RTX PRO 6000 Blackwell Max-Q Workstation Edition,24105050,2026-09-27T03:47:58-07:00,mbr,2048x2048x2048,f32,"tforge-gpu-pipeline{block-tile=128,128 thread-tile=8,8 tile-k=8 promote=1 vectorize=1}",b128x128-t8x8-k8; grid=16x16x1 block=16x16x1 padded=2048x2048x2048; regs=126 smem=8192 blocks/SM=2 occ=0.333,,10,100,0.544464,0.541376,0.001791,GFLOP/s,31553.72840812249,2280,28.76% of FP32 peak at median clock,,err/bound=0.00232,model: pred_ms=0.2300 waves=1 resident=2 bound=fma fma_step=1024 lds_step=1024 latency_exposed=0
4632965,23.1.2,13.3,NVIDIA RTX PRO 6000 Blackwell Max-Q Workstation Edition,24105050,2026-09-27T03:47:58-07:00,mbr,2048x2048x2048,f32,"tforge-gpu-pipeline{block-tile=128,128 thread-tile=8,8 tile-k=16 promote=1 vectorize=1}",b128x128-t8x8-k16; grid=16x16x1 block=16x16x1 padded=2048x2048x2048; regs=128 smem=16384 blocks/SM=2 occ=0.333,,10,100,0.491088,0.486112,0.002106,GFLOP/s,34983.28035708468,2280,31.88% of FP32 peak at median clock,,err/bound=0.00232,model: pred_ms=0.2300 waves=1 resident=2 bound=fma fma_step=2048 lds_step=2048 latency_exposed=0
4632965,23.1.2,13.3,NVIDIA RTX PRO 6000 Blackwell Max-Q Workstation Edition,24105050,2026-09-27T03:47:58-07:00,mbr,2048x2048x2048,f32,"tforge-gpu-pipeline{block-tile=128,128 thread-tile=8,8 tile-k=32 promote=1 vectorize=1}",b128x128-t8x8-k32; grid=16x16x1 block=16x16x1 padded=2048x2048x2048; regs=150 smem=32768 blocks/SM=1 occ=0.167,,10,100,0.504,0.500064,0.001931,GFLOP/s,34087.04203174603,2280,31.06% of FP32 peak at median clock,,err/bound=0.00232,model: pred_ms=0.2636 waves=2 resident=1 bound=fma fma_step=4096 lds_step=4096 latency_exposed=1
4632965,23.1.2,13.3,NVIDIA RTX PRO 6000 Blackwell Max-Q Workstation Edition,24105050,2026-09-27T03:47:58-07:00,mbr,4096x4096x4096,f32,"tforge-gpu-pipeline{block-tile=32,32 thread-tile=4,4 tile-k=8 promote=1 vectorize=1}",b32x32-t4x4-k8; grid=128x128x1 block=8x8x1 padded=4096x4096x4096; regs=64 smem=2048 blocks/SM=16 occ=0.667,,10,100,5.516288,5.03152,0.163888,GFLOP/s,24915.11564878411,2280,22.71% of FP32 peak at median clock,,err/bound=0.00146,model: pred_ms=2.7594 waves=6 resident=16 bound=smem fma_step=64 lds_step=128 latency_exposed=0
4632965,23.1.2,13.3,NVIDIA RTX PRO 6000 Blackwell Max-Q Workstation Edition,24105050,2026-09-27T03:47:58-07:00,mbr,4096x4096x4096,f32,"tforge-gpu-pipeline{block-tile=32,32 thread-tile=4,4 tile-k=16 promote=1 vectorize=1}",b32x32-t4x4-k16; grid=128x128x1 block=8x8x1 padded=4096x4096x4096; regs=70 smem=4096 blocks/SM=14 occ=0.583,,10,100,5.109664,4.666848,0.154475,GFLOP/s,26897.845625857197,2332,23.97% of FP32 peak at median clock,,err/bound=0.00146,model: pred_ms=2.8169 waves=7 resident=14 bound=smem fma_step=128 lds_step=256 latency_exposed=0
4632965,23.1.2,13.3,NVIDIA RTX PRO 6000 Blackwell Max-Q Workstation Edition,24105050,2026-09-27T03:47:58-07:00,mbr,4096x4096x4096,f32,"tforge-gpu-pipeline{block-tile=32,32 thread-tile=4,4 tile-k=32 promote=1 vectorize=1}",b32x32-t4x4-k32; grid=128x128x1 block=8x8x1 padded=4096x4096x4096; regs=80 smem=8192 blocks/SM=11 occ=0.458,,10,100,4.825152,4.364032,0.167565,GFLOP/s,28483.859880890795,2332,25.38% of FP32 peak at median clock,,err/bound=0.00146,model: pred_ms=2.5295 waves=8 resident=11 bound=smem fma_step=256 lds_step=512 latency_exposed=0
4632965,23.1.2,13.3,NVIDIA RTX PRO 6000 Blackwell Max-Q Workstation Edition,24105050,2026-09-27T03:47:58-07:00,mbr,4096x4096x4096,f32,"tforge-gpu-pipeline{block-tile=32,32 thread-tile=8,4 tile-k=8 promote=1 vectorize=1}",b32x32-t8x4-k8; grid=128x128x1 block=8x4x1 padded=4096x4096x4096; regs=88 smem=2048 blocks/SM=20 occ=0.417,,10,100,5.037104,4.588864,0.166325,GFLOP/s,27285.311852207138,2332,24.31% of FP32 peak at median clock,,err/bound=0.00146,model: pred_ms=2.1558 waves=5 resident=20 bound=smem fma_step=64 lds_step=96 latency_exposed=0
4632965,23.1.2,13.3,NVIDIA RTX PRO 6000 Blackwell Max-Q Workstation Edition,24105050,2026-09-27T03:47:58-07:00,mbr,4096x4096x4096,f32,"tforge-gpu-pipeline{block-tile=32,32 thread-tile=8,4 tile-k=16 promote=1 vectorize=1}",b32x32-t8x4-k16; grid=128x128x1 block=8x4x1 padded=4096x4096x4096; regs=94 smem=4096 blocks/SM=20 occ=0.417,,10,100,4.555104,4.118624,0.174335,GFLOP/s,30172.517130673637,2332,26.88% of FP32 peak at median clock,,err/bound=0.00146,model: pred_ms=2.1558 waves=5 resident=20 bound=smem fma_step=128 lds_step=192 latency_exposed=0
4632965,23.1.2,13.3,NVIDIA RTX PRO 6000 Blackwell Max-Q Workstation Edition,24105050,2026-09-27T03:47:58-07:00,mbr,4096x4096x4096,f32,"tforge-gpu-pipeline{block-tile=32,32 thread-tile=8,4 tile-k=32 promote=1 vectorize=1}",b32x32-t8x4-k32; grid=128x128x1 block=8x4x1 padded=4096x4096x4096; regs=110 smem=8192 blocks/SM=11 occ=0.229,,10,100,4.346064,3.856768,0.205749,GFLOP/s,31623.775782409095,2325,28.26% of FP32 peak at median clock,,err/bound=0.00146,model: pred_ms=1.8971 waves=8 resident=11 bound=smem fma_step=256 lds_step=384 latency_exposed=0
4632965,23.1.2,13.3,NVIDIA RTX PRO 6000 Blackwell Max-Q Workstation Edition,24105050,2026-09-27T03:47:58-07:00,mbr,4096x4096x4096,f32,"tforge-gpu-pipeline{block-tile=32,32 thread-tile=4,8 tile-k=8 promote=1 vectorize=1}",b32x32-t4x8-k8; grid=128x128x1 block=4x8x1 padded=4096x4096x4096; regs=90 smem=2048 blocks/SM=20 occ=0.417,,10,100,5.612624,5.092896,0.172639,GFLOP/s,24487.468512410593,2332,21.82% of FP32 peak at median clock,,err/bound=0.00146,model: pred_ms=2.1558 waves=5 resident=20 bound=smem fma_step=64 lds_step=96 latency_exposed=0
4632965,23.1.2,13.3,NVIDIA RTX PRO 6000 Blackwell Max-Q Workstation Edition,24105050,2026-09-27T03:47:58-07:00,mbr,4096x4096x4096,f32,"tforge-gpu-pipeline{block-tile=32,32 thread-tile=4,8 tile-k=16 promote=1 vectorize=1}",b32x32-t4x8-k16; grid=128x128x1 block=4x8x1 padded=4096x4096x4096; regs=96 smem=4096 blocks/SM=20 occ=0.417,,10,100,5.085392,4.6256,0.160735,GFLOP/s,27026.225996344034,2272,24.72% of FP32 peak at median clock,,err/bound=0.00146,model: pred_ms=2.1558 waves=5 resident=20 bound=smem fma_step=128 lds_step=192 latency_exposed=0
4632965,23.1.2,13.3,NVIDIA RTX PRO 6000 Blackwell Max-Q Workstation Edition,24105050,2026-09-27T03:47:58-07:00,mbr,4096x4096x4096,f32,"tforge-gpu-pipeline{block-tile=32,32 thread-tile=4,8 tile-k=32 promote=1 vectorize=1}",b32x32-t4x8-k32; grid=128x128x1 block=4x8x1 padded=4096x4096x4096; regs=110 smem=8192 blocks/SM=11 occ=0.229,,10,100,4.764368,4.355232,0.153993,GFLOP/s,28847.25811943997,2332,25.70% of FP32 peak at median clock,,err/bound=0.00146,model: pred_ms=1.8971 waves=8 resident=11 bound=smem fma_step=256 lds_step=384 latency_exposed=0
4632965,23.1.2,13.3,NVIDIA RTX PRO 6000 Blackwell Max-Q Workstation Edition,24105050,2026-09-27T03:47:58-07:00,mbr,4096x4096x4096,f32,"tforge-gpu-pipeline{block-tile=32,64 thread-tile=4,4 tile-k=8 promote=1 vectorize=1}",b32x64-t4x4-k8; grid=64x128x1 block=16x8x1 padded=4096x4096x4096; regs=56 smem=3072 blocks/SM=9 occ=0.75,,10,100,4.70568,4.283936,0.1647,GFLOP/s,29207.033515241154,2280,26.62% of FP32 peak at median clock,,err/bound=0.00146,model: pred_ms=2.5869 waves=5 resident=9 bound=smem fma_step=128 lds_step=256 latency_exposed=0
4632965,23.1.2,13.3,NVIDIA RTX PRO 6000 Blackwell Max-Q Workstation Edition,24105050,2026-09-27T03:47:58-07:00,mbr,4096x4096x4096,f32,"tforge-gpu-pipeline{block-tile=32,64 thread-tile=4,4 tile-k=16 promote=1 vectorize=1}",b32x64-t4x4-k16; grid=64x128x1 block=16x8x1 padded=4096x4096x4096; regs=58 smem=6144 blocks/SM=8 occ=0.667,,10,100,4.192,3.725632,0.201465,GFLOP/s,32786.00989312977,2332,29.21% of FP32 peak at median clock,,err/bound=0.00146,model: pred_ms=2.7594 waves=6 resident=8 bound=smem fma_step=256 lds_step=512 latency_exposed=0
4632965,23.1.2,13.3,NVIDIA RTX PRO 6000 Blackwell Max-Q Workstation Edition,24105050,2026-09-27T03:47:58-07:00,mbr,4096x4096x4096,f32,"tforge-gpu-pipeline{block-tile=32,64 thread-tile=4,4 tile-k=32 promote=1 vectorize=1}",b32x64-t4x4-k32; grid=64x128x1 block=16x8x1 padded=4096x4096x4096; regs=70 smem=12288 blocks/SM=7 occ=0.583,,10,100,4.126688,3.681472,0.191503,GFLOP/s,33304.905404043144,2332,29.67% of FP32 peak at median clock,,err/bound=0.00146,model: pred_ms=2.8169 waves=7 resident=7 bound=smem fma_step=512 lds_step=1024 latency_exposed=0
4632965,23.1.2,13.3,NVIDIA RTX PRO 6000 Blackwell Max-Q Workstation Edition,24105050,2026-09-27T03:47:58-07:00,mbr,4096x4096x4096,f32,"tforge-gpu-pipeline{block-tile=32,64 thread-tile=8,4 tile-k=8 promote=1 vectorize=1}",b32x64-t8x4-k8; grid=64x128x1 block=16x4x1 padded=4096x4096x4096; regs=84 smem=3072 blocks/SM=10 occ=0.417,,10,100,4.10256,3.535264,0.242305,GFLOP/s,33500.7784095784,2325,29.94% of FP32 peak at median clock,,err/bound=0.00146,model: pred_ms=2.1558 waves=5 resident=10 bound=smem fma_step=128 lds_step=192 latency_exposed=0
4632965,23.1.2,13.3,NVIDIA RTX PRO 6000 Blackwell Max-Q Workstation Edition,24105050,2026-09-27T03:47:58-07:00,mbr,4096x4096x4096,f32,"tforge-gpu-pipeline{block-tile=32,64 thread-tile=8,4 tile-k=16 promote=1 vectorize=1}",b32x64-t8x4-k16; grid=64x128x1 block=16x4x1 padded=4096x4096x4096; regs=92 smem=6144 blocks/SM=10 occ=0.417,,10,100,3.899296,3.355456,0.234676,GFLOP/s,35247.11985753326,2332,31.40% of FP32 peak at median clock,,err/bound=0.00146,model: pred_ms=2.1558 waves=5 resident=10 bound=smem fma_step=256 lds_step=384 latency_exposed=0
4632965,23.1.2,13.3,NVIDIA RTX PRO 6000 Blackwell Max-Q Workstation Edition,24105050,2026-09-27T03:47:58-07:00,mbr,4096x4096x4096,f32,"tforge-gpu-pipeline{block-tile=32,64 thread-tile=8,4 tile-k=32 promote=1 vectorize=1}",b32x64-t8x4-k32; grid=64x128x1 block=16x4x1 padded=4096x4096x4096; regs=104 smem=12288 blocks/SM=7 occ=0.292,,10,100,3.835712,3.284704,0.24049,GFLOP/s,35831.40586988804,2280,32.65% of FP32 peak at median clock,,err/bound=0.00146,model: pred_ms=2.1127 waves=7 resident=7 bound=smem fma_step=512 lds_step=768 latency_exposed=0
4632965,23.1.2,13.3,NVIDIA RTX PRO 6000 Blackwell Max-Q Workstation Edition,24105050,2026-09-27T03:47:58-07:00,mbr,4096x4096x4096,f32,"tforge-gpu-pipeline{block-tile=32,64 thread-tile=4,8 tile-k=8 promote=1 vectorize=1}",b32x64-t4x8-k8; grid=64x128x1 block=8x8x1 padded=4096x4096x4096; regs=80 smem=3072 blocks/SM=12 occ=0.5,,10,100,5.370784,4.884832,0.16736,GFLOP/s,25590.110023415575,2332,22.80% of FP32 peak at median clock,,err/bound=0.00146,model: pred_ms=2.0696 waves=4 resident=12 bound=smem fma_step=128 lds_step=192 latency_exposed=0
4632965,23.1.2,13.3,NVIDIA RTX PRO 6000 Blackwell Max-Q Workstation Edition,24105050,2026-09-27T03:47:58-07:00,mbr,4096x4096x4096,f32,"tforge-gpu-pipeline{block-tile=32,64 thread-tile=4,8 tile-k=16 promote=1 vectorize=1}",b32x64-t4x8-k16; grid=64x128x1 block=8x8x1 padded=4096x4096x4096; regs=80 smem=6144 blocks/SM=12 occ=0.5,,10,100,5.143824,4.681056,0.165522,GFLOP/s,26719.217739953772,2332,23.81% of FP32 peak at median clock,,err/bound=0.00146,model: pred_ms=2.0696 waves=4 resident=12 bound=smem fma_step=256 lds_step=384 latency_exposed=0
4632965,23.1.2,13.3,NVIDIA RTX PRO 6000 Blackwell Max-Q Workstation Edition,24105050,2026-09-27T03:47:58-07:00,mbr,4096x4096x4096,f32,"tforge-gpu-pipeline{block-tile=32,64 thread-tile=4,8 tile-k=32 promote=1 vectorize=1}",b32x64-t4x8-k32; grid=64x128x1 block=8x8x1 padded=4096x4096x4096; regs=102 smem=12288 blocks/SM=7 occ=0.292,,10,100,4.933008,4.505984,0.157753,GFLOP/s,27861.084650987792,2325,24.90% of FP32 peak at median clock,,err/bound=0.00146,model: pred_ms=2.1127 waves=7 resident=7 bound=smem fma_step=512 lds_step=768 latency_exposed=0
4632965,23.1.2,13.3,NVIDIA RTX PRO 6000 Blackwell Max-Q Workstation Edition,24105050,2026-09-27T03:47:58-07:00,mbr,4096x4096x4096,f32,"tforge-gpu-pipeline{block-tile=32,64 thread-tile=8,8 tile-k=8 promote=1 vectorize=1}",b32x64-t8x8-k8; grid=64x128x1 block=8x4x1 padded=4096x4096x4096; regs=128 smem=3072 blocks/SM=16 occ=0.333,,10,100,4.296912,3.89552,0.162841,GFLOP/s,31985.517383646675,2265,29.34% of FP32 peak at median clock,,err/bound=0.00146,model: pred_ms=1.3797 waves=3 resident=16 bound=fma fma_step=128 lds_step=128 latency_exposed=0
4632965,23.1.2,13.3,NVIDIA RTX PRO 6000 Blackwell Max-Q Workstation Edition,24105050,2026-09-27T03:47:58-07:00,mbr,4096x4096x4096,f32,"tforge-gpu-pipeline{block-tile=32,64 thread-tile=8,8 tile-k=16 promote=1 vectorize=1}",b32x64-t8x8-k16; grid=64x128x1 block=8x4x1 padded=4096x4096x4096; regs=156 smem=6144 blocks/SM=12 occ=0.25,,10,100,4.009008,3.651808,0.155307,GFLOP/s,34282.53410120409,2332,30.55% of FP32 peak at median clock,,err/bound=0.00146,model: pred_ms=1.3797 waves=4 resident=12 bound=fma fma_step=256 lds_step=256 latency_exposed=0
4632965,23.1.2,13.3,NVIDIA RTX PRO 6000 Blackwell Max-Q Workstation Edition,24105050,2026-09-27T03:47:58-07:00,mbr,4096x4096x4096,f32,"tforge-gpu-pipeline{block-tile=32,64 thread-tile=8,8 tile-k=32 promote=1 vectorize=1}",b32x64-t8x8-k32; grid=64x128x1 block=8x4x1 padded=4096x4096x4096; regs=174 smem=12288 blocks/SM=7 occ=0.146,,10,100,3.970464,3.62944,0.139881,GFLOP/s,34615.33802396899,2287,31.45% of FP32 peak at median clock,,err/bound=0.00146,model: pred_ms=1.4084 waves=7 resident=7 bound=fma fma_step=512 lds_step=512 latency_exposed=0
4632965,23.1.2,13.3,NVIDIA RTX PRO 6000 Blackwell Max-Q Workstation Edition,24105050,2026-09-27T03:47:58-07:00,mbr,4096x4096x4096,f32,"tforge-gpu-pipeline{block-tile=32,128 thread-tile=4,4 tile-k=8 promote=1 vectorize=1}",b32x128-t4x4-k8; grid=32x128x1 block=32x8x1 padded=4096x4096x4096; regs=64 smem=5120 blocks/SM=4 occ=0.667,,10,100,4.25688,3.834656,0.176621,GFLOP/s,32286.311446881282,2332,28.77% of FP32 peak at median clock,,err/bound=0.00146,model: pred_ms=2.7594 waves=6 resident=4 bound=smem fma_step=256 lds_step=512 latency_exposed=0
4632965,23.1.2,13.3,NVIDIA RTX PRO 6000 Blackwell Max-Q Workstation Edition,24105050,2026-09-27T03:47:58-07:00,mbr,4096x4096x4096,f32,"tforge-gpu-pipeline{block-tile=32,128 thread-tile=4,4 tile-k=16 promote=1 vectorize=1}",b32x128-t4x4-k16; grid=32x128x1 block=32x8x1 padded=4096x4096x4096; regs=64 smem=10240 blocks/SM=4 occ=0.667,,10,100,4.116848,3.741472,0.1554,GFLOP/s,33384.51006012366,2332,29.75% of FP32 peak at median clock,,err/bound=0.00146,model: pred_ms=2.7594 waves=6 resident=4 bound=smem fma_step=512 lds_step=1024 latency_exposed=0
4632965,23.1.2,13.3,NVIDIA RTX PRO 6000 Blackwell Max-Q Workstation Edition,24105050,2026-09-27T03:47:58-07:00,mbr,4096x4096x4096,f32,"tforge-gpu-pipeline{block-tile=32,128 thread-tile=4,4 tile-k=32 promote=1 vectorize=1}",b32x128-t4x4-k32; grid=32x128x1 block=32x8x1 padded=4096x4096x4096; regs=64 smem=20480 blocks/SM=4 occ=0.667,,10,100,4.010736,3.634208,0.157463,GFLOP/s,34267.76369025536,2332,30.53% of FP32 peak at median clock,,err/bound=0.00146,model: pred_ms=2.7594 waves=6 resident=4 bound=smem fma_step=1024 lds_step=2048 latency_exposed=0
4632965,23.1.2,13.3,NVIDIA RTX PRO 6000 Blackwell Max-Q Workstation Edition,24105050,2026-09-27T03:47:58-07:00,mbr,4096x4096x4096,f32,"tforge-gpu-pipeline{block-tile=32,128 thread-tile=8,4 tile-k=8 promote=1 vectorize=1}",b32x128-t8x4-k8; grid=32x128x1 block=32x4x1 padded=4096x4096x4096; regs=82 smem=5120 blocks/SM=5 occ=0.417,,10,100,3.955488,3.452672,0.213106,GFLOP/s,34746.396265644085,2332,30.96% of FP32 peak at median clock,,err/bound=0.00146,model: pred_ms=2.1558 waves=5 resident=5 bound=smem fma_step=256 lds_step=384 latency_exposed=0
4632965,23.1.2,13.3,NVIDIA RTX PRO 6000 Blackwell Max-Q Workstation Edition,24105050,2026-09-27T03:47:58-07:00,mbr,4096x4096x4096,f32,"tforge-gpu-pipeline{block-tile=32,128 thread-tile=8,4 tile-k=16 promote=1 vectorize=1}",b32x128-t8x4-k16; grid=32x128x1 block=32x4x1 padded=4096x4096x4096; regs=88 smem=10240 blocks/SM=5 occ=0.417,,10,100,3.713136,3.192864,0.231009,GFLOP/s,37014.2525003124,2325,33.08% of FP32 peak at median clock,,err/bound=0.00146,model: pred_ms=2.1558 waves=5 resident=5 bound=smem fma_step=512 lds_step=768 latency_exposed=0
4632965,23.1.2,13.3,NVIDIA RTX PRO 6000 Blackwell Max-Q Workstation Edition,24105050,2026-09-27T03:47:58-07:00,mbr,4096x4096x4096,f32,"tforge-gpu-pipeline{block-tile=32,128 thread-tile=8,4 tile-k=32 promote=1 vectorize=1}",b32x128-t8x4-k32; grid=32x128x1 block=32x4x1 padded=4096x4096x4096; regs=104 smem=20480 blocks/SM=4 occ=0.333,,10,100,3.653792,3.173376,0.213299,GFLOP/s,37615.428976799994,2332,33.52% of FP32 peak at median clock,,err/bound=0.00146,model: pred_ms=2.0696 waves=6 resident=4 bound=smem fma_step=1024 lds_step=1536 latency_exposed=0
4632965,23.1.2,13.3,NVIDIA RTX PRO 6000 Blackwell Max-Q Workstation Edition,24105050,2026-09-27T03:47:58-07:00,mbr,4096x4096x4096,f32,"tforge-gpu-pipeline{block-tile=32,128 thread-tile=4,8 tile-k=8 promote=1 vectorize=1}",b32x128-t4x8-k8; grid=32x128x1 block=16x8x1 padded=4096x4096x4096; regs=80 smem=5120 blocks/SM=6 occ=0.5,,10,100,4.938288,4.519072,0.154777,GFLOP/s,27831.295678178347,2332,24.80% of FP32 peak at median clock,,err/bound=0.00146,model: pred_ms=2.0696 waves=4 resident=6 bound=smem fma_step=256 lds_step=384 latency_exposed=0
4632965,23.1.2,13.3,NVIDIA RTX PRO 6000 Blackwell Max-Q Workstation Edition,24105050,2026-09-27T03:47:58-07:00,mbr,4096x4096x4096,f32,"tforge-gpu-pipeline{block-tile=32,128 thread-tile=4,8 tile-k=16 promote=1 vectorize=1}",b32x128-t4x8-k16; grid=32x128x1 block=16x8x1 padded=4096x4096x4096; regs=79 smem=10240 blocks/SM=6 occ=0.5,,10,100,4.610032,4.210976,0.154046,GFLOP/s,29813.01506627286,2332,26.56% of FP32 peak at median clock,,err/bound=0.00146,model: pred_ms=2.0696 waves=4 resident=6 bound=smem fma_step=512 lds_step=768 latency_exposed=0
4632965,23.1.2,13.3,NVIDIA RTX PRO 6000 Blackwell Max-Q Workstation Edition,24105050,2026-09-27T03:47:58-07:00,mbr,4096x4096x4096,f32,"tforge-gpu-pipeline{block-tile=32,128 thread-tile=4,8 tile-k=32 promote=1 vectorize=1}",b32x128-t4x8-k32; grid=32x128x1 block=16x8x1 padded=4096x4096x4096; regs=100 smem=20480 blocks/SM=4 occ=0.333,,10,100,4.543232,4.153088,0.148265,GFLOP/s,30251.361469544154,2325,27.03% of FP32 peak at median clock,,err/bound=0.00146,model: pred_ms=2.0696 waves=6 resident=4 bound=smem fma_step=1024 lds_step=1536 latency_exposed=0
4632965,23.1.2,13.3,NVIDIA RTX PRO 6000 Blackwell Max-Q Workstation Edition,24105050,2026-09-27T03:47:58-07:00,mbr,4096x4096x4096,f32,"tforge-gpu-pipeline{block-tile=32,128 thread-tile=8,8 tile-k=8 promote=1 vectorize=1}",b32x128-t8x8-k8; grid=32x128x1 block=16x4x1 padded=4096x4096x4096; regs=128 smem=5120 blocks/SM=8 occ=0.333,,10,100,3.852496,3.418528,0.19044,GFLOP/s,35675.3007587808,2332,31.79% of FP32 peak at median clock,,err/bound=0.00146,model: pred_ms=1.3797 waves=3 resident=8 bound=fma fma_step=256 lds_step=256 latency_exposed=0
4632965,23.1.2,13.3,NVIDIA RTX PRO 6000 Blackwell Max-Q Workstation Edition,24105050,2026-09-27T03:47:58-07:00,mbr,4096x4096x4096,f32,"tforge-gpu-pipeline{block-tile=32,128 thread-tile=8,8 tile-k=16 promote=1 vectorize=1}",b32x128-t8x8-k16; grid=32x128x1 block=16x4x1 padded=4096x4096x4096; regs=152 smem=10240 blocks/SM=6 occ=0.25,,10,100,3.672112,3.260192,0.185295,GFLOP/s,37427.76730992955,2332,33.35% of FP32 peak at median clock,,err/bound=0.00146,model: pred_ms=1.3797 waves=4 resident=6 bound=fma fma_step=512 lds_step=512 latency_exposed=0
4632965,23.1.2,13.3,NVIDIA RTX PRO 6000 Blackwell Max-Q Workstation Edition,24105050,2026-09-27T03:47:58-07:00,mbr,4096x4096x4096,f32,"tforge-gpu-pipeline{block-tile=32,128 thread-tile=8,8 tile-k=32 promote=1 vectorize=1}",b32x128-t8x8-k32; grid=32x128x1 block=16x4x1 padded=4096x4096x4096; regs=158 smem=20480 blocks/SM=4 occ=0.167,,10,100,3.708112,3.323168,0.149949,GFLOP/s,37064.40190371812,2332,33.02% of FP32 peak at median clock,,err/bound=0.00146,model: pred_ms=1.3797 waves=6 resident=4 bound=fma fma_step=1024 lds_step=1024 latency_exposed=0
4632965,23.1.2,13.3,NVIDIA RTX PRO 6000 Blackwell Max-Q Workstation Edition,24105050,2026-09-27T03:47:58-07:00,mbr,4096x4096x4096,f32,"tforge-gpu-pipeline{block-tile=64,32 thread-tile=4,4 tile-k=8 promote=1 vectorize=1}",b64x32-t4x4-k8; grid=128x64x1 block=8x16x1 padded=4096x4096x4096; regs=56 smem=3072 blocks/SM=9 occ=0.75,,10,100,5.412672,4.949824,0.158546,GFLOP/s,25392.07132299907,2332,22.62% of FP32 peak at median clock,,err/bound=0.00146,model: pred_ms=2.5869 waves=5 resident=9 bound=smem fma_step=128 lds_step=256 latency_exposed=0
4632965,23.1.2,13.3,NVIDIA RTX PRO 6000 Blackwell Max-Q Workstation Edition,24105050,2026-09-27T03:47:58-07:00,mbr,4096x4096x4096,f32,"tforge-gpu-pipeline{block-tile=64,32 thread-tile=4,4 tile-k=16 promote=1 vectorize=1}",b64x32-t4x4-k16; grid=128x64x1 block=8x16x1 padded=4096x4096x4096; regs=58 smem=6144 blocks/SM=8 occ=0.667,,10,100,4.798448,4.39072,0.15558,GFLOP/s,28642.376341683816,2332,25.52% of FP32 peak at median clock,,err/bound=0.00146,model: pred_ms=2.7594 waves=6 resident=8 bound=smem fma_step=256 lds_step=512 latency_exposed=0
4632965,23.1.2,13.3,NVIDIA RTX PRO 6000 Blackwell Max-Q Workstation Edition,24105050,2026-09-27T03:47:58-07:00,mbr,4096x4096x4096,f32,"tforge-gpu-pipeline{block-tile=64,32 thread-tile=4,4 tile-k=32 promote=1 vectorize=1}",b64x32-t4x4-k32; grid=128x64x1 block=8x16x1 padded=4096x4096x4096; regs=70 smem=12288 blocks/SM=7 occ=0.583,,10,100,4.44072,4.058144,0.150538,GFLOP/s,30949.700380118542,2332,27.58% of FP32 peak at median clock,,err/bound=0.00146,model: pred_ms=2.8169 waves=7 resident=7 bound=smem fma_step=512 lds_step=1024 latency_exposed=0
4632965,23.1.2,13.3,NVIDIA RTX PRO 6000 Blackwell Max-Q Workstation Edition,24105050,2026-09-27T03:47:58-07:00,mbr,4096x4096x4096,f32,"tforge-gpu-pipeline{block-tile=64,32 thread-tile=8,4 tile-k=8 promote=1 vectorize=1}",b64x32-t8x4-k8; grid=128x64x1 block=8x8x1 padded=4096x4096x4096; regs=84 smem=3072 blocks/SM=10 occ=0.417,,10,100,4.739536,4.314912,0.161531,GFLOP/s,28998.398466010174,2332,25.84% of FP32 peak at median clock,,err/bound=0.00146,model: pred_ms=2.1558 waves=5 resident=10 bound=smem fma_step=128 lds_step=192 latency_exposed=0
4632965,23.1.2,13.3,NVIDIA RTX PRO 6000 Blackwell Max-Q Workstation Edition,24105050,2026-09-27T03:47:58-07:00,mbr,4096x4096x4096,f32,"tforge-gpu-pipeline{block-tile=64,32 thread-tile=8,4 tile-k=16 promote=1 vectorize=1}",b64x32-t8x4-k16; grid=128x64x1 block=8x8x1 padded=4096x4096x4096; regs=92 smem=6144 blocks/SM=10 occ=0.417,,10,100,4.20784,3.818816,0.168119,GFLOP/s,32662.590182136202,2332,29.10% of FP32 peak at median clock,,err/bound=0.00146,model: pred_ms=2.1558 waves=5 resident=10 bound=smem fma_step=256 lds_step=384 latency_exposed=0
4632965,23.1.2,13.3,NVIDIA RTX PRO 6000 Blackwell Max-Q Workstation Edition,24105050,2026-09-27T03:47:58-07:00,mbr,4096x4096x4096,f32,"tforge-gpu-pipeline{block-tile=64,32 thread-tile=8,4 tile-k=32 promote=1 vectorize=1}",b64x32-t8x4-k32; grid=128x64x1 block=8x8x1 padded=4096x4096x4096; regs=104 smem=12288 blocks/SM=7 occ=0.292,,10,100,3.96896,3.530848,0.189642,GFLOP/s,34628.45518019833,2332,30.85% of FP32 peak at median clock,,err/bound=0.00146,model: pred_ms=2.1127 waves=7 resident=7 bound=smem fma_step=512 lds_step=768 latency_exposed=0
4632965,23.1.2,13.3,NVIDIA RTX PRO 6000 Blackwell Max-Q Workstation Edition,24105050,2026-09-27T03:47:58-07:00,mbr,4096x4096x4096,f32,"tforge-gpu-pipeline{block-tile=64,32 thread-tile=4,8 tile-k=8 promote=1 vectorize=1}",b64x32-t4x8-k8; grid=128x64x1 block=4x16x1 padded=4096x4096x4096; regs=76 smem=3072 blocks/SM=12 occ=0.5,,10,100,5.309632,4.850016,0.154022,GFLOP/s,25884.835987126793,2310,23.28% of FP32 peak at median clock,,err/bound=0.00146,model: pred_ms=2.0696 waves=4 resident=12 bound=smem fma_step=128 lds_step=192 latency_exposed=0
4632965,23.1.2,13.3,NVIDIA RTX PRO 6000 Blackwell Max-Q Workstation Edition,24105050,2026-09-27T03:47:58-07:00,mbr,4096x4096x4096,f32,"tforge-gpu-pipeline{block-tile=64,32 thread-tile=4,8 tile-k=16 promote=1 vectorize=1}",b64x32-t4x8-k16; grid=128x64x1 block=4x16x1 padded=4096x4096x4096; regs=80 smem=6144 blocks/SM=12 occ=0.5,,10,100,4.754464,4.340576,0.156136,GFLOP/s,28907.34969746327,2332,25.76% of FP32 peak at median clock,,err/bound=0.00146,model: pred_ms=2.0696 waves=4 resident=12 bound=smem fma_step=256 lds_step=384 latency_exposed=0
4632965,23.1.2,13.3,NVIDIA RTX PRO 6000 Blackwell Max-Q Workstation Edition,24105050,2026-09-27T03:47:58-07:00,mbr,4096x4096x4096,f32,"tforge-gpu-pipeline{block-tile=64,32 thread-tile=4,8 tile-k=32 promote=1 vectorize=1}",b64x32-t4x8-k32; grid=128x64x1 block=4x16x1 padded=4096x4096x4096; regs=100 smem=12288 blocks/SM=7 occ=0.292,,10,100,4.408064,4.037888,0.146614,GFLOP/s,31178.98321621464,2332,27.78% of FP32 peak at median clock,,err/bound=0.00146,model: pred_ms=2.1127 waves=7 resident=7 bound=smem fma_step=512 lds_step=768 latency_exposed=0
4632965,23.1.2,13.3,NVIDIA RTX PRO 6000 Blackwell Max-Q Workstation Edition,24105050,2026-09-27T03:47:58-07:00,mbr,4096x4096x4096,f32,"tforge-gpu-pipeline{block-tile=64,32 thread-tile=8,8 tile-k=8 promote=1 vectorize=1}",b64x32-t8x8-k8; grid=128x64x1 block=4x8x1 padded=4096x4096x4096; regs=146 smem=3072 blocks/SM=12 occ=0.25,,10,100,4.947488,4.511392,0.160463,GFLOP/s,27779.542562205304,2332,24.75% of FP32 peak at median clock,,err/bound=0.00146,model: pred_ms=1.3797 waves=4 resident=12 bound=fma fma_step=128 lds_step=128 latency_exposed=0
4632965,23.1.2,13.3,NVIDIA RTX PRO 6000 Blackwell Max-Q Workstation Edition,24105050,2026-09-27T03:47:58-07:00,mbr,4096x4096x4096,f32,"tforge-gpu-pipeline{block-tile=64,32 thread-tile=8,8 tile-k=16 promote=1 vectorize=1}",b64x32-t8x8-k16; grid=128x64x1 block=4x8x1 padded=4096x4096x4096; regs=152 smem=6144 blocks/SM=12 occ=0.25,,10,100,4.17328,3.807392,0.148405,GFLOP/s,32933.077452747,2325,29.43% of FP32 peak at median clock,,err/bound=0.00146,model: pred_ms=1.3797 waves=4 resident=12 bound=fma fma_step=256 lds_step=256 latency_exposed=0
4632965,23.1.2,13.3,NVIDIA RTX PRO 6000 Blackwell Max-Q Workstation Edition,24105050,2026-09-27T03:47:58-07:00,mbr,4096x4096x4096,f32,"tforge-gpu-pipeline{block-tile=64,32 thread-tile=8,8 tile-k=32 promote=1 vectorize=1}",b64x32-t8x8-k32; grid=128x64x1 block=4x8x1 padded=4096x4096x4096; regs=174 smem=12288 blocks/SM=7 occ=0.146,,10,100,3.980752,3.639328,0.148548,GFLOP/s,34525.87688758305,2332,30.76% of FP32 peak at median clock,,err/bound=0.00146,model: pred_ms=1.4084 waves=7 resident=7 bound=fma fma_step=512 lds_step=512 latency_exposed=0
4632965,23.1.2,13.3,NVIDIA RTX PRO 6000 Blackwell Max-Q Workstation Edition,24105050,2026-09-27T03:47:58-07:00,mbr,4096x4096x4096,f32,"tforge-gpu-pipeline{block-tile=64,64 thread-tile=4,4 tile-k=8 promote=1 vectorize=1}",b64x64-t4x4-k8; grid=64x64x1 block=16x16x1 padded=4096x4096x4096; regs=64 smem=4096 blocks/SM=4 occ=0.667,,10,100,4.54392,4.169888,0.145719,GFLOP/s,30246.78107713164,2287,27.48% of FP32 peak at median clock,,err/bound=0.00146,model: pred_ms=2.7594 waves=6 resident=4 bound=smem fma_step=256 lds_step=512 latency_exposed=0
4632965,23.1.2,13.3,NVIDIA RTX PRO 6000 Blackwell Max-Q Workstation Edition,24105050,2026-09-27T03:47:58-07:00,mbr,4096x4096x4096,f32,"tforge-gpu-pipeline{block-tile=64,64 thread-tile=4,4 tile-k=16 promote=1 vectorize=1}",b64x64-t4x4-k16; grid=64x64x1 block=16x16x1 padded=4096x4096x4096; regs=64 smem=8192 blocks/SM=4 occ=0.667,,10,100,3.899328,3.54192,0.148991,GFLOP/s,35246.83060055476,2332,31.40% of FP32 peak at median clock,,err/bound=0.00146,model: pred_ms=2.7594 waves=6 resident=4 bound=smem fma_step=512 lds_step=1024 latency_exposed=0
4632965,23.1.2,13.3,NVIDIA RTX PRO 6000 Blackwell Max-Q Workstation Edition,24105050,2026-09-27T03:47:58-07:00,mbr,4096x4096x4096,f32,"tforge-gpu-pipeline{block-tile=64,64 thread-tile=4,4 tile-k=32 promote=1 vectorize=1}",b64x64-t4x4-k32; grid=64x64x1 block=16x16x1 padded=4096x4096x4096; regs=74 smem=16384 blocks/SM=3 occ=0.5,,10,100,3.815088,3.476128,0.14721,GFLOP/s,36025.10701509376,2295,32.62% of FP32 peak at median clock,,err/bound=0.00146,model: pred_ms=2.7594 waves=8 resident=3 bound=smem fma_step=1024 lds_step=2048 latency_exposed=0
4632965,23.1.2,13.3,NVIDIA RTX PRO 6000 Blackwell Max-Q Workstation Edition,24105050,2026-09-27T03:47:58-07:00,mbr,4096x4096x4096,f32,"tforge-gpu-pipeline{block-tile=64,64 thread-tile=8,4 tile-k=8 promote=1 vectorize=1}",b64x64-t8x4-k8; grid=64x64x1 block=16x8x1 padded=4096x4096x4096; regs=82 smem=4096 blocks/SM=5 occ=0.417,,10,100,3.82872,3.335872,0.21788,GFLOP/s,35896.84110407656,2332,31.98% of FP32 peak at median clock,,err/bound=0.00146,model: pred_ms=2.1558 waves=5 resident=5 bound=smem fma_step=256 lds_step=384 latency_exposed=0
4632965,23.1.2,13.3,NVIDIA RTX PRO 6000 Blackwell Max-Q Workstation Edition,24105050,2026-09-27T03:47:58-07:00,mbr,4096x4096x4096,f32,"tforge-gpu-pipeline{block-tile=64,64 thread-tile=8,4 tile-k=16 promote=1 vectorize=1}",b64x64-t8x4-k16; grid=64x64x1 block=16x8x1 padded=4096x4096x4096; regs=88 smem=8192 blocks/SM=5 occ=0.417,,10,100,3.597024,3.128032,0.209914,GFLOP/s,38209.07324276958,2332,34.04% of FP32 peak at median clock,,err/bound=0.00146,model: pred_ms=2.1558 waves=5 resident=5 bound=smem fma_step=512 lds_step=768 latency_exposed=0
4632965,23.1.2,13.3,NVIDIA RTX PRO 6000 Blackwell Max-Q Workstation Edition,24105050,2026-09-27T03:47:58-07:00,mbr,4096x4096x4096,f32,"tforge-gpu-pipeline{block-tile=64,64 thread-tile=8,4 tile-k=32 promote=1 vectorize=1}",b64x64-t8x4-k32; grid=64x64x1 block=16x8x1 padded=4096x4096x4096; regs=94 smem=16384 blocks/SM=5 occ=0.417,,10,100,3.46208,3.006272,0.208505,GFLOP/s,39698.37596820408,2332,35.37% of FP32 peak at median clock,,err/bound=0.00146,model: pred_ms=2.1558 waves=5 resident=5 bound=smem fma_step=1024 lds_step=1536 latency_exposed=0
4632965,23.1.2,13.3,NVIDIA RTX PRO 6000 Blackwell Max-Q Workstation Edition,24105050,2026-09-27T03:47:58-07:00,mbr,4096x4096x4096,f32,"tforge-gpu-pipeline{block-tile=64,64 thread-tile=4,8 tile-k=8 promote=1 vectorize=1}",b64x64-t4x8-k8; grid=64x64x1 block=8x16x1 padded=4096x4096x4096; regs=76 smem=4096 blocks/SM=6 occ=0.5,,10,100,5.044432,4.589024,0.160292,GFLOP/s,27245.674730475108,2332,24.28% of FP32 peak at median clock,,err/bound=0.00146,model: pred_ms=2.0696 waves=4 resident=6 bound=smem fma_step=256 lds_step=384 latency_exposed=0
4632965,23.1.2,13.3,NVIDIA RTX PRO 6000 Blackwell Max-Q Workstation Edition,24105050,2026-09-27T03:47:58-07:00,mbr,4096x4096x4096,f32,"tforge-gpu-pipeline{block-tile=64,64 thread-tile=4,8 tile-k=16 promote=1 vectorize=1}",b64x64-t4x8-k16; grid=64x64x1 block=8x16x1 padded=4096x4096x4096; regs=80 smem=8192 blocks/SM=6 occ=0.5,,10,100,4.816688,4.341952,0.175872,GFLOP/s,28533.91240454021,2332,25.42% of FP32 peak at median clock,,err/bound=0.00146,model: pred_ms=2.0696 waves=4 resident=6 bound=smem fma_step=512 lds_step=768 latency_exposed=0
4632965,23.1.2,13.3,NVIDIA RTX PRO 6000 Blackwell Max-Q Workstation Edition,24105050,2026-09-27T03:47:58-07:00,mbr,4096x4096x4096,f32,"tforge-gpu-pipeline{block-tile=64,64 thread-tile=4,8 tile-k=32 promote=1 vectorize=1}",b64x64-t4x8-k32; grid=64x64x1 block=8x16x1 padded=4096x4096x4096; regs=96 smem=16384 blocks/SM=5 occ=0.417,,10,100,4.60304,4.161664,0.16572,GFLOP/s,29858.300921130383,2287,27.13% of FP32 peak at median clock,,err/bound=0.00146,model: pred_ms=2.1558 waves=5 resident=5 bound=smem fma_step=1024 lds_step=1536 latency_exposed=0
4632965,23.1.2,13.3,NVIDIA RTX PRO 6000 Blackwell Max-Q Workstation Edition,24105050,2026-09-27T03:47:58-07:00,mbr,4096x4096x4096,f32,"tforge-gpu-pipeline{block-tile=64,64 thread-tile=8,8 tile-k=8 promote=1 vectorize=1}",b64x64-t8x8-k8; grid=64x64x1 block=8x8x1 padded=4096x4096x4096; regs=146 smem=4096 blocks/SM=6 occ=0.25,,10,100,3.927248,3.588992,0.141739,GFLOP/s,34996.250166019556,2332,31.18% of FP32 peak at median clock,,err/bound=0.00146,model: pred_ms=1.3797 waves=4 resident=6 bound=fma fma_step=256 lds_step=256 latency_exposed=0
4632965,23.1.2,13.3,NVIDIA RTX PRO 6000 Blackwell Max-Q Workstation Edition,24105050,2026-09-27T03:47:58-07:00,mbr,4096x4096x4096,f32,"tforge-gpu-pipeline{block-tile=64,64 thread-tile=8,8 tile-k=16 promote=1 vectorize=1}",b64x64-t8x8-k16; grid=64x64x1 block=8x8x1 padded=4096x4096x4096; regs=150 smem=8192 blocks/SM=6 occ=0.25,,10,100,3.663824,3.340064,0.141624,GFLOP/s,37512.433313390604,2325,33.52% of FP32 peak at median clock,,err/bound=0.00146,model: pred_ms=1.3797 waves=4 resident=6 bound=fma fma_step=512 lds_step=512 latency_exposed=0
4632965,23.1.2,13.3,NVIDIA RTX PRO 6000 Blackwell Max-Q Workstation Edition,24105050,2026-09-27T03:47:58-07:00,mbr,4096x4096x4096,f32,"tforge-gpu-pipeline{block-tile=64,64 thread-tile=8,8 tile-k=32 promote=1 vectorize=1}",b64x64-t8x8-k32; grid=64x64x1 block=8x8x1 padded=4096x4096x4096; regs=158 smem=16384 blocks/SM=5 occ=0.208,,10,100,3.592896,3.288736,0.13293,GFLOP/s,38252.97294216142,2332,34.08% of FP32 peak at median clock,,err/bound=0.00146,model: pred_ms=1.4372 waves=5 resident=5 bound=fma fma_step=1024 lds_step=1024 latency_exposed=0
4632965,23.1.2,13.3,NVIDIA RTX PRO 6000 Blackwell Max-Q Workstation Edition,24105050,2026-09-27T03:47:58-07:00,mbr,4096x4096x4096,f32,"tforge-gpu-pipeline{block-tile=64,128 thread-tile=4,4 tile-k=8 promote=1 vectorize=1}",b64x128-t4x4-k8; grid=32x64x1 block=32x16x1 padded=4096x4096x4096; regs=63 smem=6144 blocks/SM=2 occ=0.667,,10,100,4.433264,4.064832,0.142968,GFLOP/s,31001.752539889345,2332,27.62% of FP32 peak at median clock,,err/bound=0.00146,model: pred_ms=2.7594 waves=6 resident=2 bound=smem fma_step=512 lds_step=1024 latency_exposed=0
4632965,23.1.2,13.3,NVIDIA RTX PRO 6000 Blackwell Max-Q Workstation Edition,24105050,2026-09-27T03:47:58-07:00,mbr,4096x4096x4096,f32,"tforge-gpu-pipeline{block-tile=64,128 thread-tile=4,4 tile-k=16 promote=1 vectorize=1}",b64x128-t4x4-k16; grid=32x64x1 block=32x16x1 padded=4096x4096x4096; regs=64 smem=12288 blocks/SM=2 occ=0.667,,10,100,3.914256,3.57568,0.136004,GFLOP/s,35112.407944702645,2332,31.28% of FP32 peak at median clock,,err/bound=0.00146,model: pred_ms=2.7594 waves=6 resident=2 bound=smem fma_step=1024 lds_step=2048 latency_exposed=0
4632965,23.1.2,13.3,NVIDIA RTX PRO 6000 Blackwell Max-Q Workstation Edition,24105050,2026-09-27T03:47:58-07:00,mbr,4096x4096x4096,f32,"tforge-gpu-pipeline{block-tile=64,128 thread-tile=4,4 tile-k=32 promote=1 vectorize=1}",b64x128-t4x4-k32; grid=32x64x1 block=32x16x1 padded=4096x4096x4096; regs=64 smem=24576 blocks/SM=2 occ=0.667,,10,100,3.671152,3.354976,0.135923,GFLOP/s,37437.554607382095,2332,33.36% of FP32 peak at median clock,,err/bound=0.00146,model: pred_ms=2.7594 waves=6 resident=2 bound=smem fma_step=2048 lds_step=4096 latency_exposed=0
4632965,23.1.2,13.3,NVIDIA RTX PRO 6000 Blackwell Max-Q Workstation Edition,24105050,2026-09-27T03:47:58-07:00,mbr,4096x4096x4096,f32,"tforge-gpu-pipeline{block-tile=64,128 thread-tile=8,4 tile-k=8 promote=1 vectorize=1}",b64x128-t8x4-k8; grid=32x64x1 block=32x8x1 padded=4096x4096x4096; regs=80 smem=6144 blocks/SM=3 occ=0.5,,10,100,3.6896,3.328064,0.157209,GFLOP/s,37250.36683434519,2332,33.19% of FP32 peak at median clock,,err/bound=0.00146,model: pred_ms=2.0696 waves=4 resident=3 bound=smem fma_step=512 lds_step=768 latency_exposed=0
4632965,23.1.2,13.3,NVIDIA RTX PRO 6000 Blackwell Max-Q Workstation Edition,24105050,2026-09-27T03:47:58-07:00,mbr,4096x4096x4096,f32,"tforge-gpu-pipeline{block-tile=64,128 thread-tile=8,4 tile-k=16 promote=1 vectorize=1}",b64x128-t8x4-k16; grid=32x64x1 block=32x8x1 padded=4096x4096x4096; regs=88 smem=12288 blocks/SM=2 occ=0.333,,10,100,3.376352,3.034336,0.152644,GFLOP/s,40706.34621982542,2332,36.27% of FP32 peak at median clock,,err/bound=0.00146,model: pred_ms=2.0696 waves=6 resident=2 bound=smem fma_step=1024 lds_step=1536 latency_exposed=0
4632965,23.1.2,13.3,NVIDIA RTX PRO 6000 Blackwell Max-Q Workstation Edition,24105050,2026-09-27T03:47:58-07:00,mbr,4096x4096x4096,f32,"tforge-gpu-pipeline{block-tile=64,128 thread-tile=8,4 tile-k=32 promote=1 vectorize=1}",b64x128-t8x4-k32; grid=32x64x1 block=32x8x1 padded=4096x4096x4096; regs=94 smem=24576 blocks/SM=2 occ=0.333,,10,100,3.25344,2.923776,0.150487,GFLOP/s,42244.19490508508,2332,37.64% of FP32 peak at median clock,,err/bound=0.00146,model: pred_ms=2.0696 waves=6 resident=2 bound=smem fma_step=2048 lds_step=3072 latency_exposed=0
4632965,23.1.2,13.3,NVIDIA RTX PRO 6000 Blackwell Max-Q Workstation Edition,24105050,2026-09-27T03:47:58-07:00,mbr,4096x4096x4096,f32,"tforge-gpu-pipeline{block-tile=64,128 thread-tile=4,8 tile-k=8 promote=1 vectorize=1}",b64x128-t4x8-k8; grid=32x64x1 block=16x16x1 padded=4096x4096x4096; regs=80 smem=6144 blocks/SM=3 occ=0.5,,10,100,4.603024,4.181664,0.158576,GFLOP/s,29858.404707861617,2332,26.60% of FP32 peak at median clock,,err/bound=0.00146,model: pred_ms=2.0696 waves=4 resident=3 bound=smem fma_step=512 lds_step=768 latency_exposed=0
4632965,23.1.2,13.3,NVIDIA RTX PRO 6000 Blackwell Max-Q Workstation Edition,24105050,2026-09-27T03:47:58-07:00,mbr,4096x4096x4096,f32,"tforge-gpu-pipeline{block-tile=64,128 thread-tile=4,8 tile-k=16 promote=1 vectorize=1}",b64x128-t4x8-k16; grid=32x64x1 block=16x16x1 padded=4096x4096x4096; regs=80 smem=12288 blocks/SM=3 occ=0.5,,10,100,4.303664,3.913952,0.153806,GFLOP/s,31935.33544254384,2332,28.45% of FP32 peak at median clock,,err/bound=0.00146,model: pred_ms=2.0696 waves=4 resident=3 bound=smem fma_step=1024 lds_step=1536 latency_exposed=0
4632965,23.1.2,13.3,NVIDIA RTX PRO 6000 Blackwell Max-Q Workstation Edition,24105050,2026-09-27T03:47:58-07:00,mbr,4096x4096x4096,f32,"tforge-gpu-pipeline{block-tile=64,128 thread-tile=4,8 tile-k=32 promote=1 vectorize=1}",b64x128-t4x8-k32; grid=32x64x1 block=16x16x1 padded=4096x4096x4096; regs=80 smem=24576 blocks/SM=3 occ=0.5,,10,100,4.182624,3.813216,0.146926,GFLOP/s,32859.50481611544,2332,29.28% of FP32 peak at median clock,,err/bound=0.00146,model: pred_ms=2.0696 waves=4 resident=3 bound=smem fma_step=2048 lds_step=3072 latency_exposed=0
4632965,23.1.2,13.3,NVIDIA RTX PRO 6000 Blackwell Max-Q Workstation Edition,24105050,2026-09-27T03:47:58-07:00,mbr,4096x4096x4096,f32,"tforge-gpu-pipeline{block-tile=64,128 thread-tile=8,8 tile-k=8 promote=1 vectorize=1}",b64x128-t8x8-k8; grid=32x64x1 block=16x8x1 padded=4096x4096x4096; regs=146 smem=6144 blocks/SM=3 occ=0.25,,10,100,3.547616,3.203168,0.149645,GFLOP/s,38741.214796640896,2332,34.52% of FP32 peak at median clock,,err/bound=0.00146,model: pred_ms=1.3797 waves=4 resident=3 bound=fma fma_step=512 lds_step=512 latency_exposed=0
4632965,23.1.2,13.3,NVIDIA RTX PRO 6000 Blackwell Max-Q Workstation Edition,24105050,2026-09-27T03:47:58-07:00,mbr,4096x4096x4096,f32,"tforge-gpu-pipeline{block-tile=64,128 thread-tile=8,8 tile-k=16 promote=1 vectorize=1}",b64x128-t8x8-k16; grid=32x64x1 block=16x8x1 padded=4096x4096x4096; regs=146 smem=12288 blocks/SM=3 occ=0.25,,10,100,3.353808,3.03984,0.13633,GFLOP/s,40979.97066975808,2332,36.51% of FP32 peak at median clock,,err/bound=0.00146,model: pred_ms=1.3797 waves=4 resident=3 bound=fma fma_step=1024 lds_step=1024 latency_exposed=0
4632965,23.1.2,13.3,NVIDIA RTX PRO 6000 Blackwell Max-Q Workstation Edition,24105050,2026-09-27T03:47:58-07:00,mbr,4096x4096x4096,f32,"tforge-gpu-pipeline{block-tile=64,128 thread-tile=8,8 tile-k=32 promote=1 vectorize=1}",b64x128-t8x8-k32; grid=32x64x1 block=16x8x1 padded=4096x4096x4096; regs=128 smem=24576 blocks/SM=4 occ=0.333,,10,100,3.27272,2.951744,0.143548,GFLOP/s,41995.32910606468,2332,37.42% of FP32 peak at median clock,,err/bound=0.00146,model: pred_ms=1.3797 waves=3 resident=4 bound=fma fma_step=2048 lds_step=2048 latency_exposed=0
4632965,23.1.2,13.3,NVIDIA RTX PRO 6000 Blackwell Max-Q Workstation Edition,24105050,2026-09-27T03:47:58-07:00,mbr,4096x4096x4096,f32,"tforge-gpu-pipeline{block-tile=128,32 thread-tile=4,4 tile-k=8 promote=1 vectorize=1}",b128x32-t4x4-k8; grid=128x32x1 block=8x32x1 padded=4096x4096x4096; regs=64 smem=5120 blocks/SM=4 occ=0.667,,10,100,5.04336,4.62704,0.154819,GFLOP/s,27251.46598140922,2280,24.83% of FP32 peak at median clock,,err/bound=0.00146,model: pred_ms=2.7594 waves=6 resident=4 bound=smem fma_step=256 lds_step=512 latency_exposed=0
4632965,23.1.2,13.3,NVIDIA RTX PRO 6000 Blackwell Max-Q Workstation Edition,24105050,2026-09-27T03:47:58-07:00,mbr,4096x4096x4096,f32,"tforge-gpu-pipeline{block-tile=128,32 thread-tile=4,4 tile-k=16 promote=1 vectorize=1}",b128x32-t4x4-k16; grid=128x32x1 block=8x32x1 padded=4096x4096x4096; regs=64 smem=10240 blocks/SM=4 occ=0.667,,10,100,4.813376,4.412928,0.150501,GFLOP/s,28553.54609155819,2332,25.44% of FP32 peak at median clock,,err/bound=0.00146,model: pred_ms=2.7594 waves=6 resident=4 bound=smem fma_step=512 lds_step=1024 latency_exposed=0
4632965,23.1.2,13.3,NVIDIA RTX PRO 6000 Blackwell Max-Q Workstation Edition,24105050,2026-09-27T03:47:58-07:00,mbr,4096x4096x4096,f32,"tforge-gpu-pipeline{block-tile=128,32 thread-tile=4,4 tile-k=32 promote=1 vectorize=1}",b128x32-t4x4-k32; grid=128x32x1 block=8x32x1 padded=4096x4096x4096; regs=64 smem=20480 blocks/SM=4 occ=0.667,,10,100,4.378784,4.01984,0.139546,GFLOP/s,31387.470464859656,2332,27.97% of FP32 peak at median clock,,err/bound=0.00146,model: pred_ms=2.7594 waves=6 resident=4 bound=smem fma_step=1024 lds_step=2048 latency_exposed=0
4632965,23.1.2,13.3,NVIDIA RTX PRO 6000 Blackwell Max-Q Workstation Edition,24105050,2026-09-27T03:47:58-07:00,mbr,4096x4096x4096,f32,"tforge-gpu-pipeline{block-tile=128,32 thread-tile=8,4 tile-k=8 promote=1 vectorize=1}",b128x32-t8x4-k8; grid=128x32x1 block=8x16x1 padded=4096x4096x4096; regs=88 smem=5120 blocks/SM=5 occ=0.417,,10,100,4.634112,4.238656,0.154794,GFLOP/s,29658.099215556293,2332,26.43% of FP32 peak at median clock,,err/bound=0.00146,model: pred_ms=2.1558 waves=5 resident=5 bound=smem fma_step=256 lds_step=384 latency_exposed=0
4632965,23.1.2,13.3,NVIDIA RTX PRO 6000 Blackwell Max-Q Workstation Edition,24105050,2026-09-27T03:47:58-07:00,mbr,4096x4096x4096,f32,"tforge-gpu-pipeline{block-tile=128,32 thread-tile=8,4 tile-k=16 promote=1 vectorize=1}",b128x32-t8x4-k16; grid=128x32x1 block=8x16x1 padded=4096x4096x4096; regs=88 smem=10240 blocks/SM=5 occ=0.417,,10,100,4.087072,3.725312,0.150286,GFLOP/s,33627.72994260928,2340,29.86% of FP32 peak at median clock,,err/bound=0.00146,model: pred_ms=2.1558 waves=5 resident=5 bound=smem fma_step=512 lds_step=768 latency_exposed=0
4632965,23.1.2,13.3,NVIDIA RTX PRO 6000 Blackwell Max-Q Workstation Edition,24105050,2026-09-27T03:47:58-07:00,mbr,4096x4096x4096,f32,"tforge-gpu-pipeline{block-tile=128,32 thread-tile=8,4 tile-k=32 promote=1 vectorize=1}",b128x32-t8x4-k32; grid=128x32x1 block=8x16x1 padded=4096x4096x4096; regs=104 smem=20480 blocks/SM=4 occ=0.333,,10,100,3.781072,3.391264,0.169677,GFLOP/s,36349.20294350385,2340,32.28% of FP32 peak at median clock,,err/bound=0.00146,model: pred_ms=2.0696 waves=6 resident=4 bound=smem fma_step=1024 lds_step=1536 latency_exposed=0
4632965,23.1.2,13.3,NVIDIA RTX PRO 6000 Blackwell Max-Q Workstation Edition,24105050,2026-09-27T03:47:58-07:00,mbr,4096x4096x4096,f32,"tforge-gpu-pipeline{block-tile=128,32 thread-tile=4,8 tile-k=8 promote=1 vectorize=1}",b128x32-t4x8-k8; grid=128x32x1 block=4x32x1 padded=4096x4096x4096; regs=76 smem=5120 blocks/SM=6 occ=0.5,,10,100,5.316032,4.869728,0.152125,GFLOP/s,25853.673091508856,2332,23.04% of FP32 peak at median clock,,err/bound=0.00146,model: pred_ms=2.0696 waves=4 resident=6 bound=smem fma_step=256 lds_step=384 latency_exposed=0
4632965,23.1.2,13.3,NVIDIA RTX PRO 6000 Blackwell Max-Q Workstation Edition,24105050,2026-09-27T03:47:58-07:00,mbr,4096x4096x4096,f32,"tforge-gpu-pipeline{block-tile=128,32 thread-tile=4,8 tile-k=16 promote=1 vectorize=1}",b128x32-t4x8-k16; grid=128x32x1 block=4x32x1 padded=4096x4096x4096; regs=80 smem=10240 blocks/SM=6 occ=0.5,,10,100,4.628416,4.234432,0.151573,GFLOP/s,29694.598210705346,2332,26.46% of FP32 peak at median clock,,err/bound=0.00146,model: pred_ms=2.0696 waves=4 resident=6 bound=smem fma_step=512 lds_step=768 latency_exposed=0
4632965,23.1.2,13.3,NVIDIA RTX PRO 6000 Blackwell Max-Q Workstation Edition,24105050,2026-09-27T03:47:58-07:00,mbr,4096x4096x4096,f32,"tforge-gpu-pipeline{block-tile=128,32 thread-tile=4,8 tile-k=32 promote=1 vectorize=1}",b128x32-t4x8-k32; grid=128x32x1 block=4x32x1 padded=4096x4096x4096; regs=99 smem=20480 blocks/SM=4 occ=0.333,,10,100,4.243536,3.88,0.145136,GFLOP/s,32387.837282869757,2332,28.86% of FP32 peak at median clock,,err/bound=0.00146,model: pred_ms=2.0696 waves=6 resident=4 bound=smem fma_step=1024 lds_step=1536 latency_exposed=0
4632965,23.1.2,13.3,NVIDIA RTX PRO 6000 Blackwell Max-Q Workstation Edition,24105050,2026-09-27T03:47:58-07:00,mbr,4096x4096x4096,f32,"tforge-gpu-pipeline{block-tile=128,32 thread-tile=8,8 tile-k=8 promote=1 vectorize=1}",b128x32-t8x8-k8; grid=128x32x1 block=4x16x1 padded=4096x4096x4096; regs=128 smem=5120 blocks/SM=8 occ=0.333,,10,100,4.784176,4.358848,0.159667,GFLOP/s,28727.82135774269,2325,25.67% of FP32 peak at median clock,,err/bound=0.00146,model: pred_ms=1.3797 waves=3 resident=8 bound=fma fma_step=256 lds_step=256 latency_exposed=0
4632965,23.1.2,13.3,NVIDIA RTX PRO 6000 Blackwell Max-Q Workstation Edition,24105050,2026-09-27T03:47:58-07:00,mbr,4096x4096x4096,f32,"tforge-gpu-pipeline{block-tile=128,32 thread-tile=8,8 tile-k=16 promote=1 vectorize=1}",b128x32-t8x8-k16; grid=128x32x1 block=4x16x1 padded=4096x4096x4096; regs=146 smem=10240 blocks/SM=6 occ=0.25,,10,100,4.053712,3.712896,0.140862,GFLOP/s,33904.46915617094,2332,30.21% of FP32 peak at median clock,,err/bound=0.00146,model: pred_ms=1.3797 waves=4 resident=6 bound=fma fma_step=512 lds_step=512 latency_exposed=0
4632965,23.1.2,13.3,NVIDIA RTX PRO 6000 Blackwell Max-Q Workstation Edition,24105050,2026-09-27T03:47:58-07:00,mbr,4096x4096x4096,f32,"tforge-gpu-pipeline{block-tile=128,32 thread-tile=8,8 tile-k=32 promote=1 vectorize=1}",b128x32-t8x8-k32; grid=128x32x1 block=4x16x1 padded=4096x4096x4096; regs=158 smem=20480 blocks/SM=4 occ=0.167,,10,100,3.83432,3.51072,0.134246,GFLOP/s,35844.41399570198,2332,31.94% of FP32 peak at median clock,,err/bound=0.00146,model: pred_ms=1.3797 waves=6 resident=4 bound=fma fma_step=1024 lds_step=1024 latency_exposed=0
4632965,23.1.2,13.3,NVIDIA RTX PRO 6000 Blackwell Max-Q Workstation Edition,24105050,2026-09-27T03:47:58-07:00,mbr,4096x4096x4096,f32,"tforge-gpu-pipeline{block-tile=128,64 thread-tile=4,4 tile-k=8 promote=1 vectorize=1}",b128x64-t4x4-k8; grid=64x32x1 block=16x32x1 padded=4096x4096x4096; regs=64 smem=6144 blocks/SM=2 occ=0.667,,10,100,4.717904,4.306176,0.155054,GFLOP/s,29131.358644008014,2332,25.96% of FP32 peak at median clock,,err/bound=0.00146,model: pred_ms=2.7594 waves=6 resident=2 bound=smem fma_step=512 lds_step=1024 latency_exposed=0
4632965,23.1.2,13.3,NVIDIA RTX PRO 6000 Blackwell Max-Q Workstation Edition,24105050,2026-09-27T03:47:58-07:00,mbr,4096x4096x4096,f32,"tforge-gpu-pipeline{block-tile=128,64 thread-tile=4,4 tile-k=16 promote=1 vectorize=1}",b128x64-t4x4-k16; grid=64x32x1 block=16x32x1 padded=4096x4096x4096; regs=64 smem=12288 blocks/SM=2 occ=0.667,,10,100,3.930288,3.5952,0.140443,GFLOP/s,34969.18125898153,2332,31.16% of FP32 peak at median clock,,err/bound=0.00146,model: pred_ms=2.7594 waves=6 resident=2 bound=smem fma_step=1024 lds_step=2048 latency_exposed=0
4632965,23.1.2,13.3,NVIDIA RTX PRO 6000 Blackwell Max-Q Workstation Edition,24105050,2026-09-27T03:47:58-07:00,mbr,4096x4096x4096,f32,"tforge-gpu-pipeline{block-tile=128,64 thread-tile=4,4 tile-k=32 promote=1 vectorize=1}",b128x64-t4x4-k32; grid=64x32x1 block=16x32x1 padded=4096x4096x4096; regs=64 smem=24576 blocks/SM=2 occ=0.667,,10,100,3.635728,3.326816,0.130833,GFLOP/s,37802.320050344795,2332,33.68% of FP32 peak at median clock,,err/bound=0.00146,model: pred_ms=2.7594 waves=6 resident=2 bound=smem fma_step=2048 lds_step=4096 latency_exposed=0
4632965,23.1.2,13.3,NVIDIA RTX PRO 6000 Blackwell Max-Q Workstation Edition,24105050,2026-09-27T03:47:58-07:00,mbr,4096x4096x4096,f32,"tforge-gpu-pipeline{block-tile=128,64 thread-tile=8,4 tile-k=8 promote=1 vectorize=1}",b128x64-t8x4-k8; grid=64x32x1 block=16x16x1 padded=4096x4096x4096; regs=88 smem=6144 blocks/SM=2 occ=0.333,,10,100,3.8884,3.599264,0.11915,GFLOP/s,35345.88866166033,2272,32.32% of FP32 peak at median clock,,err/bound=0.00146,model: pred_ms=2.0696 waves=6 resident=2 bound=smem fma_step=512 lds_step=768 latency_exposed=0
4632965,23.1.2,13.3,NVIDIA RTX PRO 6000 Blackwell Max-Q Workstation Edition,24105050,2026-09-27T03:47:58-07:00,mbr,4096x4096x4096,f32,"tforge-gpu-pipeline{block-tile=128,64 thread-tile=8,4 tile-k=16 promote=1 vectorize=1}",b128x64-t8x4-k16; grid=64x32x1 block=16x16x1 padded=4096x4096x4096; regs=88 smem=12288 blocks/SM=2 occ=0.333,,10,100,3.411856,3.102592,0.136708,GFLOP/s,40282.75327915362,2332,35.89% of FP32 peak at median clock,,err/bound=0.00146,model: pred_ms=2.0696 waves=6 resident=2 bound=smem fma_step=1024 lds_step=1536 latency_exposed=0
4632965,23.1.2,13.3,NVIDIA RTX PRO 6000 Blackwell Max-Q Workstation Edition,24105050,2026-09-27T03:47:58-07:00,mbr,4096x4096x4096,f32,"tforge-gpu-pipeline{block-tile=128,64 thread-tile=8,4 tile-k=32 promote=1 vectorize=1}",b128x64-t8x4-k32; grid=64x32x1 block=16x16x1 padded=4096x4096x4096; regs=94 smem=24576 blocks/SM=2 occ=0.333,,10,100,3.243296,2.912896,0.150368,GFLOP/s,42376.321332372994,2332,37.76% of FP32 peak at median clock,,err/bound=0.00146,model: pred_ms=2.0696 waves=6 resident=2 bound=smem fma_step=2048 lds_step=3072 latency_exposed=0
4632965,23.1.2,13.3,NVIDIA RTX PRO 6000 Blackwell Max-Q Workstation Edition,24105050,2026-09-27T03:47:58-07:00,mbr,4096x4096x4096,f32,"tforge-gpu-pipeline{block-tile=128,64 thread-tile=4,8 tile-k=8 promote=1 vectorize=1}",b128x64-t4x8-k8; grid=64x32x1 block=8x32x1 padded=4096x4096x4096; regs=80 smem=6144 blocks/SM=3 occ=0.5,,10,100,4.874608,4.348032,0.196013,GFLOP/s,28194.872997377424,2332,25.12% of FP32 peak at median clock,,err/bound=0.00146,model: pred_ms=2.0696 waves=4 resident=3 bound=smem fma_step=512 lds_step=768 latency_exposed=0
4632965,23.1.2,13.3,NVIDIA RTX PRO 6000 Blackwell Max-Q Workstation Edition,24105050,2026-09-27T03:47:58-07:00,mbr,4096x4096x4096,f32,"tforge-gpu-pipeline{block-tile=128,64 thread-tile=4,8 tile-k=16 promote=1 vectorize=1}",b128x64-t4x8-k16; grid=64x32x1 block=8x32x1 padded=4096x4096x4096; regs=80 smem=12288 blocks/SM=3 occ=0.5,,10,100,4.644608,4.148384,0.188951,GFLOP/s,29591.07710962906,2332,26.37% of FP32 peak at median clock,,err/bound=0.00146,model: pred_ms=2.0696 waves=4 resident=3 bound=smem fma_step=1024 lds_step=1536 latency_exposed=0
4632965,23.1.2,13.3,NVIDIA RTX PRO 6000 Blackwell Max-Q Workstation Edition,24105050,2026-09-27T03:47:58-07:00,mbr,4096x4096x4096,f32,"tforge-gpu-pipeline{block-tile=128,64 thread-tile=4,8 tile-k=32 promote=1 vectorize=1}",b128x64-t4x8-k32; grid=64x32x1 block=8x32x1 padded=4096x4096x4096; regs=80 smem=24576 blocks/SM=3 occ=0.5,,10,100,4.44048,3.956576,0.178789,GFLOP/s,30951.3731560552,2332,27.58% of FP32 peak at median clock,,err/bound=0.00146,model: pred_ms=2.0696 waves=4 resident=3 bound=smem fma_step=2048 lds_step=3072 latency_exposed=0
4632965,23.1.2,13.3,NVIDIA RTX PRO 6000 Blackwell Max-Q Workstation Edition,24105050,2026-09-27T03:47:58-07:00,mbr,4096x4096x4096,f32,"tforge-gpu-pipeline{block-tile=128,64 thread-tile=8,8 tile-k=8 promote=1 vectorize=1}",b128x64-t8x8-k8; grid=64x32x1 block=8x16x1 padded=4096x4096x4096; regs=128 smem=6144 blocks/SM=4 occ=0.333,,10,100,3.813904,3.488192,0.135244,GFLOP/s,36036.29075928497,2332,32.11% of FP32 peak at median clock,,err/bound=0.00146,model: pred_ms=1.3797 waves=3 resident=4 bound=fma fma_step=512 lds_step=512 latency_exposed=0
4632965,23.1.2,13.3,NVIDIA RTX PRO 6000 Blackwell Max-Q Workstation Edition,24105050,2026-09-27T03:47:58-07:00,mbr,4096x4096x4096,f32,"tforge-gpu-pipeline{block-tile=128,64 thread-tile=8,8 tile-k=16 promote=1 vectorize=1}",b128x64-t8x8-k16; grid=64x32x1 block=8x16x1 padded=4096x4096x4096; regs=150 smem=12288 blocks/SM=3 occ=0.25,,10,100,3.569904,3.264384,0.131454,GFLOP/s,38499.34157108987,2332,34.30% of FP32 peak at median clock,,err/bound=0.00146,model: pred_ms=1.3797 waves=4 resident=3 bound=fma fma_step=1024 lds_step=1024 latency_exposed=0
4632965,23.1.2,13.3,NVIDIA RTX PRO 6000 Blackwell Max-Q Workstation Edition,24105050,2026-09-27T03:47:58-07:00,mbr,4096x4096x4096,f32,"tforge-gpu-pipeline{block-tile=128,64 thread-tile=8,8 tile-k=32 promote=1 vectorize=1}",b128x64-t8x8-k32; grid=64x32x1 block=8x16x1 padded=4096x4096x4096; regs=128 smem=24576 blocks/SM=4 occ=0.333,,10,100,3.398912,3.101984,0.131814,GFLOP/s,40436.16118098968,2332,36.03% of FP32 peak at median clock,,err/bound=0.00146,model: pred_ms=1.3797 waves=3 resident=4 bound=fma fma_step=2048 lds_step=2048 latency_exposed=0
4632965,23.1.2,13.3,NVIDIA RTX PRO 6000 Blackwell Max-Q Workstation Edition,24105050,2026-09-27T03:47:58-07:00,mbr,4096x4096x4096,f32,"tforge-gpu-pipeline{block-tile=128,128 thread-tile=4,4 tile-k=8 promote=1 vectorize=1}",b128x128-t4x4-k8; grid=32x32x1 block=32x32x1 padded=4096x4096x4096; regs=64 smem=8192 blocks/SM=1 occ=0.667,,10,100,4.834752,4.459584,0.160534,GFLOP/s,28427.30164277299,2332,25.33% of FP32 peak at median clock,,err/bound=0.00146,model: pred_ms=3.5678 waves=6 resident=1 bound=smem fma_step=1024 lds_step=2048 latency_exposed=1
4632965,23.1.2,13.3,NVIDIA RTX PRO 6000 Blackwell Max-Q Workstation Edition,24105050,2026-09-27T03:47:58-07:00,mbr,4096x4096x4096,f32,"tforge-gpu-pipeline{block-tile=128,128 thread-tile=4,4 tile-k=16 promote=1 vectorize=1}",b128x128-t4x4-k16; grid=32x32x1 block=32x32x1 padded=4096x4096x4096; regs=64 smem=16384 blocks/SM=1 occ=0.667,,10,100,4.199904,3.911104,0.120226,GFLOP/s,32724.3083346667,2302,29.54% of FP32 peak at median clock,,err/bound=0.00146,model: pred_ms=3.1636 waves=6 resident=1 bound=smem fma_step=2048 lds_step=4096 latency_exposed=1
4632965,23.1.2,13.3,NVIDIA RTX PRO 6000 Blackwell Max-Q Workstation Edition,24105050,2026-09-27T03:47:58-07:00,mbr,4096x4096x4096,f32,"tforge-gpu-pipeline{block-tile=128,128 thread-tile=4,4 tile-k=32 promote=1 vectorize=1}",b128x128-t4x4-k32; grid=32x32x1 block=32x32x1 padded=4096x4096x4096; regs=64 smem=32768 blocks/SM=1 occ=0.667,,10,100,3.886832,3.60672,0.120227,GFLOP/s,35360.14766575967,2332,31.51% of FP32 peak at median clock,,err/bound=0.00146,model: pred_ms=2.9615 waves=6 resident=1 bound=smem fma_step=4096 lds_step=8192 latency_exposed=1
4632965,23.1.2,13.3,NVIDIA RTX PRO 6000 Blackwell Max-Q Workstation Edition,24105050,2026-09-27T03:47:58-07:00,mbr,4096x4096x4096,f32,"tforge-gpu-pipeline{block-tile=128,128 thread-tile=8,4 tile-k=8 promote=1 vectorize=1}",b128x128-t8x4-k8; grid=32x32x1 block=32x16x1 padded=4096x4096x4096; regs=92 smem=8192 blocks/SM=1 occ=0.333,,10,100,4.501872,4.18208,0.147486,GFLOP/s,30529.289476022423,2332,27.20% of FP32 peak at median clock,,err/bound=0.00146,model: pred_ms=2.8780 waves=6 resident=1 bound=smem fma_step=1024 lds_step=1536 latency_exposed=1
4632965,23.1.2,13.3,NVIDIA RTX PRO 6000 Blackwell Max-Q Workstation Edition,24105050,2026-09-27T03:47:58-07:00,mbr,4096x4096x4096,f32,"tforge-gpu-pipeline{block-tile=128,128 thread-tile=8,4 tile-k=16 promote=1 vectorize=1}",b128x128-t8x4-k16; grid=32x32x1 block=32x16x1 padded=4096x4096x4096; regs=92 smem=16384 blocks/SM=1 occ=0.333,,10,100,3.671104,3.424064,0.108287,GFLOP/s,37438.04410662297,2332,33.36% of FP32 peak at median clock,,err/bound=0.00146,model: pred_ms=2.4738 waves=6 resident=1 bound=smem fma_step=2048 lds_step=3072 latency_exposed=1
4632965,23.1.2,13.3,NVIDIA RTX PRO 6000 Blackwell Max-Q Workstation Edition,24105050,2026-09-27T03:47:58-07:00,mbr,4096x4096x4096,f32,"tforge-gpu-pipeline{block-tile=128,128 thread-tile=8,4 tile-k=32 promote=1 vectorize=1}",b128x128-t8x4-k32; grid=32x32x1 block=32x16x1 padded=4096x4096x4096; regs=92 smem=32768 blocks/SM=1 occ=0.333,,10,100,3.411008,3.156608,0.110452,GFLOP/s,40292.76784809652,2332,35.90% of FP32 peak at median clock,,err/bound=0.00146,model: pred_ms=2.2717 waves=6 resident=1 bound=smem fma_step=4096 lds_step=6144 latency_exposed=1
4632965,23.1.2,13.3,NVIDIA RTX PRO 6000 Blackwell Max-Q Workstation Edition,24105050,2026-09-27T03:47:58-07:00,mbr,4096x4096x4096,f32,"tforge-gpu-pipeline{block-tile=128,128 thread-tile=4,8 tile-k=8 promote=1 vectorize=1}",b128x128-t4x8-k8; grid=32x32x1 block=16x32x1 padded=4096x4096x4096; regs=84 smem=8192 blocks/SM=1 occ=0.333,,10,100,5.237808,4.988416,0.120349,GFLOP/s,26239.784557204082,2332,23.38% of FP32 peak at median clock,,err/bound=0.00146,model: pred_ms=2.8780 waves=6 resident=1 bound=smem fma_step=1024 lds_step=1536 latency_exposed=1
4632965,23.1.2,13.3,NVIDIA RTX PRO 6000 Blackwell Max-Q Workstation Edition,24105050,2026-09-27T03:47:58-07:00,mbr,4096x4096x4096,f32,"tforge-gpu-pipeline{block-tile=128,128 thread-tile=4,8 tile-k=16 promote=1 vectorize=1}",b128x128-t4x8-k16; grid=32x32x1 block=16x32x1 padded=4096x4096x4096; regs=88 smem=16384 blocks/SM=1 occ=0.333,,10,100,4.574048,4.275904,0.140951,GFLOP/s,30047.55382365904,2332,26.77% of FP32 peak at median clock,,err/bound=0.00146,model: pred_ms=2.4738 waves=6 resident=1 bound=smem fma_step=2048 lds_step=3072 latency_exposed=1
4632965,23.1.2,13.3,NVIDIA RTX PRO 6000 Blackwell Max-Q Workstation Edition,24105050,2026-09-27T03:47:58-07:00,mbr,4096x4096x4096,f32,"tforge-gpu-pipeline{block-tile=128,128 thread-tile=4,8 tile-k=32 promote=1 vectorize=1}",b128x128-t4x8-k32; grid=32x32x1 block=16x32x1 padded=4096x4096x4096; regs=88 smem=32768 blocks/SM=1 occ=0.333,,10,100,4.3832,4.021344,0.161462,GFLOP/s,31355.848118269754,2332,27.94% of FP32 peak at median clock,,err/bound=0.00146,model: pred_ms=2.2717 waves=6 resident=1 bound=smem fma_step=4096 lds_step=6144 latency_exposed=1
4632965,23.1.2,13.3,NVIDIA RTX PRO 6000 Blackwell Max-Q Workstation Edition,24105050,2026-09-27T03:47:58-07:00,mbr,4096x4096x4096,f32,"tforge-gpu-pipeline{block-tile=128,128 thread-tile=8,8 tile-k=8 promote=1 vectorize=1}",b128x128-t8x8-k8; grid=32x32x1 block=16x16x1 padded=4096x4096x4096; regs=126 smem=8192 blocks/SM=2 occ=0.333,,10,100,3.79,3.540192,0.110002,GFLOP/s,36263.57611398417,2332,32.31% of FP32 peak at median clock,,err/bound=0.00146,model: pred_ms=1.3797 waves=3 resident=2 bound=fma fma_step=1024 lds_step=1024 latency_exposed=0
4632965,23.1.2,13.3,NVIDIA RTX PRO 6000 Blackwell Max-Q Workstation Edition,24105050,2026-09-27T03:47:58-07:00,mbr,4096x4096x4096,f32,"tforge-gpu-pipeline{block-tile=128,128 thread-tile=8,8 tile-k=16 promote=1 vectorize=1}",b128x128-t8x8-k16; grid=32x32x1 block=16x16x1 padded=4096x4096x4096; regs=128 smem=16384 blocks/SM=2 occ=0.333,,10,100,3.381456,3.149376,0.105755,GFLOP/s,40644.9036959227,2332,36.21% of FP32 peak at median clock,,err/bound=0.00146,model: pred_ms=1.3797 waves=3 resident=2 bound=fma fma_step=2048 lds_step=2048 latency_exposed=0
4632965,23.1.2,13.3,NVIDIA RTX PRO 6000 Blackwell Max-Q Workstation Edition,24105050,2026-09-27T03:47:58-07:00,mbr,4096x4096x4096,f32,"tforge-gpu-pipeline{block-tile=128,128 thread-tile=8,8 tile-k=32 promote=1 vectorize=1}",b128x128-t8x8-k32; grid=32x32x1 block=16x16x1 padded=4096x4096x4096; regs=150 smem=32768 blocks/SM=1 occ=0.167,,10,100,3.464544,3.231584,0.104581,GFLOP/s,39670.142296359925,2332,35.35% of FP32 peak at median clock,,err/bound=0.00146,model: pred_ms=1.5818 waves=6 resident=1 bound=fma fma_step=4096 lds_step=4096 latency_exposed=1
4632965,23.1.2,13.3,NVIDIA RTX PRO 6000 Blackwell Max-Q Workstation Edition,24105050,2026-09-27T03:47:58-07:00,mbr,1536x1536x1536,f32,"tforge-gpu-pipeline{block-tile=32,32 thread-tile=4,4 tile-k=8 promote=1 vectorize=1}",b32x32-t4x4-k8; grid=48x48x1 block=8x8x1 padded=1536x1536x1536; regs=64 smem=2048 blocks/SM=16 occ=0.667,,10,100,0.284368,0.281728,0.001051,GFLOP/s,25487.2464974962,2280,23.23% of FP32 peak at median clock,,err/bound=0.00343,model: pred_ms=0.1401 waves=1 resident=13 bound=smem fma_step=64 lds_step=128 latency_exposed=0
4632965,23.1.2,13.3,NVIDIA RTX PRO 6000 Blackwell Max-Q Workstation Edition,24105050,2026-09-27T03:47:58-07:00,mbr,1536x1536x1536,f32,"tforge-gpu-pipeline{block-tile=32,32 thread-tile=4,4 tile-k=16 promote=1 vectorize=1}",b32x32-t4x4-k16; grid=48x48x1 block=8x8x1 padded=1536x1536x1536; regs=70 smem=4096 blocks/SM=14 occ=0.583,,10,100,0.26128,0.259104,0.001103,GFLOP/s,27739.42633190447,2280,25.28% of FP32 peak at median clock,,err/bound=0.00343,model: pred_ms=0.1401 waves=1 resident=13 bound=smem fma_step=128 lds_step=256 latency_exposed=0
4632965,23.1.2,13.3,NVIDIA RTX PRO 6000 Blackwell Max-Q Workstation Edition,24105050,2026-09-27T03:47:58-07:00,mbr,1536x1536x1536,f32,"tforge-gpu-pipeline{block-tile=32,32 thread-tile=4,4 tile-k=32 promote=1 vectorize=1}",b32x32-t4x4-k32; grid=48x48x1 block=8x8x1 padded=1536x1536x1536; regs=80 smem=8192 blocks/SM=11 occ=0.458,,10,100,0.244352,0.242272,0.001135,GFLOP/s,29661.133577789413,2280,27.03% of FP32 peak at median clock,,err/bound=0.00343,model: pred_ms=0.2371 waves=2 resident=11 bound=smem fma_step=256 lds_step=512 latency_exposed=0
4632965,23.1.2,13.3,NVIDIA RTX PRO 6000 Blackwell Max-Q Workstation Edition,24105050,2026-09-27T03:47:58-07:00,mbr,1536x1536x1536,f32,"tforge-gpu-pipeline{block-tile=32,32 thread-tile=8,4 tile-k=8 promote=1 vectorize=1}",b32x32-t8x4-k8; grid=48x48x1 block=8x4x1 padded=1536x1536x1536; regs=88 smem=2048 blocks/SM=20 occ=0.417,,10,100,0.26944,0.265888,0.001871,GFLOP/s,26899.336817102136,2280,24.51% of FP32 peak at median clock,,err/bound=0.00343,model: pred_ms=0.1051 waves=1 resident=13 bound=smem fma_step=64 lds_step=96 latency_exposed=0
4632965,23.1.2,13.3,NVIDIA RTX PRO 6000 Blackwell Max-Q Workstation Edition,24105050,2026-09-27T03:47:58-07:00,mbr,1536x1536x1536,f32,"tforge-gpu-pipeline{block-tile=32,32 thread-tile=8,4 tile-k=16 promote=1 vectorize=1}",b32x32-t8x4-k16; grid=48x48x1 block=8x4x1 padded=1536x1536x1536; regs=94 smem=4096 blocks/SM=20 occ=0.417,,10,100,0.247136,0.244992,0.001147,GFLOP/s,29326.999352583192,2280,26.73% of FP32 peak at median clock,,err/bound=0.00343,model: pred_ms=0.1051 waves=1 resident=13 bound=smem fma_step=128 lds_step=192 latency_exposed=0
4632965,23.1.2,13.3,NVIDIA RTX PRO 6000 Blackwell Max-Q Workstation Edition,24105050,2026-09-27T03:47:58-07:00,mbr,1536x1536x1536,f32,"tforge-gpu-pipeline{block-tile=32,32 thread-tile=8,4 tile-k=32 promote=1 vectorize=1}",b32x32-t8x4-k32; grid=48x48x1 block=8x4x1 padded=1536x1536x1536; regs=110 smem=8192 blocks/SM=11 occ=0.229,,10,100,0.243216,0.232288,0.004146,GFLOP/s,29799.673179396093,2280,27.16% of FP32 peak at median clock,,err/bound=0.00343,model: pred_ms=0.1779 waves=2 resident=11 bound=smem fma_step=256 lds_step=384 latency_exposed=0
4632965,23.1.2,13.3,NVIDIA RTX PRO 6000 Blackwell Max-Q Workstation Edition,24105050,2026-09-27T03:47:58-07:00,mbr,1536x1536x1536,f32,"tforge-gpu-pipeline{block-tile=32,32 thread-tile=4,8 tile-k=8 promote=1 vectorize=1}",b32x32-t4x8-k8; grid=48x48x1 block=4x8x1 padded=1536x1536x1536; regs=90 smem=2048 blocks/SM=20 occ=0.417,,10,100,0.302304,0.298944,0.001877,GFLOP/s,23975.06255954271,2280,21.85% of FP32 peak at median clock,,err/bound=0.00343,model: pred_ms=0.1051 waves=1 resident=13 bound=smem fma_step=64 lds_step=96 latency_exposed=0
4632965,23.1.2,13.3,NVIDIA RTX PRO 6000 Blackwell Max-Q Workstation Edition,24105050,2026-09-27T03:47:58-07:00,mbr,1536x1536x1536,f32,"tforge-gpu-pipeline{block-tile=32,32 thread-tile=4,8 tile-k=16 promote=1 vectorize=1}",b32x32-t4x8-k16; grid=48x48x1 block=4x8x1 padded=1536x1536x1536; regs=96 smem=4096 blocks/SM=20 occ=0.417,,10,100,0.280128,0.27728,0.001171,GFLOP/s,25873.019876627826,2280,23.58% of FP32 peak at median clock,,err/bound=0.00343,model: pred_ms=0.1051 waves=1 resident=13 bound=smem fma_step=128 lds_step=192 latency_exposed=0
4632965,23.1.2,13.3,NVIDIA RTX PRO 6000 Blackwell Max-Q Workstation Edition,24105050,2026-09-27T03:47:58-07:00,mbr,1536x1536x1536,f32,"tforge-gpu-pipeline{block-tile=32,32 thread-tile=4,8 tile-k=32 promote=1 vectorize=1}",b32x32-t4x8-k32; grid=48x48x1 block=4x8x1 padded=1536x1536x1536; regs=110 smem=8192 blocks/SM=11 occ=0.229,,10,100,0.273664,0.265152,0.005655,GFLOP/s,26484.145930776427,2280,24.14% of FP32 peak at median clock,,err/bound=0.00343,model: pred_ms=0.1779 waves=2 resident=11 bound=smem fma_step=256 lds_step=384 latency_exposed=0
4632965,23.1.2,13.3,NVIDIA RTX PRO 6000 Blackwell Max-Q Workstation Edition,24105050,2026-09-27T03:47:58-07:00,mbr,1536x1536x1536,f32,"tforge-gpu-pipeline{block-tile=32,64 thread-tile=4,4 tile-k=8 promote=1 vectorize=1}",b32x64-t4x4-k8; grid=24x48x1 block=16x8x1 padded=1536x1536x1536; regs=56 smem=3072 blocks/SM=9 occ=0.75,,10,100,0.250448,0.248,0.00157,GFLOP/s,28939.170254903212,2280,26.37% of FP32 peak at median clock,,err/bound=0.00343,model: pred_ms=0.1509 waves=1 resident=7 bound=smem fma_step=128 lds_step=256 latency_exposed=0
4632965,23.1.2,13.3,NVIDIA RTX PRO 6000 Blackwell Max-Q Workstation Edition,24105050,2026-09-27T03:47:58-07:00,mbr,1536x1536x1536,f32,"tforge-gpu-pipeline{block-tile=32,64 thread-tile=4,4 tile-k=16 promote=1 vectorize=1}",b32x64-t4x4-k16; grid=24x48x1 block=16x8x1 padded=1536x1536x1536; regs=58 smem=6144 blocks/SM=8 occ=0.667,,10,100,0.218,0.215648,0.001129,GFLOP/s,33246.59317431193,2280,30.30% of FP32 peak at median clock,,err/bound=0.00343,model: pred_ms=0.1509 waves=1 resident=7 bound=smem fma_step=256 lds_step=512 latency_exposed=0
4632965,23.1.2,13.3,NVIDIA RTX PRO 6000 Blackwell Max-Q Workstation Edition,24105050,2026-09-27T03:47:58-07:00,mbr,1536x1536x1536,f32,"tforge-gpu-pipeline{block-tile=32,64 thread-tile=4,4 tile-k=32 promote=1 vectorize=1}",b32x64-t4x4-k32; grid=24x48x1 block=16x8x1 padded=1536x1536x1536; regs=70 smem=12288 blocks/SM=7 occ=0.583,,10,100,0.2152,0.212736,0.001115,GFLOP/s,33679.16966542751,2280,30.69% of FP32 peak at median clock,,err/bound=0.00343,model: pred_ms=0.1509 waves=1 resident=7 bound=smem fma_step=512 lds_step=1024 latency_exposed=0
4632965,23.1.2,13.3,NVIDIA RTX PRO 6000 Blackwell Max-Q Workstation Edition,24105050,2026-09-27T03:47:58-07:00,mbr,1536x1536x1536,f32,"tforge-gpu-pipeline{block-tile=32,64 thread-tile=8,4 tile-k=8 promote=1 vectorize=1}",b32x64-t8x4-k8; grid=24x48x1 block=16x4x1 padded=1536x1536x1536; regs=84 smem=3072 blocks/SM=10 occ=0.417,,10,100,0.213056,0.210368,0.00143,GFLOP/s,34018.08591168519,2280,31.00% of FP32 peak at median clock,,err/bound=0.00343,model: pred_ms=0.1132 waves=1 resident=7 bound=smem fma_step=128 lds_step=192 latency_exposed=0
4632965,23.1.2,13.3,NVIDIA RTX PRO 6000 Blackwell Max-Q Workstation Edition,24105050,2026-09-27T03:47:58-07:00,mbr,1536x1536x1536,f32,"tforge-gpu-pipeline{block-tile=32,64 thread-tile=8,4 tile-k=16 promote=1 vectorize=1}",b32x64-t8x4-k16; grid=24x48x1 block=16x4x1 padded=1536x1536x1536; regs=92 smem=6144 blocks/SM=10 occ=0.417,,10,100,0.210592,0.20832,0.00145,GFLOP/s,34416.10940586537,2280,31.36% of FP32 peak at median clock,,err/bound=0.00343,model: pred_ms=0.1132 waves=1 resident=7 bound=smem fma_step=256 lds_step=384 latency_exposed=0
4632965,23.1.2,13.3,NVIDIA RTX PRO 6000 Blackwell Max-Q Workstation Edition,24105050,2026-09-27T03:47:58-07:00,mbr,1536x1536x1536,f32,"tforge-gpu-pipeline{block-tile=32,64 thread-tile=8,4 tile-k=32 promote=1 vectorize=1}",b32x64-t8x4-k32; grid=24x48x1 block=16x4x1 padded=1536x1536x1536; regs=104 smem=12288 blocks/SM=7 occ=0.292,,10,100,0.202944,0.19968,0.001309,GFLOP/s,35713.0898770104,2280,32.55% of FP32 peak at median clock,,err/bound=0.00343,model: pred_ms=0.1132 waves=1 resident=7 bound=smem fma_step=512 lds_step=768 latency_exposed=0
4632965,23.1.2,13.3,NVIDIA RTX PRO 6000 Blackwell Max-Q Workstation Edition,24105050,2026-09-27T03:47:58-07:00,mbr,1536x1536x1536,f32,"tforge-gpu-pipeline{block-tile=32,64 thread-tile=4,8 tile-k=8 promote=1 vectorize=1}",b32x64-t4x8-k8; grid=24x48x1 block=8x8x1 padded=1536x1536x1536; regs=80 smem=3072 blocks/SM=12 occ=0.5,,10,100,0.294384,0.291584,0.001105,GFLOP/s,24620.078917332467,2280,22.44% of FP32 peak at median clock,,err/bound=0.00343,model: pred_ms=0.1132 waves=1 resident=7 bound=smem fma_step=128 lds_step=192 latency_exposed=0
4632965,23.1.2,13.3,NVIDIA RTX PRO 6000 Blackwell Max-Q Workstation Edition,24105050,2026-09-27T03:47:58-07:00,mbr,1536x1536x1536,f32,"tforge-gpu-pipeline{block-tile=32,64 thread-tile=4,8 tile-k=16 promote=1 vectorize=1}",b32x64-t4x8-k16; grid=24x48x1 block=8x8x1 padded=1536x1536x1536; regs=80 smem=6144 blocks/SM=12 occ=0.5,,10,100,0.283968,0.281152,0.001511,GFLOP/s,25523.148073022312,2280,23.26% of FP32 peak at median clock,,err/bound=0.00343,model: pred_ms=0.1132 waves=1 resident=7 bound=smem fma_step=256 lds_step=384 latency_exposed=0
4632965,23.1.2,13.3,NVIDIA RTX PRO 6000 Blackwell Max-Q Workstation Edition,24105050,2026-09-27T03:47:58-07:00,mbr,1536x1536x1536,f32,"tforge-gpu-pipeline{block-tile=32,64 thread-tile=4,8 tile-k=32 promote=1 vectorize=1}",b32x64-t4x8-k32; grid=24x48x1 block=8x8x1 padded=1536x1536x1536; regs=102 smem=12288 blocks/SM=7 occ=0.292,,10,100,0.279744,0.27616,0.001119,GFLOP/s,25908.535346602606,2280,23.61% of FP32 peak at median clock,,err/bound=0.00343,model: pred_ms=0.1132 waves=1 resident=7 bound=smem fma_step=512 lds_step=768 latency_exposed=0
4632965,23.1.2,13.3,NVIDIA RTX PRO 6000 Blackwell Max-Q Workstation Edition,24105050,2026-09-27T03:47:58-07:00,mbr,1536x1536x1536,f32,"tforge-gpu-pipeline{block-tile=32,64 thread-tile=8,8 tile-k=8 promote=1 vectorize=1}",b32x64-t8x8-k8; grid=24x48x1 block=8x4x1 padded=1536x1536x1536; regs=128 smem=3072 blocks/SM=16 occ=0.333,,10,100,0.236432,0.233696,0.00161,GFLOP/s,30654.72233876971,2272,28.03% of FP32 peak at median clock,,err/bound=0.00343,model: pred_ms=0.0755 waves=1 resident=7 bound=fma fma_step=128 lds_step=128 latency_exposed=0
4632965,23.1.2,13.3,NVIDIA RTX PRO 6000 Blackwell Max-Q Workstation Edition,24105050,2026-09-27T03:47:58-07:00,mbr,1536x1536x1536,f32,"tforge-gpu-pipeline{block-tile=32,64 thread-tile=8,8 tile-k=16 promote=1 vectorize=1}",b32x64-t8x8-k16; grid=24x48x1 block=8x4x1 padded=1536x1536x1536; regs=156 smem=6144 blocks/SM=12 occ=0.25,,10,100,0.23056,0.227808,0.001331,GFLOP/s,31435.44982650937,2280,28.65% of FP32 peak at median clock,,err/bound=0.00343,model: pred_ms=0.0755 waves=1 resident=7 bound=fma fma_step=256 lds_step=256 latency_exposed=0
4632965,23.1.2,13.3,NVIDIA RTX PRO 6000 Blackwell Max-Q Workstation Edition,24105050,2026-09-27T03:47:58-07:00,mbr,1536x1536x1536,f32,"tforge-gpu-pipeline{block-tile=32,64 thread-tile=8,8 tile-k=32 promote=1 vectorize=1}",b32x64-t8x8-k32; grid=24x48x1 block=8x4x1 padded=1536x1536x1536; regs=174 smem=12288 blocks/SM=7 occ=0.146,,10,100,0.218448,0.21584,0.001716,GFLOP/s,33178.410019775874,2280,30.24% of FP32 peak at median clock,,err/bound=0.00343,model: pred_ms=0.0755 waves=1 resident=7 bound=fma fma_step=512 lds_step=512 latency_exposed=0
4632965,23.1.2,13.3,NVIDIA RTX PRO 6000 Blackwell Max-Q Workstation Edition,24105050,2026-09-27T03:47:58-07:00,mbr,1536x1536x1536,f32,"tforge-gpu-pipeline{block-tile=32,128 thread-tile=4,4 tile-k=8 promote=1 vectorize=1}",b32x128-t4x4-k8; grid=12x48x1 block=32x8x1 padded=1536x1536x1536; regs=64 smem=5120 blocks/SM=4 occ=0.667,,10,100,0.249952,0.247168,0.001361,GFLOP/s,28996.596594546154,2280,26.42% of FP32 peak at median clock,,err/bound=0.00343,model: pred_ms=0.1725 waves=1 resident=4 bound=smem fma_step=256 lds_step=512 latency_exposed=0
4632965,23.1.2,13.3,NVIDIA RTX PRO 6000 Blackwell Max-Q Workstation Edition,24105050,2026-09-27T03:47:58-07:00,mbr,1536x1536x1536,f32,"tforge-gpu-pipeline{block-tile=32,128 thread-tile=4,4 tile-k=16 promote=1 vectorize=1}",b32x128-t4x4-k16; grid=12x48x1 block=32x8x1 padded=1536x1536x1536; regs=64 smem=10240 blocks/SM=4 occ=0.667,,10,100,0.242016,0.240032,0.001262,GFLOP/s,29947.430384767948,2280,27.29% of FP32 peak at median clock,,err/bound=0.00343,model: pred_ms=0.1725 waves=1 resident=4 bound=smem fma_step=512 lds_step=1024 latency_exposed=0
4632965,23.1.2,13.3,NVIDIA RTX PRO 6000 Blackwell Max-Q Workstation Edition,24105050,2026-09-27T03:47:58-07:00,mbr,1536x1536x1536,f32,"tforge-gpu-pipeline{block-tile=32,128 thread-tile=4,4 tile-k=32 promote=1 vectorize=1}",b32x128-t4x4-k32; grid=12x48x1 block=32x8x1 padded=1536x1536x1536; regs=64 smem=20480 blocks/SM=4 occ=0.667,,10,100,0.234784,0.232448,0.001152,GFLOP/s,30869.894507291807,2280,28.13% of FP32 peak at median clock,,err/bound=0.00343,model: pred_ms=0.1725 waves=1 resident=4 bound=smem fma_step=1024 lds_step=2048 latency_exposed=0
4632965,23.1.2,13.3,NVIDIA RTX PRO 6000 Blackwell Max-Q Workstation Edition,24105050,2026-09-27T03:47:58-07:00,mbr,1536x1536x1536,f32,"tforge-gpu-pipeline{block-tile=32,128 thread-tile=8,4 tile-k=8 promote=1 vectorize=1}",b32x128-t8x4-k8; grid=12x48x1 block=32x4x1 padded=1536x1536x1536; regs=82 smem=5120 blocks/SM=5 occ=0.417,,10,100,0.208448,0.203872,0.001725,GFLOP/s,34770.097635861224,2280,31.69% of FP32 peak at median clock,,err/bound=0.00343,model: pred_ms=0.1293 waves=1 resident=4 bound=smem fma_step=256 lds_step=384 latency_exposed=0
4632965,23.1.2,13.3,NVIDIA RTX PRO 6000 Blackwell Max-Q Workstation Edition,24105050,2026-09-27T03:47:58-07:00,mbr,1536x1536x1536,f32,"tforge-gpu-pipeline{block-tile=32,128 thread-tile=8,4 tile-k=16 promote=1 vectorize=1}",b32x128-t8x4-k16; grid=12x48x1 block=32x4x1 padded=1536x1536x1536; regs=88 smem=10240 blocks/SM=5 occ=0.417,,10,100,0.201696,0.199392,0.001258,GFLOP/s,35934.06568300809,2280,32.75% of FP32 peak at median clock,,err/bound=0.00343,model: pred_ms=0.1293 waves=1 resident=4 bound=smem fma_step=512 lds_step=768 latency_exposed=0
4632965,23.1.2,13.3,NVIDIA RTX PRO 6000 Blackwell Max-Q Workstation Edition,24105050,2026-09-27T03:47:58-07:00,mbr,1536x1536x1536,f32,"tforge-gpu-pipeline{block-tile=32,128 thread-tile=8,4 tile-k=32 promote=1 vectorize=1}",b32x128-t8x4-k32; grid=12x48x1 block=32x4x1 padded=1536x1536x1536; regs=104 smem=20480 blocks/SM=4 occ=0.333,,10,100,0.20624,0.20352,0.001387,GFLOP/s,35142.34538401862,2280,32.03% of FP32 peak at median clock,,err/bound=0.00343,model: pred_ms=0.1293 waves=1 resident=4 bound=smem fma_step=1024 lds_step=1536 latency_exposed=0
4632965,23.1.2,13.3,NVIDIA RTX PRO 6000 Blackwell Max-Q Workstation Edition,24105050,2026-09-27T03:47:58-07:00,mbr,1536x1536x1536,f32,"tforge-gpu-pipeline{block-tile=32,128 thread-tile=4,8 tile-k=8 promote=1 vectorize=1}",b32x128-t4x8-k8; grid=12x48x1 block=16x8x1 padded=1536x1536x1536; regs=80 smem=5120 blocks/SM=6 occ=0.5,,10,100,0.293776,0.290592,0.001401,GFLOP/s,24671.032732421983,2280,22.48% of FP32 peak at median clock,,err/bound=0.00343,model: pred_ms=0.1293 waves=1 resident=4 bound=smem fma_step=256 lds_step=384 latency_exposed=0
4632965,23.1.2,13.3,NVIDIA RTX PRO 6000 Blackwell Max-Q Workstation Edition,24105050,2026-09-27T03:47:58-07:00,mbr,1536x1536x1536,f32,"tforge-gpu-pipeline{block-tile=32,128 thread-tile=4,8 tile-k=16 promote=1 vectorize=1}",b32x128-t4x8-k16; grid=12x48x1 block=16x8x1 padded=1536x1536x1536; regs=80 smem=10240 blocks/SM=6 occ=0.5,,10,100,0.279584,0.276,0.001243,GFLOP/s,25923.362252489413,2280,23.62% of FP32 peak at median clock,,err/bound=0.00343,model: pred_ms=0.1293 waves=1 resident=4 bound=smem fma_step=512 lds_step=768 latency_exposed=0
4632965,23.1.2,13.3,NVIDIA RTX PRO 6000 Blackwell Max-Q Workstation Edition,24105050,2026-09-27T03:47:58-07:00,mbr,1536x1536x1536,f32,"tforge-gpu-pipeline{block-tile=32,128 thread-tile=4,8 tile-k=32 promote=1 vectorize=1}",b32x128-t4x8-k32; grid=12x48x1 block=16x8x1 padded=1536x1536x1536; regs=100 smem=20480 blocks/SM=4 occ=0.333,,10,100,0.27464,0.272448,0.001342,GFLOP/s,26390.028080396158,2280,24.05% of FP32 peak at median clock,,err/bound=0.00343,model: pred_ms=0.1293 waves=1 resident=4 bound=smem fma_step=1024 lds_step=1536 latency_exposed=0
4632965,23.1.2,13.3,NVIDIA RTX PRO 6000 Blackwell Max-Q Workstation Edition,24105050,2026-09-27T03:47:58-07:00,mbr,1536x1536x1536,f32,"tforge-gpu-pipeline{block-tile=32,128 thread-tile=8,8 tile-k=8 promote=1 vectorize=1}",b32x128-t8x8-k8; grid=12x48x1 block=16x4x1 padded=1536x1536x1536; regs=128 smem=5120 blocks/SM=8 occ=0.333,,10,100,0.238576,0.235616,0.001715,GFLOP/s,30379.238951109914,2280,27.68% of FP32 peak at median clock,,err/bound=0.00343,model: pred_ms=0.0862 waves=1 resident=4 bound=fma fma_step=256 lds_step=256 latency_exposed=0
4632965,23.1.2,13.3,NVIDIA RTX PRO 6000 Blackwell Max-Q Workstation Edition,24105050,2026-09-27T03:47:58-07:00,mbr,1536x1536x1536,f32,"tforge-gpu-pipeline{block-tile=32,128 thread-tile=8,8 tile-k=16 promote=1 vectorize=1}",b32x128-t8x8-k16; grid=12x48x1 block=16x4x1 padded=1536x1536x1536; regs=152 smem=10240 blocks/SM=6 occ=0.25,,10,100,0.229632,0.226784,0.001342,GFLOP/s,31562.48829431438,2280,28.76% of FP32 peak at median clock,,err/bound=0.00343,model: pred_ms=0.0862 waves=1 resident=4 bound=fma fma_step=512 lds_step=512 latency_exposed=0
4632965,23.1.2,13.3,NVIDIA RTX PRO 6000 Blackwell Max-Q Workstation Edition,24105050,2026-09-27T03:47:58-07:00,mbr,1536x1536x1536,f32,"tforge-gpu-pipeline{block-tile=32,128 thread-tile=8,8 tile-k=32 promote=1 vectorize=1}",b32x128-t8x8-k32; grid=12x48x1 block=16x4x1 padded=1536x1536x1536; regs=158 smem=20480 blocks/SM=4 occ=0.167,,10,100,0.222432,0.217952,0.002012,GFLOP/s,32584.148467846353,2280,29.69% of FP32 peak at median clock,,err/bound=0.00343,model: pred_ms=0.0862 waves=1 resident=4 bound=fma fma_step=1024 lds_step=1024 latency_exposed=0
4632965,23.1.2,13.3,NVIDIA RTX PRO 6000 Blackwell Max-Q Workstation Edition,24105050,2026-09-27T03:47:58-07:00,mbr,1536x1536x1536,f32,"tforge-gpu-pipeline{block-tile=64,32 thread-tile=4,4 tile-k=8 promote=1 vectorize=1}",b64x32-t4x4-k8; grid=48x24x1 block=8x16x1 padded=1536x1536x1536; regs=56 smem=3072 blocks/SM=9 occ=0.75,,10,100,0.291824,0.289504,0.001349,GFLOP/s,24836.056362739186,2280,22.63% of FP32 peak at median clock,,err/bound=0.00343,model: pred_ms=0.1509 waves=1 resident=7 bound=smem fma_step=128 lds_step=256 latency_exposed=0
4632965,23.1.2,13.3,NVIDIA RTX PRO 6000 Blackwell Max-Q Workstation Edition,24105050,2026-09-27T03:47:58-07:00,mbr,1536x1536x1536,f32,"tforge-gpu-pipeline{block-tile=64,32 thread-tile=4,4 tile-k=16 promote=1 vectorize=1}",b64x32-t4x4-k16; grid=48x24x1 block=8x16x1 padded=1536x1536x1536; regs=58 smem=6144 blocks/SM=8 occ=0.667,,10,100,0.25496,0.251424,0.00132,GFLOP/s,28427.03683715092,2280,25.91% of FP32 peak at median clock,,err/bound=0.00343,model: pred_ms=0.1509 waves=1 resident=7 bound=smem fma_step=256 lds_step=512 latency_exposed=0
4632965,23.1.2,13.3,NVIDIA RTX PRO 6000 Blackwell Max-Q Workstation Edition,24105050,2026-09-27T03:47:58-07:00,mbr,1536x1536x1536,f32,"tforge-gpu-pipeline{block-tile=64,32 thread-tile=4,4 tile-k=32 promote=1 vectorize=1}",b64x32-t4x4-k32; grid=48x24x1 block=8x16x1 padded=1536x1536x1536; regs=70 smem=12288 blocks/SM=7 occ=0.583,,10,100,0.23768,0.235776,0.001105,GFLOP/s,30493.76183103332,2280,27.79% of FP32 peak at median clock,,err/bound=0.00343,model: pred_ms=0.1509 waves=1 resident=7 bound=smem fma_step=512 lds_step=1024 latency_exposed=0
4632965,23.1.2,13.3,NVIDIA RTX PRO 6000 Blackwell Max-Q Workstation Edition,24105050,2026-09-27T03:47:58-07:00,mbr,1536x1536x1536,f32,"tforge-gpu-pipeline{block-tile=64,32 thread-tile=8,4 tile-k=8 promote=1 vectorize=1}",b64x32-t8x4-k8; grid=48x24x1 block=8x8x1 padded=1536x1536x1536; regs=84 smem=3072 blocks/SM=10 occ=0.417,,10,100,0.258448,0.254784,0.001616,GFLOP/s,28043.38711075342,2280,25.56% of FP32 peak at median clock,,err/bound=0.00343,model: pred_ms=0.1132 waves=1 resident=7 bound=smem fma_step=128 lds_step=192 latency_exposed=0
4632965,23.1.2,13.3,NVIDIA RTX PRO 6000 Blackwell Max-Q Workstation Edition,24105050,2026-09-27T03:47:58-07:00,mbr,1536x1536x1536,f32,"tforge-gpu-pipeline{block-tile=64,32 thread-tile=8,4 tile-k=16 promote=1 vectorize=1}",b64x32-t8x4-k16; grid=48x24x1 block=8x8x1 padded=1536x1536x1536; regs=92 smem=6144 blocks/SM=10 occ=0.417,,10,100,0.232928,0.230176,0.001309,GFLOP/s,31115.86976232999,2280,28.36% of FP32 peak at median clock,,err/bound=0.00343,model: pred_ms=0.1132 waves=1 resident=7 bound=smem fma_step=256 lds_step=384 latency_exposed=0
4632965,23.1.2,13.3,NVIDIA RTX PRO 6000 Blackwell Max-Q Workstation Edition,24105050,2026-09-27T03:47:58-07:00,mbr,1536x1536x1536,f32,"tforge-gpu-pipeline{block-tile=64,32 thread-tile=8,4 tile-k=32 promote=1 vectorize=1}",b64x32-t8x4-k32; grid=48x24x1 block=8x8x1 padded=1536x1536x1536; regs=104 smem=12288 blocks/SM=7 occ=0.292,,10,100,0.217296,0.215296,0.001203,GFLOP/s,33354.30616302187,2280,30.40% of FP32 peak at median clock,,err/bound=0.00343,model: pred_ms=0.1132 waves=1 resident=7 bound=smem fma_step=512 lds_step=768 latency_exposed=0
4632965,23.1.2,13.3,NVIDIA RTX PRO 6000 Blackwell Max-Q Workstation Edition,24105050,2026-09-27T03:47:58-07:00,mbr,1536x1536x1536,f32,"tforge-gpu-pipeline{block-tile=64,32 thread-tile=4,8 tile-k=8 promote=1 vectorize=1}",b64x32-t4x8-k8; grid=48x24x1 block=4x16x1 padded=1536x1536x1536; regs=76 smem=3072 blocks/SM=12 occ=0.5,,10,100,0.292016,0.289408,0.001622,GFLOP/s,24819.726699906856,2280,22.62% of FP32 peak at median clock,,err/bound=0.00343,model: pred_ms=0.1132 waves=1 resident=7 bound=smem fma_step=128 lds_step=192 latency_exposed=0
4632965,23.1.2,13.3,NVIDIA RTX PRO 6000 Blackwell Max-Q Workstation Edition,24105050,2026-09-27T03:47:58-07:00,mbr,1536x1536x1536,f32,"tforge-gpu-pipeline{block-tile=64,32 thread-tile=4,8 tile-k=16 promote=1 vectorize=1}",b64x32-t4x8-k16; grid=48x24x1 block=4x16x1 padded=1536x1536x1536; regs=80 smem=6144 blocks/SM=12 occ=0.5,,10,100,0.2684,0.265216,0.001303,GFLOP/s,27003.5667362146,2280,24.61% of FP32 peak at median clock,,err/bound=0.00343,model: pred_ms=0.1132 waves=1 resident=7 bound=smem fma_step=256 lds_step=384 latency_exposed=0
4632965,23.1.2,13.3,NVIDIA RTX PRO 6000 Blackwell Max-Q Workstation Edition,24105050,2026-09-27T03:47:58-07:00,mbr,1536x1536x1536,f32,"tforge-gpu-pipeline{block-tile=64,32 thread-tile=4,8 tile-k=32 promote=1 vectorize=1}",b64x32-t4x8-k32; grid=48x24x1 block=4x16x1 padded=1536x1536x1536; regs=100 smem=12288 blocks/SM=7 occ=0.292,,10,100,0.259504,0.257312,0.001143,GFLOP/s,27929.27011529687,2280,25.45% of FP32 peak at median clock,,err/bound=0.00343,model: pred_ms=0.1132 waves=1 resident=7 bound=smem fma_step=512 lds_step=768 latency_exposed=0
4632965,23.1.2,13.3,NVIDIA RTX PRO 6000 Blackwell Max-Q Workstation Edition,24105050,2026-09-27T03:47:58-07:00,mbr,1536x1536x1536,f32,"tforge-gpu-pipeline{block-tile=64,32 thread-tile=8,8 tile-k=8 promote=1 vectorize=1}",b64x32-t8x8-k8; grid=48x24x1 block=4x8x1 padded=1536x1536x1536; regs=146 smem=3072 blocks/SM=12 occ=0.25,,10,100,0.280288,0.277408,0.001903,GFLOP/s,25858.25048521521,2280,23.56% of FP32 peak at median clock,,err/bound=0.00343,model: pred_ms=0.0755 waves=1 resident=7 bound=fma fma_step=128 lds_step=128 latency_exposed=0
4632965,23.1.2,13.3,NVIDIA RTX PRO 6000 Blackwell Max-Q Workstation Edition,24105050,2026-09-27T03:47:58-07:00,mbr,1536x1536x1536,f32,"tforge-gpu-pipeline{block-tile=64,32 thread-tile=8,8 tile-k=16 promote=1 vectorize=1}",b64x32-t8x8-k16; grid=48x24x1 block=4x8x1 padded=1536x1536x1536; regs=152 smem=6144 blocks/SM=12 occ=0.25,,10,100,0.246,0.244256,0.001194,GFLOP/s,29462.428097560973,2280,26.85% of FP32 peak at median clock,,err/bound=0.00343,model: pred_ms=0.0755 waves=1 resident=7 bound=fma fma_step=256 lds_step=256 latency_exposed=0
4632965,23.1.2,13.3,NVIDIA RTX PRO 6000 Blackwell Max-Q Workstation Edition,24105050,2026-09-27T03:47:58-07:00,mbr,1536x1536x1536,f32,"tforge-gpu-pipeline{block-tile=64,32 thread-tile=8,8 tile-k=32 promote=1 vectorize=1}",b64x32-t8x8-k32; grid=48x24x1 block=4x8x1 padded=1536x1536x1536; regs=174 smem=12288 blocks/SM=7 occ=0.146,,10,100,0.222464,0.219968,0.001374,GFLOP/s,32579.461449942464,2280,29.69% of FP32 peak at median clock,,err/bound=0.00343,model: pred_ms=0.0755 waves=1 resident=7 bound=fma fma_step=512 lds_step=512 latency_exposed=0
4632965,23.1.2,13.3,NVIDIA RTX PRO 6000 Blackwell Max-Q Workstation Edition,24105050,2026-09-27T03:47:58-07:00,mbr,1536x1536x1536,f32,"tforge-gpu-pipeline{block-tile=64,64 thread-tile=4,4 tile-k=8 promote=1 vectorize=1}",b64x64-t4x4-k8; grid=24x24x1 block=16x16x1 padded=1536x1536x1536; regs=64 smem=4096 blocks/SM=4 occ=0.667,,10,100,0.267008,0.265024,0.001127,GFLOP/s,27144.34515819751,2280,24.74% of FP32 peak at median clock,,err/bound=0.00343,model: pred_ms=0.1725 waves=1 resident=4 bound=smem fma_step=256 lds_step=512 latency_exposed=0
4632965,23.1.2,13.3,NVIDIA RTX PRO 6000 Blackwell Max-Q Workstation Edition,24105050,2026-09-27T03:47:58-07:00,mbr,1536x1536x1536,f32,"tforge-gpu-pipeline{block-tile=64,64 thread-tile=4,4 tile-k=16 promote=1 vectorize=1}",b64x64-t4x4-k16; grid=24x24x1 block=16x16x1 padded=1536x1536x1536; regs=64 smem=8192 blocks/SM=4 occ=0.667,,10,100,0.23256,0.230048,0.001379,GFLOP/s,31165.107120743036,2280,28.40% of FP32 peak at median clock,,err/bound=0.00343,model: pred_ms=0.1725 waves=1 resident=4 bound=smem fma_step=512 lds_step=1024 latency_exposed=0
4632965,23.1.2,13.3,NVIDIA RTX PRO 6000 Blackwell Max-Q Workstation Edition,24105050,2026-09-27T03:47:58-07:00,mbr,1536x1536x1536,f32,"tforge-gpu-pipeline{block-tile=64,64 thread-tile=4,4 tile-k=32 promote=1 vectorize=1}",b64x64-t4x4-k32; grid=24x24x1 block=16x16x1 padded=1536x1536x1536; regs=74 smem=16384 blocks/SM=3 occ=0.5,,10,100,0.22336,0.22064,0.001249,GFLOP/s,32448.770200573068,2280,29.57% of FP32 peak at median clock,,err/bound=0.00343,model: pred_ms=0.2587 waves=2 resident=3 bound=smem fma_step=1024 lds_step=2048 latency_exposed=0
4632965,23.1.2,13.3,NVIDIA RTX PRO 6000 Blackwell Max-Q Workstation Edition,24105050,2026-09-27T03:47:58-07:00,mbr,1536x1536x1536,f32,"tforge-gpu-pipeline{block-tile=64,64 thread-tile=8,4 tile-k=8 promote=1 vectorize=1}",b64x64-t8x4-k8; grid=24x24x1 block=16x8x1 padded=1536x1536x1536; regs=82 smem=4096 blocks/SM=5 occ=0.417,,10,100,0.202384,0.200448,0.001131,GFLOP/s,35811.90860937623,2280,32.64% of FP32 peak at median clock,,err/bound=0.00343,model: pred_ms=0.1293 waves=1 resident=4 bound=smem fma_step=256 lds_step=384 latency_exposed=0
4632965,23.1.2,13.3,NVIDIA RTX PRO 6000 Blackwell Max-Q Workstation Edition,24105050,2026-09-27T03:47:58-07:00,mbr,1536x1536x1536,f32,"tforge-gpu-pipeline{block-tile=64,64 thread-tile=8,4 tile-k=16 promote=1 vectorize=1}",b64x64-t8x4-k16; grid=24x24x1 block=16x8x1 padded=1536x1536x1536; regs=88 smem=8192 blocks/SM=5 occ=0.417,,10,100,0.200128,0.19824,0.001117,GFLOP/s,36215.60857051487,2272,33.12% of FP32 peak at median clock,,err/bound=0.00343,model: pred_ms=0.1293 waves=1 resident=4 bound=smem fma_step=512 lds_step=768 latency_exposed=0
4632965,23.1.2,13.3,NVIDIA RTX PRO 6000 Blackwell Max-Q Workstation Edition,24105050,2026-09-27T03:47:58-07:00,mbr,1536x1536x1536,f32,"tforge-gpu-pipeline{block-tile=64,64 thread-tile=8,4 tile-k=32 promote=1 vectorize=1}",b64x64-t8x4-k32; grid=24x24x1 block=16x8x1 padded=1536x1536x1536; regs=94 smem=16384 blocks/SM=5 occ=0.417,,10,100,0.197344,0.193664,0.001451,GFLOP/s,36726.51467488244,2272,33.59% of FP32 peak at median clock,,err/bound=0.00343,model: pred_ms=0.1293 waves=1 resident=4 bound=smem fma_step=1024 lds_step=1536 latency_exposed=0
4632965,23.1.2,13.3,NVIDIA RTX PRO 6000 Blackwell Max-Q Workstation Edition,24105050,2026-09-27T03:47:58-07:00,mbr,1536x1536x1536,f32,"tforge-gpu-pipeline{block-tile=64,64 thread-tile=4,8 tile-k=8 promote=1 vectorize=1}",b64x64-t4x8-k8; grid=24x24x1 block=8x16x1 padded=1536x1536x1536; regs=76 smem=4096 blocks/SM=6 occ=0.5,,10,100,0.296288,0.293664,0.001122,GFLOP/s,24461.865860244085,2272,22.37% of FP32 peak at median clock,,err/bound=0.00343,model: pred_ms=0.1293 waves=1 resident=4 bound=smem fma_step=256 lds_step=384 latency_exposed=0
4632965,23.1.2,13.3,NVIDIA RTX PRO 6000 Blackwell Max-Q Workstation Edition,24105050,2026-09-27T03:47:58-07:00,mbr,1536x1536x1536,f32,"tforge-gpu-pipeline{block-tile=64,64 thread-tile=4,8 tile-k=16 promote=1 vectorize=1}",b64x64-t4x8-k16; grid=24x24x1 block=8x16x1 padded=1536x1536x1536; regs=80 smem=8192 blocks/SM=6 occ=0.5,,10,100,0.291712,0.289056,0.001478,GFLOP/s,24845.591926283458,2280,22.64% of FP32 peak at median clock,,err/bound=0.00343,model: pred_ms=0.1293 waves=1 resident=4 bound=smem fma_step=512 lds_step=768 latency_exposed=0
4632965,23.1.2,13.3,NVIDIA RTX PRO 6000 Blackwell Max-Q Workstation Edition,24105050,2026-09-27T03:47:58-07:00,mbr,1536x1536x1536,f32,"tforge-gpu-pipeline{block-tile=64,64 thread-tile=4,8 tile-k=32 promote=1 vectorize=1}",b64x64-t4x8-k32; grid=24x24x1 block=8x16x1 padded=1536x1536x1536; regs=96 smem=16384 blocks/SM=5 occ=0.417,,10,100,0.282016,0.279616,0.001396,GFLOP/s,25699.808918642913,2280,23.42% of FP32 peak at median clock,,err/bound=0.00343,model: pred_ms=0.1293 waves=1 resident=4 bound=smem fma_step=1024 lds_step=1536 latency_exposed=0
4632965,23.1.2,13.3,NVIDIA RTX PRO 6000 Blackwell Max-Q Workstation Edition,24105050,2026-09-27T03:47:58-07:00,mbr,1536x1536x1536,f32,"tforge-gpu-pipeline{block-tile=64,64 thread-tile=8,8 tile-k=8 promote=1 vectorize=1}",b64x64-t8x8-k8; grid=24x24x1 block=8x8x1 padded=1536x1536x1536; regs=146 smem=4096 blocks/SM=6 occ=0.25,,10,100,0.2548,0.252576,0.001208,GFLOP/s,28444.88740973312,2280,25.92% of FP32 peak at median clock,,err/bound=0.00343,model: pred_ms=0.0862 waves=1 resident=4 bound=fma fma_step=256 lds_step=256 latency_exposed=0
4632965,23.1.2,13.3,NVIDIA RTX PRO 6000 Blackwell Max-Q Workstation Edition,24105050,2026-09-27T03:47:58-07:00,mbr,1536x1536x1536,f32,"tforge-gpu-pipeline{block-tile=64,64 thread-tile=8,8 tile-k=16 promote=1 vectorize=1}",b64x64-t8x8-k16; grid=24x24x1 block=8x8x1 padded=1536x1536x1536; regs=150 smem=8192 blocks/SM=6 occ=0.25,,10,100,0.230704,0.228032,0.001461,GFLOP/s,31415.828559539495,2280,28.63% of FP32 peak at median clock,,err/bound=0.00343,model: pred_ms=0.0862 waves=1 resident=4 bound=fma fma_step=512 lds_step=512 latency_exposed=0
4632965,23.1.2,13.3,NVIDIA RTX PRO 6000 Blackwell Max-Q Workstation Edition,24105050,2026-09-27T03:47:58-07:00,mbr,1536x1536x1536,f32,"tforge-gpu-pipeline{block-tile=64,64 thread-tile=8,8 tile-k=32 promote=1 vectorize=1}",b64x64-t8x8-k32; grid=24x24x1 block=8x8x1 padded=1536x1536x1536; regs=158 smem=16384 blocks/SM=5 occ=0.208,,10,100,0.228544,0.224288,0.002032,GFLOP/s,31712.74376925231,2280,28.90% of FP32 peak at median clock,,err/bound=0.00343,model: pred_ms=0.0862 waves=1 resident=4 bound=fma fma_step=1024 lds_step=1024 latency_exposed=0
4632965,23.1.2,13.3,NVIDIA RTX PRO 6000 Blackwell Max-Q Workstation Edition,24105050,2026-09-27T03:47:58-07:00,mbr,1536x1536x1536,f32,"tforge-gpu-pipeline{block-tile=64,128 thread-tile=4,4 tile-k=8 promote=1 vectorize=1}",b64x128-t4x4-k8; grid=12x24x1 block=32x16x1 padded=1536x1536x1536; regs=63 smem=6144 blocks/SM=2 occ=0.667,,10,100,0.249152,0.246496,0.001428,GFLOP/s,29089.70151554071,2280,26.51% of FP32 peak at median clock,,err/bound=0.00343,model: pred_ms=0.1725 waves=1 resident=2 bound=smem fma_step=512 lds_step=1024 latency_exposed=0
4632965,23.1.2,13.3,NVIDIA RTX PRO 6000 Blackwell Max-Q Workstation Edition,24105050,2026-09-27T03:47:58-07:00,mbr,1536x1536x1536,f32,"tforge-gpu-pipeline{block-tile=64,128 thread-tile=4,4 tile-k=16 promote=1 vectorize=1}",b64x128-t4x4-k16; grid=12x24x1 block=32x16x1 padded=1536x1536x1536; regs=64 smem=12288 blocks/SM=2 occ=0.667,,10,100,0.216384,0.214496,0.001808,GFLOP/s,33494.88553682343,2280,30.52% of FP32 peak at median clock,,err/bound=0.00343,model: pred_ms=0.1725 waves=1 resident=2 bound=smem fma_step=1024 lds_step=2048 latency_exposed=0
4632965,23.1.2,13.3,NVIDIA RTX PRO 6000 Blackwell Max-Q Workstation Edition,24105050,2026-09-27T03:47:58-07:00,mbr,1536x1536x1536,f32,"tforge-gpu-pipeline{block-tile=64,128 thread-tile=4,4 tile-k=32 promote=1 vectorize=1}",b64x128-t4x4-k32; grid=12x24x1 block=32x16x1 padded=1536x1536x1536; regs=64 smem=24576 blocks/SM=2 occ=0.667,,10,100,0.20616,0.203616,0.001966,GFLOP/s,35155.98230500582,2280,32.04% of FP32 peak at median clock,,err/bound=0.00343,model: pred_ms=0.1725 waves=1 resident=2 bound=smem fma_step=2048 lds_step=4096 latency_exposed=0
4632965,23.1.2,13.3,NVIDIA RTX PRO 6000 Blackwell Max-Q Workstation Edition,24105050,2026-09-27T03:47:58-07:00,mbr,1536x1536x1536,f32,"tforge-gpu-pipeline{block-tile=64,128 thread-tile=8,4 tile-k=8 promote=1 vectorize=1}",b64x128-t8x4-k8; grid=12x24x1 block=32x8x1 padded=1536x1536x1536; regs=80 smem=6144 blocks/SM=3 occ=0.5,,10,100,0.195936,0.193504,0.00142,GFLOP/s,36990.432141107296,2280,33.71% of FP32 peak at median clock,,err/bound=0.00343,model: pred_ms=0.1293 waves=1 resident=2 bound=smem fma_step=512 lds_step=768 latency_exposed=0
4632965,23.1.2,13.3,NVIDIA RTX PRO 6000 Blackwell Max-Q Workstation Edition,24105050,2026-09-27T03:47:58-07:00,mbr,1536x1536x1536,f32,"tforge-gpu-pipeline{block-tile=64,128 thread-tile=8,4 tile-k=16 promote=1 vectorize=1}",b64x128-t8x4-k16; grid=12x24x1 block=32x8x1 padded=1536x1536x1536; regs=88 smem=12288 blocks/SM=2 occ=0.333,,10,100,0.179232,0.176064,0.001864,GFLOP/s,40437.85324049277,2280,36.85% of FP32 peak at median clock,,err/bound=0.00343,model: pred_ms=0.1293 waves=1 resident=2 bound=smem fma_step=1024 lds_step=1536 latency_exposed=0
4632965,23.1.2,13.3,NVIDIA RTX PRO 6000 Blackwell Max-Q Workstation Edition,24105050,2026-09-27T03:47:58-07:00,mbr,1536x1536x1536,f32,"tforge-gpu-pipeline{block-tile=64,128 thread-tile=8,4 tile-k=32 promote=1 vectorize=1}",b64x128-t8x4-k32; grid=12x24x1 block=32x8x1 padded=1536x1536x1536; regs=94 smem=24576 blocks/SM=2 occ=0.333,,10,100,0.176288,0.172928,0.001705,GFLOP/s,41113.163187511345,2280,37.47% of FP32 peak at median clock,,err/bound=0.00343,model: pred_ms=0.1293 waves=1 resident=2 bound=smem fma_step=2048 lds_step=3072 latency_exposed=0
4632965,23.1.2,13.3,NVIDIA RTX PRO 6000 Blackwell Max-Q Workstation Edition,24105050,2026-09-27T03:47:58-07:00,mbr,1536x1536x1536,f32,"tforge-gpu-pipeline{block-tile=64,128 thread-tile=4,8 tile-k=8 promote=1 vectorize=1}",b64x128-t4x8-k8; grid=12x24x1 block=16x16x1 padded=1536x1536x1536; regs=80 smem=6144 blocks/SM=3 occ=0.5,,10,100,0.266752,0.264128,0.001292,GFLOP/s,27170.39539347409,2280,24.76% of FP32 peak at median clock,,err/bound=0.00343,model: pred_ms=0.1293 waves=1 resident=2 bound=smem fma_step=512 lds_step=768 latency_exposed=0
4632965,23.1.2,13.3,NVIDIA RTX PRO 6000 Blackwell Max-Q Workstation Edition,24105050,2026-09-27T03:47:58-07:00,mbr,1536x1536x1536,f32,"tforge-gpu-pipeline{block-tile=64,128 thread-tile=4,8 tile-k=16 promote=1 vectorize=1}",b64x128-t4x8-k16; grid=12x24x1 block=16x16x1 padded=1536x1536x1536; regs=80 smem=12288 blocks/SM=3 occ=0.5,,10,100,0.257296,0.25472,0.001318,GFLOP/s,28168.94670729432,2280,25.67% of FP32 peak at median clock,,err/bound=0.00343,model: pred_ms=0.1293 waves=1 resident=2 bound=smem fma_step=1024 lds_step=1536 latency_exposed=0
4632965,23.1.2,13.3,NVIDIA RTX PRO 6000 Blackwell Max-Q Workstation Edition,24105050,2026-09-27T03:47:58-07:00,mbr,1536x1536x1536,f32,"tforge-gpu-pipeline{block-tile=64,128 thread-tile=4,8 tile-k=32 promote=1 vectorize=1}",b64x128-t4x8-k32; grid=12x24x1 block=16x16x1 padded=1536x1536x1536; regs=80 smem=24576 blocks/SM=3 occ=0.5,,10,100,0.255856,0.253472,0.0013,GFLOP/s,28327.486210993684,2280,25.82% of FP32 peak at median clock,,err/bound=0.00343,model: pred_ms=0.1293 waves=1 resident=2 bound=smem fma_step=2048 lds_step=3072 latency_exposed=0
4632965,23.1.2,13.3,NVIDIA RTX PRO 6000 Blackwell Max-Q Workstation Edition,24105050,2026-09-27T03:47:58-07:00,mbr,1536x1536x1536,f32,"tforge-gpu-pipeline{block-tile=64,128 thread-tile=8,8 tile-k=8 promote=1 vectorize=1}",b64x128-t8x8-k8; grid=12x24x1 block=16x8x1 padded=1536x1536x1536; regs=146 smem=6144 blocks/SM=3 occ=0.25,,10,100,0.233072,0.23152,0.001244,GFLOP/s,31096.64529415803,2280,28.34% of FP32 peak at median clock,,err/bound=0.00343,model: pred_ms=0.0936 waves=1 resident=2 bound=fma fma_step=512 lds_step=512 latency_exposed=1
4632965,23.1.2,13.3,NVIDIA RTX PRO 6000 Blackwell Max-Q Workstation Edition,24105050,2026-09-27T03:47:58-07:00,mbr,1536x1536x1536,f32,"tforge-gpu-pipeline{block-tile=64,128 thread-tile=8,8 tile-k=16 promote=1 vectorize=1}",b64x128-t8x8-k16; grid=12x24x1 block=16x8x1 padded=1536x1536x1536; regs=146 smem=12288 blocks/SM=3 occ=0.25,,10,100,0.212,0.209856,0.001336,GFLOP/s,34187.53449056604,2280,31.16% of FP32 peak at median clock,,err/bound=0.00343,model: pred_ms=0.0862 waves=1 resident=2 bound=fma fma_step=1024 lds_step=1024 latency_exposed=0
4632965,23.1.2,13.3,NVIDIA RTX PRO 6000 Blackwell Max-Q Workstation Edition,24105050,2026-09-27T03:47:58-07:00,mbr,1536x1536x1536,f32,"tforge-gpu-pipeline{block-tile=64,128 thread-tile=8,8 tile-k=32 promote=1 vectorize=1}",b64x128-t8x8-k32; grid=12x24x1 block=16x8x1 padded=1536x1536x1536; regs=128 smem=24576 blocks/SM=4 occ=0.333,,10,100,0.21544,0.210016,0.002595,GFLOP/s,33641.65109543261,2280,30.66% of FP32 peak at median clock,,err/bound=0.00343,model: pred_ms=0.0862 waves=1 resident=2 bound=fma fma_step=2048 lds_step=2048 latency_exposed=0
4632965,23.1.2,13.3,NVIDIA RTX PRO 6000 Blackwell Max-Q Workstation Edition,24105050,2026-09-27T03:47:58-07:00,mbr,1536x1536x1536,f32,"tforge-gpu-pipeline{block-tile=128,32 thread-tile=4,4 tile-k=8 promote=1 vectorize=1}",b128x32-t4x4-k8; grid=48x12x1 block=8x32x1 padded=1536x1536x1536; regs=64 smem=5120 blocks/SM=4 occ=0.667,,10,100,0.302816,0.300128,0.00124,GFLOP/s,23934.525626122795,2280,21.81% of FP32 peak at median clock,,err/bound=0.00343,model: pred_ms=0.1725 waves=1 resident=4 bound=smem fma_step=256 lds_step=512 latency_exposed=0
4632965,23.1.2,13.3,NVIDIA RTX PRO 6000 Blackwell Max-Q Workstation Edition,24105050,2026-09-27T03:47:58-07:00,mbr,1536x1536x1536,f32,"tforge-gpu-pipeline{block-tile=128,32 thread-tile=4,4 tile-k=16 promote=1 vectorize=1}",b128x32-t4x4-k16; grid=48x12x1 block=8x32x1 padded=1536x1536x1536; regs=64 smem=10240 blocks/SM=4 occ=0.667,,10,100,0.296304,0.293472,0.001335,GFLOP/s,24460.5449538312,2280,22.29% of FP32 peak at median clock,,err/bound=0.00343,model: pred_ms=0.1725 waves=1 resident=4 bound=smem fma_step=512 lds_step=1024 latency_exposed=0
4632965,23.1.2,13.3,NVIDIA RTX PRO 6000 Blackwell Max-Q Workstation Edition,24105050,2026-09-27T03:47:58-07:00,mbr,1536x1536x1536,f32,"tforge-gpu-pipeline{block-tile=128,32 thread-tile=4,4 tile-k=32 promote=1 vectorize=1}",b128x32-t4x4-k32; grid=48x12x1 block=8x32x1 padded=1536x1536x1536; regs=64 smem=20480 blocks/SM=4 occ=0.667,,10,100,0.26192,0.259424,0.001583,GFLOP/s,27671.64520464264,2280,25.22% of FP32 peak at median clock,,err/bound=0.00343,model: pred_ms=0.1725 waves=1 resident=4 bound=smem fma_step=1024 lds_step=2048 latency_exposed=0
4632965,23.1.2,13.3,NVIDIA RTX PRO 6000 Blackwell Max-Q Workstation Edition,24105050,2026-09-27T03:47:58-07:00,mbr,1536x1536x1536,f32,"tforge-gpu-pipeline{block-tile=128,32 thread-tile=8,4 tile-k=8 promote=1 vectorize=1}",b128x32-t8x4-k8; grid=48x12x1 block=8x16x1 padded=1536x1536x1536; regs=88 smem=5120 blocks/SM=5 occ=0.417,,10,100,0.267248,0.263616,0.001521,GFLOP/s,27119.968388912173,2280,24.71% of FP32 peak at median clock,,err/bound=0.00343,model: pred_ms=0.1293 waves=1 resident=4 bound=smem fma_step=256 lds_step=384 latency_exposed=0
4632965,23.1.2,13.3,NVIDIA RTX PRO 6000 Blackwell Max-Q Workstation Edition,24105050,2026-09-27T03:47:58-07:00,mbr,1536x1536x1536,f32,"tforge-gpu-pipeline{block-tile=128,32 thread-tile=8,4 tile-k=16 promote=1 vectorize=1}",b128x32-t8x4-k16; grid=48x12x1 block=8x16x1 padded=1536x1536x1536; regs=88 smem=10240 blocks/SM=5 occ=0.417,,10,100,0.241792,0.238784,0.001372,GFLOP/s,29975.174166225515,2280,27.32% of FP32 peak at median clock,,err/bound=0.00343,model: pred_ms=0.1293 waves=1 resident=4 bound=smem fma_step=512 lds_step=768 latency_exposed=0
4632965,23.1.2,13.3,NVIDIA RTX PRO 6000 Blackwell Max-Q Workstation Edition,24105050,2026-09-27T03:47:58-07:00,mbr,1536x1536x1536,f32,"tforge-gpu-pipeline{block-tile=128,32 thread-tile=8,4 tile-k=32 promote=1 vectorize=1}",b128x32-t8x4-k32; grid=48x12x1 block=8x16x1 padded=1536x1536x1536; regs=104 smem=20480 blocks/SM=4 occ=0.333,,10,100,0.222496,0.22,0.001519,GFLOP/s,32574.775780238746,2280,29.69% of FP32 peak at median clock,,err/bound=0.00343,model: pred_ms=0.1293 waves=1 resident=4 bound=smem fma_step=1024 lds_step=1536 latency_exposed=0
4632965,23.1.2,13.3,NVIDIA RTX PRO 6000 Blackwell Max-Q Workstation Edition,24105050,2026-09-27T03:47:58-07:00,mbr,1536x1536x1536,f32,"tforge-gpu-pipeline{block-tile=128,32 thread-tile=4,8 tile-k=8 promote=1 vectorize=1}",b128x32-t4x8-k8; grid=48x12x1 block=4x32x1 padded=1536x1536x1536; regs=76 smem=5120 blocks/SM=6 occ=0.5,,10,100,0.3328,0.329536,0.001682,GFLOP/s,21778.116923076923,2280,19.85% of FP32 peak at median clock,,err/bound=0.00343,model: pred_ms=0.1293 waves=1 resident=4 bound=smem fma_step=256 lds_step=384 latency_exposed=0
4632965,23.1.2,13.3,NVIDIA RTX PRO 6000 Blackwell Max-Q Workstation Edition,24105050,2026-09-27T03:47:58-07:00,mbr,1536x1536x1536,f32,"tforge-gpu-pipeline{block-tile=128,32 thread-tile=4,8 tile-k=16 promote=1 vectorize=1}",b128x32-t4x8-k16; grid=48x12x1 block=4x32x1 padded=1536x1536x1536; regs=80 smem=10240 blocks/SM=6 occ=0.5,,10,100,0.286176,0.283456,0.001298,GFLOP/s,25326.223414961427,2280,23.08% of FP32 peak at median clock,,err/bound=0.00343,model: pred_ms=0.1293 waves=1 resident=4 bound=smem fma_step=512 lds_step=768 latency_exposed=0
4632965,23.1.2,13.3,NVIDIA RTX PRO 6000 Blackwell Max-Q Workstation Edition,24105050,2026-09-27T03:47:58-07:00,mbr,1536x1536x1536,f32,"tforge-gpu-pipeline{block-tile=128,32 thread-tile=4,8 tile-k=32 promote=1 vectorize=1}",b128x32-t4x8-k32; grid=48x12x1 block=4x32x1 padded=1536x1536x1536; regs=100 smem=20480 blocks/SM=4 occ=0.333,,10,100,0.261856,0.259776,0.001216,GFLOP/s,27678.408407674448,2280,25.22% of FP32 peak at median clock,,err/bound=0.00343,model: pred_ms=0.1293 waves=1 resident=4 bound=smem fma_step=1024 lds_step=1536 latency_exposed=0
4632965,23.1.2,13.3,NVIDIA RTX PRO 6000 Blackwell Max-Q Workstation Edition,24105050,2026-09-27T03:47:58-07:00,mbr,1536x1536x1536,f32,"tforge-gpu-pipeline{block-tile=128,32 thread-tile=8,8 tile-k=8 promote=1 vectorize=1}",b128x32-t8x8-k8; grid=48x12x1 block=4x16x1 padded=1536x1536x1536; regs=128 smem=5120 blocks/SM=8 occ=0.333,,10,100,0.303216,0.298304,0.002295,GFLOP/s,23902.95140098148,2280,21.78% of FP32 peak at median clock,,err/bound=0.00343,model: pred_ms=0.0862 waves=1 resident=4 bound=fma fma_step=256 lds_step=256 latency_exposed=0
4632965,23.1.2,13.3,NVIDIA RTX PRO 6000 Blackwell Max-Q Workstation Edition,24105050,2026-09-27T03:47:58-07:00,mbr,1536x1536x1536,f32,"tforge-gpu-pipeline{block-tile=128,32 thread-tile=8,8 tile-k=16 promote=1 vectorize=1}",b128x32-t8x8-k16; grid=48x12x1 block=4x16x1 padded=1536x1536x1536; regs=146 smem=10240 blocks/SM=6 occ=0.25,,10,100,0.270064,0.266848,0.002186,GFLOP/s,26837.184193376383,2280,24.46% of FP32 peak at median clock,,err/bound=0.00343,model: pred_ms=0.0862 waves=1 resident=4 bound=fma fma_step=512 lds_step=512 latency_exposed=0
4632965,23.1.2,13.3,NVIDIA RTX PRO 6000 Blackwell Max-Q Workstation Edition,24105050,2026-09-27T03:47:58-07:00,mbr,1536x1536x1536,f32,"tforge-gpu-pipeline{block-tile=128,32 thread-tile=8,8 tile-k=32 promote=1 vectorize=1}",b128x32-t8x8-k32; grid=48x12x1 block=4x16x1 padded=1536x1536x1536; regs=158 smem=20480 blocks/SM=4 occ=0.167,,10,100,0.240144,0.236832,0.001511,GFLOP/s,30180.880271836897,2280,27.50% of FP32 peak at median clock,,err/bound=0.00343,model: pred_ms=0.0862 waves=1 resident=4 bound=fma fma_step=1024 lds_step=1024 latency_exposed=0
4632965,23.1.2,13.3,NVIDIA RTX PRO 6000 Blackwell Max-Q Workstation Edition,24105050,2026-09-27T03:47:58-07:00,mbr,1536x1536x1536,f32,"tforge-gpu-pipeline{block-tile=128,64 thread-tile=4,4 tile-k=8 promote=1 vectorize=1}",b128x64-t4x4-k8; grid=24x12x1 block=16x32x1 padded=1536x1536x1536; regs=64 smem=6144 blocks/SM=2 occ=0.667,,10,100,0.27168,0.2696,0.001324,GFLOP/s,26677.5519434629,2272,24.40% of FP32 peak at median clock,,err/bound=0.00343,model: pred_ms=0.1725 waves=1 resident=2 bound=smem fma_step=512 lds_step=1024 latency_exposed=0
4632965,23.1.2,13.3,NVIDIA RTX PRO 6000 Blackwell Max-Q Workstation Edition,24105050,2026-09-27T03:47:58-07:00,mbr,1536x1536x1536,f32,"tforge-gpu-pipeline{block-tile=128,64 thread-tile=4,4 tile-k=16 promote=1 vectorize=1}",b128x64-t4x4-k16; grid=24x12x1 block=16x32x1 padded=1536x1536x1536; regs=64 smem=12288 blocks/SM=2 occ=0.667,,10,100,0.22248,0.219936,0.00168,GFLOP/s,32577.118446601937,2272,29.79% of FP32 peak at median clock,,err/bound=0.00343,model: pred_ms=0.1725 waves=1 resident=2 bound=smem fma_step=1024 lds_step=2048 latency_exposed=0
4632965,23.1.2,13.3,NVIDIA RTX PRO 6000 Blackwell Max-Q Workstation Edition,24105050,2026-09-27T03:47:58-07:00,mbr,1536x1536x1536,f32,"tforge-gpu-pipeline{block-tile=128,64 thread-tile=4,4 tile-k=32 promote=1 vectorize=1}",b128x64-t4x4-k32; grid=24x12x1 block=16x32x1 padded=1536x1536x1536; regs=64 smem=24576 blocks/SM=2 occ=0.667,,10,100,0.208528,0.205856,0.001784,GFLOP/s,34756.75838256733,2272,31.79% of FP32 peak at median clock,,err/bound=0.00343,model: pred_ms=0.1725 waves=1 resident=2 bound=smem fma_step=2048 lds_step=4096 latency_exposed=0
4632965,23.1.2,13.3,NVIDIA RTX PRO 6000 Blackwell Max-Q Workstation Edition,24105050,2026-09-27T03:47:58-07:00,mbr,1536x1536x1536,f32,"tforge-gpu-pipeline{block-tile=128,64 thread-tile=8,4 tile-k=8 promote=1 vectorize=1}",b128x64-t8x4-k8; grid=24x12x1 block=16x16x1 padded=1536x1536x1536; regs=88 smem=6144 blocks/SM=2 occ=0.333,,10,100,0.201728,0.199424,0.001511,GFLOP/s,35928.3654822335,2280,32.74% of FP32 peak at median clock,,err/bound=0.00343,model: pred_ms=0.1293 waves=1 resident=2 bound=smem fma_step=512 lds_step=768 latency_exposed=0
4632965,23.1.2,13.3,NVIDIA RTX PRO 6000 Blackwell Max-Q Workstation Edition,24105050,2026-09-27T03:47:58-07:00,mbr,1536x1536x1536,f32,"tforge-gpu-pipeline{block-tile=128,64 thread-tile=8,4 tile-k=16 promote=1 vectorize=1}",b128x64-t8x4-k16; grid=24x12x1 block=16x16x1 padded=1536x1536x1536; regs=88 smem=12288 blocks/SM=2 occ=0.333,,10,100,0.183632,0.181056,0.001681,GFLOP/s,39468.923237779905,2272,36.10% of FP32 peak at median clock,,err/bound=0.00343,model: pred_ms=0.1293 waves=1 resident=2 bound=smem fma_step=1024 lds_step=1536 latency_exposed=0
4632965,23.1.2,13.3,NVIDIA RTX PRO 6000 Blackwell Max-Q Workstation Edition,24105050,2026-09-27T03:47:58-07:00,mbr,1536x1536x1536,f32,"tforge-gpu-pipeline{block-tile=128,64 thread-tile=8,4 tile-k=32 promote=1 vectorize=1}",b128x64-t8x4-k32; grid=24x12x1 block=16x16x1 padded=1536x1536x1536; regs=94 smem=24576 blocks/SM=2 occ=0.333,,10,100,0.178272,0.175104,0.001617,GFLOP/s,40655.61227786752,2272,37.18% of FP32 peak at median clock,,err/bound=0.00343,model: pred_ms=0.1293 waves=1 resident=2 bound=smem fma_step=2048 lds_step=3072 latency_exposed=0
4632965,23.1.2,13.3,NVIDIA RTX PRO 6000 Blackwell Max-Q Workstation Edition,24105050,2026-09-27T03:47:58-07:00,mbr,1536x1536x1536,f32,"tforge-gpu-pipeline{block-tile=128,64 thread-tile=4,8 tile-k=8 promote=1 vectorize=1}",b128x64-t4x8-k8; grid=24x12x1 block=8x32x1 padded=1536x1536x1536; regs=80 smem=6144 blocks/SM=3 occ=0.5,,10,100,0.288736,0.286176,0.001556,GFLOP/s,25101.675274299014,2272,22.96% of FP32 peak at median clock,,err/bound=0.00343,model: pred_ms=0.1293 waves=1 resident=2 bound=smem fma_step=512 lds_step=768 latency_exposed=0
4632965,23.1.2,13.3,NVIDIA RTX PRO 6000 Blackwell Max-Q Workstation Edition,24105050,2026-09-27T03:47:58-07:00,mbr,1536x1536x1536,f32,"tforge-gpu-pipeline{block-tile=128,64 thread-tile=4,8 tile-k=16 promote=1 vectorize=1}",b128x64-t4x8-k16; grid=24x12x1 block=8x32x1 padded=1536x1536x1536; regs=80 smem=12288 blocks/SM=3 occ=0.5,,10,100,0.282336,0.280256,0.001238,GFLOP/s,25670.68072084325,2272,23.48% of FP32 peak at median clock,,err/bound=0.00343,model: pred_ms=0.1293 waves=1 resident=2 bound=smem fma_step=1024 lds_step=1536 latency_exposed=0
4632965,23.1.2,13.3,NVIDIA RTX PRO 6000 Blackwell Max-Q Workstation Edition,24105050,2026-09-27T03:47:58-07:00,mbr,1536x1536x1536,f32,"tforge-gpu-pipeline{block-tile=128,64 thread-tile=4,8 tile-k=32 promote=1 vectorize=1}",b128x64-t4x8-k32; grid=24x12x1 block=8x32x1 padded=1536x1536x1536; regs=80 smem=24576 blocks/SM=3 occ=0.5,,10,100,0.271296,0.26928,0.001236,GFLOP/s,26715.312101910833,2272,24.43% of FP32 peak at median clock,,err/bound=0.00343,model: pred_ms=0.1293 waves=1 resident=2 bound=smem fma_step=2048 lds_step=3072 latency_exposed=0
4632965,23.1.2,13.3,NVIDIA RTX PRO 6000 Blackwell Max-Q Workstation Edition,24105050,2026-09-27T03:47:58-07:00,mbr,1536x1536x1536,f32,"tforge-gpu-pipeline{block-tile=128,64 thread-tile=8,8 tile-k=8 promote=1 vectorize=1}",b128x64-t8x8-k8; grid=24x12x1 block=8x16x1 padded=1536x1536x1536; regs=128 smem=6144 blocks/SM=4 occ=0.333,,10,100,0.254912,0.251904,0.001272,GFLOP/s,28432.389656038154,2272,26.00% of FP32 peak at median clock,,err/bound=0.00343,model: pred_ms=0.0936 waves=1 resident=2 bound=fma fma_step=512 lds_step=512 latency_exposed=1
4632965,23.1.2,13.3,NVIDIA RTX PRO 6000 Blackwell Max-Q Workstation Edition,24105050,2026-09-27T03:47:58-07:00,mbr,1536x1536x1536,f32,"tforge-gpu-pipeline{block-tile=128,64 thread-tile=8,8 tile-k=16 promote=1 vectorize=1}",b128x64-t8x8-k16; grid=24x12x1 block=8x16x1 padded=1536x1536x1536; regs=150 smem=12288 blocks/SM=3 occ=0.25,,10,100,0.229504,0.226688,0.001511,GFLOP/s,31580.09146681539,2280,28.78% of FP32 peak at median clock,,err/bound=0.00343,model: pred_ms=0.0862 waves=1 resident=2 bound=fma fma_step=1024 lds_step=1024 latency_exposed=0
4632965,23.1.2,13.3,NVIDIA RTX PRO 6000 Blackwell Max-Q Workstation Edition,24105050,2026-09-27T03:47:58-07:00,mbr,1536x1536x1536,f32,"tforge-gpu-pipeline{block-tile=128,64 thread-tile=8,8 tile-k=32 promote=1 vectorize=1}",b128x64-t8x8-k32; grid=24x12x1 block=8x16x1 padded=1536x1536x1536; regs=128 smem=24576 blocks/SM=4 occ=0.333,,10,100,0.218816,0.216448,0.00128,GFLOP/s,33122.61128985083,2280,30.19% of FP32 peak at median clock,,err/bound=0.00343,model: pred_ms=0.0862 waves=1 resident=2 bound=fma fma_step=2048 lds_step=2048 latency_exposed=0
4632965,23.1.2,13.3,NVIDIA RTX PRO 6000 Blackwell Max-Q Workstation Edition,24105050,2026-09-27T03:47:58-07:00,mbr,1536x1536x1536,f32,"tforge-gpu-pipeline{block-tile=128,128 thread-tile=4,4 tile-k=8 promote=1 vectorize=1}",b128x128-t4x4-k8; grid=12x12x1 block=32x32x1 padded=1536x1536x1536; regs=64 smem=8192 blocks/SM=1 occ=0.667,,10,100,0.232816,0.231776,0.001451,GFLOP/s,31130.83856779603,2280,28.37% of FP32 peak at median clock,,err/bound=0.00343,model: pred_ms=0.2230 waves=1 resident=1 bound=smem fma_step=1024 lds_step=2048 latency_exposed=1
4632965,23.1.2,13.3,NVIDIA RTX PRO 6000 Blackwell Max-Q Workstation Edition,24105050,2026-09-27T03:47:58-07:00,mbr,1536x1536x1536,f32,"tforge-gpu-pipeline{block-tile=128,128 thread-tile=4,4 tile-k=16 promote=1 vectorize=1}",b128x128-t4x4-k16; grid=12x12x1 block=32x32x1 padded=1536x1536x1536; regs=64 smem=16384 blocks/SM=1 occ=0.667,,10,100,0.206112,0.204224,0.001569,GFLOP/s,35164.169538891474,2272,32.16% of FP32 peak at median clock,,err/bound=0.00343,model: pred_ms=0.1977 waves=1 resident=1 bound=smem fma_step=2048 lds_step=4096 latency_exposed=1
4632965,23.1.2,13.3,NVIDIA RTX PRO 6000 Blackwell Max-Q Workstation Edition,24105050,2026-09-27T03:47:58-07:00,mbr,1536x1536x1536,f32,"tforge-gpu-pipeline{block-tile=128,128 thread-tile=4,4 tile-k=32 promote=1 vectorize=1}",b128x128-t4x4-k32; grid=12x12x1 block=32x32x1 padded=1536x1536x1536; regs=64 smem=32768 blocks/SM=1 occ=0.667,,10,100,0.198,0.19712,0.0012,GFLOP/s,36604.8349090909,2280,33.36% of FP32 peak at median clock,,err/bound=0.00343,model: pred_ms=0.1851 waves=1 resident=1 bound=smem fma_step=4096 lds_step=8192 latency_exposed=1
4632965,23.1.2,13.3,NVIDIA RTX PRO 6000 Blackwell Max-Q Workstation Edition,24105050,2026-09-27T03:47:58-07:00,mbr,1536x1536x1536,f32,"tforge-gpu-pipeline{block-tile=128,128 thread-tile=8,4 tile-k=8 promote=1 vectorize=1}",b128x128-t8x4-k8; grid=12x12x1 block=32x16x1 padded=1536x1536x1536; regs=92 smem=8192 blocks/SM=1 occ=0.333,,10,100,0.220416,0.218144,0.001767,GFLOP/s,32882.17421602787,2272,30.07% of FP32 peak at median clock,,err/bound=0.00343,model: pred_ms=0.1799 waves=1 resident=1 bound=smem fma_step=1024 lds_step=1536 latency_exposed=1
4632965,23.1.2,13.3,NVIDIA RTX PRO 6000 Blackwell Max-Q Workstation Edition,24105050,2026-09-27T03:47:58-07:00,mbr,1536x1536x1536,f32,"tforge-gpu-pipeline{block-tile=128,128 thread-tile=8,4 tile-k=16 promote=1 vectorize=1}",b128x128-t8x4-k16; grid=12x12x1 block=32x16x1 padded=1536x1536x1536; regs=92 smem=16384 blocks/SM=1 occ=0.333,,10,100,0.181472,0.179712,0.001314,GFLOP/s,39938.7085170164,2280,36.40% of FP32 peak at median clock,,err/bound=0.00343,model: pred_ms=0.1546 waves=1 resident=1 bound=smem fma_step=2048 lds_step=3072 latency_exposed=1
4632965,23.1.2,13.3,NVIDIA RTX PRO 6000 Blackwell Max-Q Workstation Edition,24105050,2026-09-27T03:47:58-07:00,mbr,1536x1536x1536,f32,"tforge-gpu-pipeline{block-tile=128,128 thread-tile=8,4 tile-k=32 promote=1 vectorize=1}",b128x128-t8x4-k32; grid=12x12x1 block=32x16x1 padded=1536x1536x1536; regs=92 smem=32768 blocks/SM=1 occ=0.333,,10,100,0.174384,0.172768,0.001336,GFLOP/s,41562.05450041288,2272,38.01% of FP32 peak at median clock,,err/bound=0.00343,model: pred_ms=0.1420 waves=1 resident=1 bound=smem fma_step=4096 lds_step=6144 latency_exposed=1
4632965,23.1.2,13.3,NVIDIA RTX PRO 6000 Blackwell Max-Q Workstation Edition,24105050,2026-09-27T03:47:58-07:00,mbr,1536x1536x1536,f32,"tforge-gpu-pipeline{block-tile=128,128 thread-tile=4,8 tile-k=8 promote=1 vectorize=1}",b128x128-t4x8-k8; grid=12x12x1 block=16x32x1 padded=1536x1536x1536; regs=84 smem=8192 blocks/SM=1 occ=0.333,,10,100,0.28848,0.285408,0.001324,GFLOP/s,25123.95074875208,2272,22.98% of FP32 peak at median clock,,err/bound=0.00343,model: pred_ms=0.1799 waves=1 resident=1 bound=smem fma_step=1024 lds_step=1536 latency_exposed=1
4632965,23.1.2,13.3,NVIDIA RTX PRO 6000 Blackwell Max-Q Workstation Edition,24105050,2026-09-27T03:47:58-07:00,mbr,1536x1536x1536,f32,"tforge-gpu-pipeline{block-tile=128,128 thread-tile=4,8 tile-k=16 promote=1 vectorize=1}",b128x128-t4x8-k16; grid=12x12x1 block=16x32x1 padded=1536x1536x1536; regs=88 smem=16384 blocks/SM=1 occ=0.333,,10,100,0.259648,0.257088,0.001182,GFLOP/s,27913.780626078384,2272,25.53% of FP32 peak at median clock,,err/bound=0.00343,model: pred_ms=0.1546 waves=1 resident=1 bound=smem fma_step=2048 lds_step=3072 latency_exposed=1
4632965,23.1.2,13.3,NVIDIA RTX PRO 6000 Blackwell Max-Q Workstation Edition,24105050,2026-09-27T03:47:58-07:00,mbr,1536x1536x1536,f32,"tforge-gpu-pipeline{block-tile=128,128 thread-tile=4,8 tile-k=32 promote=1 vectorize=1}",b128x128-t4x8-k32; grid=12x12x1 block=16x32x1 padded=1536x1536x1536; regs=88 smem=32768 blocks/SM=1 occ=0.333,,10,100,0.251728,0.250048,0.001159,GFLOP/s,28792.018813957922,2272,26.33% of FP32 peak at median clock,,err/bound=0.00343,model: pred_ms=0.1420 waves=1 resident=1 bound=smem fma_step=4096 lds_step=6144 latency_exposed=1
4632965,23.1.2,13.3,NVIDIA RTX PRO 6000 Blackwell Max-Q Workstation Edition,24105050,2026-09-27T03:47:58-07:00,mbr,1536x1536x1536,f32,"tforge-gpu-pipeline{block-tile=128,128 thread-tile=8,8 tile-k=8 promote=1 vectorize=1}",b128x128-t8x8-k8; grid=12x12x1 block=16x16x1 padded=1536x1536x1536; regs=126 smem=8192 blocks/SM=2 occ=0.333,,10,100,0.237024,0.2352,0.001104,GFLOP/s,30578.157958687727,2272,27.96% of FP32 peak at median clock,,err/bound=0.00343,model: pred_ms=0.1368 waves=1 resident=1 bound=fma fma_step=1024 lds_step=1024 latency_exposed=1
4632965,23.1.2,13.3,NVIDIA RTX PRO 6000 Blackwell Max-Q Workstation Edition,24105050,2026-09-27T03:47:58-07:00,mbr,1536x1536x1536,f32,"tforge-gpu-pipeline{block-tile=128,128 thread-tile=8,8 tile-k=16 promote=1 vectorize=1}",b128x128-t8x8-k16; grid=12x12x1 block=16x16x1 padded=1536x1536x1536; regs=128 smem=16384 blocks/SM=2 occ=0.333,,10,100,0.21032,0.209536,0.001311,GFLOP/s,34460.6186382655,2280,31.40% of FP32 peak at median clock,,err/bound=0.00343,model: pred_ms=0.1115 waves=1 resident=1 bound=fma fma_step=2048 lds_step=2048 latency_exposed=1
4632965,23.1.2,13.3,NVIDIA RTX PRO 6000 Blackwell Max-Q Workstation Edition,24105050,2026-09-27T03:47:58-07:00,mbr,1536x1536x1536,f32,"tforge-gpu-pipeline{block-tile=128,128 thread-tile=8,8 tile-k=32 promote=1 vectorize=1}",b128x128-t8x8-k32; grid=12x12x1 block=16x16x1 padded=1536x1536x1536; regs=150 smem=32768 blocks/SM=1 occ=0.167,,10,100,0.195296,0.193344,0.001105,GFLOP/s,37111.65262985417,2280,33.82% of FP32 peak at median clock,,err/bound=0.00343,model: pred_ms=0.0989 waves=1 resident=1 bound=fma fma_step=4096 lds_step=4096 latency_exposed=1
4632965,23.1.2,13.3,NVIDIA RTX PRO 6000 Blackwell Max-Q Workstation Edition,24105050,2026-09-27T03:47:58-07:00,mbr,2560x2560x2560,f32,"tforge-gpu-pipeline{block-tile=32,32 thread-tile=4,4 tile-k=8 promote=1 vectorize=1}",b32x32-t4x4-k8; grid=80x80x1 block=8x8x1 padded=2560x2560x2560; regs=64 smem=2048 blocks/SM=16 occ=0.667,,10,100,1.255152,1.238944,0.017664,GFLOP/s,26733.361377745485,2272,24.45% of FP32 peak at median clock,,err/bound=0.00193,model: pred_ms=0.8623 waves=3 resident=16 bound=smem fma_step=64 lds_step=128 latency_exposed=0
4632965,23.1.2,13.3,NVIDIA RTX PRO 6000 Blackwell Max-Q Workstation Edition,24105050,2026-09-27T03:47:58-07:00,mbr,2560x2560x2560,f32,"tforge-gpu-pipeline{block-tile=32,32 thread-tile=4,4 tile-k=16 promote=1 vectorize=1}",b32x32-t4x4-k16; grid=80x80x1 block=8x8x1 padded=2560x2560x2560; regs=70 smem=4096 blocks/SM=14 occ=0.583,,10,100,1.165296,1.150176,0.012729,GFLOP/s,28794.771457209154,2325,25.73% of FP32 peak at median clock,,err/bound=0.00193,model: pred_ms=0.7545 waves=3 resident=14 bound=smem fma_step=128 lds_step=256 latency_exposed=0
4632965,23.1.2,13.3,NVIDIA RTX PRO 6000 Blackwell Max-Q Workstation Edition,24105050,2026-09-27T03:47:58-07:00,mbr,2560x2560x2560,f32,"tforge-gpu-pipeline{block-tile=32,32 thread-tile=4,4 tile-k=32 promote=1 vectorize=1}",b32x32-t4x4-k32; grid=80x80x1 block=8x8x1 padded=2560x2560x2560; regs=80 smem=8192 blocks/SM=11 occ=0.458,,10,100,1.079328,1.073312,0.012073,GFLOP/s,31088.262326188145,2332,27.70% of FP32 peak at median clock,,err/bound=0.00193,model: pred_ms=0.7905 waves=4 resident=11 bound=smem fma_step=256 lds_step=512 latency_exposed=0
4632965,23.1.2,13.3,NVIDIA RTX PRO 6000 Blackwell Max-Q Workstation Edition,24105050,2026-09-27T03:47:58-07:00,mbr,2560x2560x2560,f32,"tforge-gpu-pipeline{block-tile=32,32 thread-tile=8,4 tile-k=8 promote=1 vectorize=1}",b32x32-t8x4-k8; grid=80x80x1 block=8x4x1 padded=2560x2560x2560; regs=88 smem=2048 blocks/SM=20 occ=0.417,,10,100,1.158688,1.152256,0.014724,GFLOP/s,28958.988096881993,2332,25.80% of FP32 peak at median clock,,err/bound=0.00193,model: pred_ms=0.5389 waves=2 resident=20 bound=smem fma_step=64 lds_step=96 latency_exposed=0
4632965,23.1.2,13.3,NVIDIA RTX PRO 6000 Blackwell Max-Q Workstation Edition,24105050,2026-09-27T03:47:58-07:00,mbr,2560x2560x2560,f32,"tforge-gpu-pipeline{block-tile=32,32 thread-tile=8,4 tile-k=16 promote=1 vectorize=1}",b32x32-t8x4-k16; grid=80x80x1 block=8x4x1 padded=2560x2560x2560; regs=94 smem=4096 blocks/SM=20 occ=0.417,,10,100,1.028528,1.023904,0.009316,GFLOP/s,32623.7418913243,2332,29.07% of FP32 peak at median clock,,err/bound=0.00193,model: pred_ms=0.5389 waves=2 resident=20 bound=smem fma_step=128 lds_step=192 latency_exposed=0
4632965,23.1.2,13.3,NVIDIA RTX PRO 6000 Blackwell Max-Q Workstation Edition,24105050,2026-09-27T03:47:58-07:00,mbr,2560x2560x2560,f32,"tforge-gpu-pipeline{block-tile=32,32 thread-tile=8,4 tile-k=32 promote=1 vectorize=1}",b32x32-t8x4-k32; grid=80x80x1 block=8x4x1 padded=2560x2560x2560; regs=110 smem=8192 blocks/SM=11 occ=0.229,,10,100,0.951328,0.945056,0.006187,GFLOP/s,35271.149382757576,2332,31.43% of FP32 peak at median clock,,err/bound=0.00193,model: pred_ms=0.5928 waves=4 resident=11 bound=smem fma_step=256 lds_step=384 latency_exposed=0
4632965,23.1.2,13.3,NVIDIA RTX PRO 6000 Blackwell Max-Q Workstation Edition,24105050,2026-09-27T03:47:58-07:00,mbr,2560x2560x2560,f32,"tforge-gpu-pipeline{block-tile=32,32 thread-tile=4,8 tile-k=8 promote=1 vectorize=1}",b32x32-t4x8-k8; grid=80x80x1 block=4x8x1 padded=2560x2560x2560; regs=90 smem=2048 blocks/SM=20 occ=0.417,,10,100,1.26784,1.255488,0.024327,GFLOP/s,26465.825340737,2280,24.12% of FP32 peak at median clock,,err/bound=0.00193,model: pred_ms=0.5389 waves=2 resident=20 bound=smem fma_step=64 lds_step=96 latency_exposed=0
4632965,23.1.2,13.3,NVIDIA RTX PRO 6000 Blackwell Max-Q Workstation Edition,24105050,2026-09-27T03:47:58-07:00,mbr,2560x2560x2560,f32,"tforge-gpu-pipeline{block-tile=32,32 thread-tile=4,8 tile-k=16 promote=1 vectorize=1}",b32x32-t4x8-k16; grid=80x80x1 block=4x8x1 padded=2560x2560x2560; regs=96 smem=4096 blocks/SM=20 occ=0.417,,10,100,1.160736,1.153792,0.01587,GFLOP/s,28907.892923110852,2332,25.76% of FP32 peak at median clock,,err/bound=0.00193,model: pred_ms=0.5389 waves=2 resident=20 bound=smem fma_step=128 lds_step=192 latency_exposed=0
4632965,23.1.2,13.3,NVIDIA RTX PRO 6000 Blackwell Max-Q Workstation Edition,24105050,2026-09-27T03:47:58-07:00,mbr,2560x2560x2560,f32,"tforge-gpu-pipeline{block-tile=32,32 thread-tile=4,8 tile-k=32 promote=1 vectorize=1}",b32x32-t4x8-k32; grid=80x80x1 block=4x8x1 padded=2560x2560x2560; regs=110 smem=8192 blocks/SM=11 occ=0.229,,10,100,1.073744,1.067232,0.01296,GFLOP/s,31249.93667019327,2280,28.48% of FP32 peak at median clock,,err/bound=0.00193,model: pred_ms=0.5928 waves=4 resident=11 bound=smem fma_step=256 lds_step=384 latency_exposed=0
4632965,23.1.2,13.3,NVIDIA RTX PRO 6000 Blackwell Max-Q Workstation Edition,24105050,2026-09-27T03:47:58-07:00,mbr,2560x2560x2560,f32,"tforge-gpu-pipeline{block-tile=32,64 thread-tile=4,4 tile-k=8 promote=1 vectorize=1}",b32x64-t4x4-k8; grid=40x80x1 block=16x8x1 padded=2560x2560x2560; regs=56 smem=3072 blocks/SM=9 occ=0.75,,10,100,1.054384,1.04208,0.006823,GFLOP/s,31823.730253873353,2280,29.00% of FP32 peak at median clock,,err/bound=0.00193,model: pred_ms=0.6467 waves=2 resident=9 bound=smem fma_step=128 lds_step=256 latency_exposed=0
4632965,23.1.2,13.3,NVIDIA RTX PRO 6000 Blackwell Max-Q Workstation Edition,24105050,2026-09-27T03:47:58-07:00,mbr,2560x2560x2560,f32,"tforge-gpu-pipeline{block-tile=32,64 thread-tile=4,4 tile-k=16 promote=1 vectorize=1}",b32x64-t4x4-k16; grid=40x80x1 block=16x8x1 padded=2560x2560x2560; regs=58 smem=6144 blocks/SM=8 occ=0.667,,10,100,0.927504,0.92,0.010463,GFLOP/s,36177.12915523814,2280,32.97% of FP32 peak at median clock,,err/bound=0.00193,model: pred_ms=0.8623 waves=3 resident=8 bound=smem fma_step=256 lds_step=512 latency_exposed=0
4632965,23.1.2,13.3,NVIDIA RTX PRO 6000 Blackwell Max-Q Workstation Edition,24105050,2026-09-27T03:47:58-07:00,mbr,2560x2560x2560,f32,"tforge-gpu-pipeline{block-tile=32,64 thread-tile=4,4 tile-k=32 promote=1 vectorize=1}",b32x64-t4x4-k32; grid=40x80x1 block=16x8x1 padded=2560x2560x2560; regs=70 smem=12288 blocks/SM=7 occ=0.583,,10,100,0.932464,0.916864,0.008318,GFLOP/s,35984.694315276516,2332,32.06% of FP32 peak at median clock,,err/bound=0.00193,model: pred_ms=0.7545 waves=3 resident=7 bound=smem fma_step=512 lds_step=1024 latency_exposed=0
4632965,23.1.2,13.3,NVIDIA RTX PRO 6000 Blackwell Max-Q Workstation Edition,24105050,2026-09-27T03:47:58-07:00,mbr,2560x2560x2560,f32,"tforge-gpu-pipeline{block-tile=32,64 thread-tile=8,4 tile-k=8 promote=1 vectorize=1}",b32x64-t8x4-k8; grid=40x80x1 block=16x4x1 padded=2560x2560x2560; regs=84 smem=3072 blocks/SM=10 occ=0.417,,10,100,0.870336,0.863136,0.003357,GFLOP/s,38553.4230458122,2325,34.45% of FP32 peak at median clock,,err/bound=0.00193,model: pred_ms=0.5389 waves=2 resident=10 bound=smem fma_step=128 lds_step=192 latency_exposed=0
4632965,23.1.2,13.3,NVIDIA RTX PRO 6000 Blackwell Max-Q Workstation Edition,24105050,2026-09-27T03:47:58-07:00,mbr,2560x2560x2560,f32,"tforge-gpu-pipeline{block-tile=32,64 thread-tile=8,4 tile-k=16 promote=1 vectorize=1}",b32x64-t8x4-k16; grid=40x80x1 block=16x4x1 padded=2560x2560x2560; regs=92 smem=6144 blocks/SM=10 occ=0.417,,10,100,0.840816,0.833024,0.004057,GFLOP/s,39906.98559494586,2325,35.66% of FP32 peak at median clock,,err/bound=0.00193,model: pred_ms=0.5389 waves=2 resident=10 bound=smem fma_step=256 lds_step=384 latency_exposed=0
4632965,23.1.2,13.3,NVIDIA RTX PRO 6000 Blackwell Max-Q Workstation Edition,24105050,2026-09-27T03:47:58-07:00,mbr,2560x2560x2560,f32,"tforge-gpu-pipeline{block-tile=32,64 thread-tile=8,4 tile-k=32 promote=1 vectorize=1}",b32x64-t8x4-k32; grid=40x80x1 block=16x4x1 padded=2560x2560x2560; regs=104 smem=12288 blocks/SM=7 occ=0.292,,10,100,0.826608,0.805664,0.011801,GFLOP/s,40592.919497512725,2280,36.99% of FP32 peak at median clock,,err/bound=0.00193,model: pred_ms=0.5659 waves=3 resident=7 bound=smem fma_step=512 lds_step=768 latency_exposed=0
4632965,23.1.2,13.3,NVIDIA RTX PRO 6000 Blackwell Max-Q Workstation Edition,24105050,2026-09-27T03:47:58-07:00,mbr,2560x2560x2560,f32,"tforge-gpu-pipeline{block-tile=32,64 thread-tile=4,8 tile-k=8 promote=1 vectorize=1}",b32x64-t4x8-k8; grid=40x80x1 block=8x8x1 padded=2560x2560x2560; regs=80 smem=3072 blocks/SM=12 occ=0.5,,10,100,1.189344,1.180672,0.021288,GFLOP/s,28212.554147496438,2280,25.71% of FP32 peak at median clock,,err/bound=0.00193,model: pred_ms=0.6467 waves=2 resident=12 bound=smem fma_step=128 lds_step=192 latency_exposed=0
4632965,23.1.2,13.3,NVIDIA RTX PRO 6000 Blackwell Max-Q Workstation Edition,24105050,2026-09-27T03:47:58-07:00,mbr,2560x2560x2560,f32,"tforge-gpu-pipeline{block-tile=32,64 thread-tile=4,8 tile-k=16 promote=1 vectorize=1}",b32x64-t4x8-k16; grid=40x80x1 block=8x8x1 padded=2560x2560x2560; regs=80 smem=6144 blocks/SM=12 occ=0.5,,10,100,1.146352,1.133888,0.021384,GFLOP/s,29270.61844878362,2332,26.08% of FP32 peak at median clock,,err/bound=0.00193,model: pred_ms=0.6467 waves=2 resident=12 bound=smem fma_step=256 lds_step=384 latency_exposed=0
4632965,23.1.2,13.3,NVIDIA RTX PRO 6000 Blackwell Max-Q Workstation Edition,24105050,2026-09-27T03:47:58-07:00,mbr,2560x2560x2560,f32,"tforge-gpu-pipeline{block-tile=32,64 thread-tile=4,8 tile-k=32 promote=1 vectorize=1}",b32x64-t4x8-k32; grid=40x80x1 block=8x8x1 padded=2560x2560x2560; regs=102 smem=12288 blocks/SM=7 occ=0.292,,10,100,1.11328,1.103584,0.018717,GFLOP/s,30140.155217016378,2332,26.85% of FP32 peak at median clock,,err/bound=0.00193,model: pred_ms=0.5659 waves=3 resident=7 bound=smem fma_step=512 lds_step=768 latency_exposed=0
4632965,23.1.2,13.3,NVIDIA RTX PRO 6000 Blackwell Max-Q Workstation Edition,24105050,2026-09-27T03:47:58-07:00,mbr,2560x2560x2560,f32,"tforge-gpu-pipeline{block-tile=32,64 thread-tile=8,8 tile-k=8 promote=1 vectorize=1}",b32x64-t8x8-k8; grid=40x80x1 block=8x4x1 padded=2560x2560x2560; regs=128 smem=3072 blocks/SM=16 occ=0.333,,10,100,1.06096,1.05648,0.002563,GFLOP/s,31626.4816769718,2332,28.18% of FP32 peak at median clock,,err/bound=0.00193,model: pred_ms=0.5749 waves=2 resident=16 bound=fma fma_step=128 lds_step=128 latency_exposed=0
4632965,23.1.2,13.3,NVIDIA RTX PRO 6000 Blackwell Max-Q Workstation Edition,24105050,2026-09-27T03:47:58-07:00,mbr,2560x2560x2560,f32,"tforge-gpu-pipeline{block-tile=32,64 thread-tile=8,8 tile-k=16 promote=1 vectorize=1}",b32x64-t8x8-k16; grid=40x80x1 block=8x4x1 padded=2560x2560x2560; regs=156 smem=6144 blocks/SM=12 occ=0.25,,10,100,0.997088,0.992576,0.002545,GFLOP/s,33652.42786995732,2332,29.98% of FP32 peak at median clock,,err/bound=0.00193,model: pred_ms=0.4312 waves=2 resident=12 bound=fma fma_step=256 lds_step=256 latency_exposed=0
4632965,23.1.2,13.3,NVIDIA RTX PRO 6000 Blackwell Max-Q Workstation Edition,24105050,2026-09-27T03:47:58-07:00,mbr,2560x2560x2560,f32,"tforge-gpu-pipeline{block-tile=32,64 thread-tile=8,8 tile-k=32 promote=1 vectorize=1}",b32x64-t8x8-k32; grid=40x80x1 block=8x4x1 padded=2560x2560x2560; regs=174 smem=12288 blocks/SM=7 occ=0.146,,10,100,0.917184,0.911104,0.003646,GFLOP/s,36584.18812364803,2325,32.69% of FP32 peak at median clock,,err/bound=0.00193,model: pred_ms=0.3773 waves=3 resident=7 bound=fma fma_step=512 lds_step=512 latency_exposed=0
4632965,23.1.2,13.3,NVIDIA RTX PRO 6000 Blackwell Max-Q Workstation Edition,24105050,2026-09-27T03:47:58-07:00,mbr,2560x2560x2560,f32,"tforge-gpu-pipeline{block-tile=32,128 thread-tile=4,4 tile-k=8 promote=1 vectorize=1}",b32x128-t4x4-k8; grid=20x80x1 block=32x8x1 padded=2560x2560x2560; regs=64 smem=5120 blocks/SM=4 occ=0.667,,10,100,0.945728,0.939072,0.00843,GFLOP/s,35480.002706909385,2332,31.61% of FP32 peak at median clock,,err/bound=0.00193,model: pred_ms=0.8623 waves=3 resident=4 bound=smem fma_step=256 lds_step=512 latency_exposed=0
4632965,23.1.2,13.3,NVIDIA RTX PRO 6000 Blackwell Max-Q Workstation Edition,24105050,2026-09-27T03:47:58-07:00,mbr,2560x2560x2560,f32,"tforge-gpu-pipeline{block-tile=32,128 thread-tile=4,4 tile-k=16 promote=1 vectorize=1}",b32x128-t4x4-k16; grid=20x80x1 block=32x8x1 padded=2560x2560x2560; regs=64 smem=10240 blocks/SM=4 occ=0.667,,10,100,0.93176,0.922752,0.005636,GFLOP/s,36011.88288829741,2272,32.93% of FP32 peak at median clock,,err/bound=0.00193,model: pred_ms=0.8623 waves=3 resident=4 bound=smem fma_step=512 lds_step=1024 latency_exposed=0
4632965,23.1.2,13.3,NVIDIA RTX PRO 6000 Blackwell Max-Q Workstation Edition,24105050,2026-09-27T03:47:58-07:00,mbr,2560x2560x2560,f32,"tforge-gpu-pipeline{block-tile=32,128 thread-tile=4,4 tile-k=32 promote=1 vectorize=1}",b32x128-t4x4-k32; grid=20x80x1 block=32x8x1 padded=2560x2560x2560; regs=64 smem=20480 blocks/SM=4 occ=0.667,,10,100,0.905472,0.90032,0.004917,GFLOP/s,37057.393271133726,2332,33.02% of FP32 peak at median clock,,err/bound=0.00193,model: pred_ms=0.8623 waves=3 resident=4 bound=smem fma_step=1024 lds_step=2048 latency_exposed=0
4632965,23.1.2,13.3,NVIDIA RTX PRO 6000 Blackwell Max-Q Workstation Edition,24105050,2026-09-27T03:47:58-07:00,mbr,2560x2560x2560,f32,"tforge-gpu-pipeline{block-tile=32,128 thread-tile=8,4 tile-k=8 promote=1 vectorize=1}",b32x128-t8x4-k8; grid=20x80x1 block=32x4x1 padded=2560x2560x2560; regs=82 smem=5120 blocks/SM=5 occ=0.417,,10,100,0.841456,0.837248,0.002829,GFLOP/s,39876.632883953534,2332,35.53% of FP32 peak at median clock,,err/bound=0.00193,model: pred_ms=0.5389 waves=2 resident=5 bound=smem fma_step=256 lds_step=384 latency_exposed=0
4632965,23.1.2,13.3,NVIDIA RTX PRO 6000 Blackwell Max-Q Workstation Edition,24105050,2026-09-27T03:47:58-07:00,mbr,2560x2560x2560,f32,"tforge-gpu-pipeline{block-tile=32,128 thread-tile=8,4 tile-k=16 promote=1 vectorize=1}",b32x128-t8x4-k16; grid=20x80x1 block=32x4x1 padded=2560x2560x2560; regs=88 smem=10240 blocks/SM=5 occ=0.417,,10,100,0.8,0.794848,0.003333,GFLOP/s,41943.04,2332,37.37% of FP32 peak at median clock,,err/bound=0.00193,model: pred_ms=0.5389 waves=2 resident=5 bound=smem fma_step=512 lds_step=768 latency_exposed=0
4632965,23.1.2,13.3,NVIDIA RTX PRO 6000 Blackwell Max-Q Workstation Edition,24105050,2026-09-27T03:47:58-07:00,mbr,2560x2560x2560,f32,"tforge-gpu-pipeline{block-tile=32,128 thread-tile=8,4 tile-k=32 promote=1 vectorize=1}",b32x128-t8x4-k32; grid=20x80x1 block=32x4x1 padded=2560x2560x2560; regs=104 smem=20480 blocks/SM=4 occ=0.333,,10,100,0.799792,0.791936,0.005244,GFLOP/s,41953.94802648688,2332,37.38% of FP32 peak at median clock,,err/bound=0.00193,model: pred_ms=0.6467 waves=3 resident=4 bound=smem fma_step=1024 lds_step=1536 latency_exposed=0
4632965,23.1.2,13.3,NVIDIA RTX PRO 6000 Blackwell Max-Q Workstation Edition,24105050,2026-09-27T03:47:58-07:00,mbr,2560x2560x2560,f32,"tforge-gpu-pipeline{block-tile=32,128 thread-tile=4,8 tile-k=8 promote=1 vectorize=1}",b32x128-t4x8-k8; grid=20x80x1 block=16x8x1 padded=2560x2560x2560; regs=80 smem=5120 blocks/SM=6 occ=0.5,,10,100,1.102352,1.088736,0.010444,GFLOP/s,30438.94509194885,2272,27.84% of FP32 peak at median clock,,err/bound=0.00193,model: pred_ms=0.6467 waves=2 resident=6 bound=smem fma_step=256 lds_step=384 latency_exposed=0
4632965,23.1.2,13.3,NVIDIA RTX PRO 6000 Blackwell Max-Q Workstation Edition,24105050,2026-09-27T03:47:58-07:00,mbr,2560x2560x2560,f32,"tforge-gpu-pipeline{block-tile=32,128 thread-tile=4,8 tile-k=16 promote=1 vectorize=1}",b32x128-t4x8-k16; grid=20x80x1 block=16x8x1 padded=2560x2560x2560; regs=80 smem=10240 blocks/SM=6 occ=0.5,,10,100,1.0432,1.02976,0.009411,GFLOP/s,32164.907975460126,2332,28.66% of FP32 peak at median clock,,err/bound=0.00193,model: pred_ms=0.6467 waves=2 resident=6 bound=smem fma_step=512 lds_step=768 latency_exposed=0
4632965,23.1.2,13.3,NVIDIA RTX PRO 6000 Blackwell Max-Q Workstation Edition,24105050,2026-09-27T03:47:58-07:00,mbr,2560x2560x2560,f32,"tforge-gpu-pipeline{block-tile=32,128 thread-tile=4,8 tile-k=32 promote=1 vectorize=1}",b32x128-t4x8-k32; grid=20x80x1 block=16x8x1 padded=2560x2560x2560; regs=100 smem=20480 blocks/SM=4 occ=0.333,,10,100,1.02384,1.014176,0.006743,GFLOP/s,32773.12080012502,2332,29.20% of FP32 peak at median clock,,err/bound=0.00193,model: pred_ms=0.6467 waves=3 resident=4 bound=smem fma_step=1024 lds_step=1536 latency_exposed=0
4632965,23.1.2,13.3,NVIDIA RTX PRO 6000 Blackwell Max-Q Workstation Edition,24105050,2026-09-27T03:47:58-07:00,mbr,2560x2560x2560,f32,"tforge-gpu-pipeline{block-tile=32,128 thread-tile=8,8 tile-k=8 promote=1 vectorize=1}",b32x128-t8x8-k8; grid=20x80x1 block=16x4x1 padded=2560x2560x2560; regs=128 smem=5120 blocks/SM=8 occ=0.333,,10,100,0.9292,0.922944,0.002629,GFLOP/s,36111.0977184675,2332,32.17% of FP32 peak at median clock,,err/bound=0.00193,model: pred_ms=0.5749 waves=2 resident=8 bound=fma fma_step=256 lds_step=256 latency_exposed=0
4632965,23.1.2,13.3,NVIDIA RTX PRO 6000 Blackwell Max-Q Workstation Edition,24105050,2026-09-27T03:47:58-07:00,mbr,2560x2560x2560,f32,"tforge-gpu-pipeline{block-tile=32,128 thread-tile=8,8 tile-k=16 promote=1 vectorize=1}",b32x128-t8x8-k16; grid=20x80x1 block=16x4x1 padded=2560x2560x2560; regs=152 smem=10240 blocks/SM=6 occ=0.25,,10,100,0.895552,0.8904,0.002547,GFLOP/s,37467.87679554062,2332,33.38% of FP32 peak at median clock,,err/bound=0.00193,model: pred_ms=0.4312 waves=2 resident=6 bound=fma fma_step=512 lds_step=512 latency_exposed=0
4632965,23.1.2,13.3,NVIDIA RTX PRO 6000 Blackwell Max-Q Workstation Edition,24105050,2026-09-27T03:47:58-07:00,mbr,2560x2560x2560,f32,"tforge-gpu-pipeline{block-tile=32,128 thread-tile=8,8 tile-k=32 promote=1 vectorize=1}",b32x128-t8x8-k32; grid=20x80x1 block=16x4x1 padded=2560x2560x2560; regs=158 smem=20480 blocks/SM=4 occ=0.167,,10,100,0.909376,0.900192,0.021665,GFLOP/s,36898.3038918995,2332,32.88% of FP32 peak at median clock,,err/bound=0.00193,model: pred_ms=0.4312 waves=3 resident=4 bound=fma fma_step=1024 lds_step=1024 latency_exposed=0
4632965,23.1.2,13.3,NVIDIA RTX PRO 6000 Blackwell Max-Q Workstation Edition,24105050,2026-09-27T03:47:58-07:00,mbr,2560x2560x2560,f32,"tforge-gpu-pipeline{block-tile=64,32 thread-tile=4,4 tile-k=8 promote=1 vectorize=1}",b64x32-t4x4-k8; grid=80x40x1 block=8x16x1 padded=2560x2560x2560; regs=56 smem=3072 blocks/SM=9 occ=0.75,,10,100,1.242016,1.226272,0.023216,GFLOP/s,27016.102852137166,2332,24.07% of FP32 peak at median clock,,err/bound=0.00193,model: pred_ms=0.6467 waves=2 resident=9 bound=smem fma_step=128 lds_step=256 latency_exposed=0
4632965,23.1.2,13.3,NVIDIA RTX PRO 6000 Blackwell Max-Q Workstation Edition,24105050,2026-09-27T03:47:58-07:00,mbr,2560x2560x2560,f32,"tforge-gpu-pipeline{block-tile=64,32 thread-tile=4,4 tile-k=16 promote=1 vectorize=1}",b64x32-t4x4-k16; grid=80x40x1 block=8x16x1 padded=2560x2560x2560; regs=58 smem=6144 blocks/SM=8 occ=0.667,,10,100,1.101504,1.092704,0.00977,GFLOP/s,30462.37871128929,2280,27.76% of FP32 peak at median clock,,err/bound=0.00193,model: pred_ms=0.8623 waves=3 resident=8 bound=smem fma_step=256 lds_step=512 latency_exposed=0
4632965,23.1.2,13.3,NVIDIA RTX PRO 6000 Blackwell Max-Q Workstation Edition,24105050,2026-09-27T03:47:58-07:00,mbr,2560x2560x2560,f32,"tforge-gpu-pipeline{block-tile=64,32 thread-tile=4,4 tile-k=32 promote=1 vectorize=1}",b64x32-t4x4-k32; grid=80x40x1 block=8x16x1 padded=2560x2560x2560; regs=70 smem=12288 blocks/SM=7 occ=0.583,,10,100,1.025744,1.01296,0.008535,GFLOP/s,32712.286886396603,2280,29.81% of FP32 peak at median clock,,err/bound=0.00193,model: pred_ms=0.7545 waves=3 resident=7 bound=smem fma_step=512 lds_step=1024 latency_exposed=0
4632965,23.1.2,13.3,NVIDIA RTX PRO 6000 Blackwell Max-Q Workstation Edition,24105050,2026-09-27T03:47:58-07:00,mbr,2560x2560x2560,f32,"tforge-gpu-pipeline{block-tile=64,32 thread-tile=8,4 tile-k=8 promote=1 vectorize=1}",b64x32-t8x4-k8; grid=80x40x1 block=8x8x1 padded=2560x2560x2560; regs=84 smem=3072 blocks/SM=10 occ=0.417,,10,100,1.087856,1.0808,0.01125,GFLOP/s,30844.552955538235,2280,28.11% of FP32 peak at median clock,,err/bound=0.00193,model: pred_ms=0.5389 waves=2 resident=10 bound=smem fma_step=128 lds_step=192 latency_exposed=0
4632965,23.1.2,13.3,NVIDIA RTX PRO 6000 Blackwell Max-Q Workstation Edition,24105050,2026-09-27T03:47:58-07:00,mbr,2560x2560x2560,f32,"tforge-gpu-pipeline{block-tile=64,32 thread-tile=8,4 tile-k=16 promote=1 vectorize=1}",b64x32-t8x4-k16; grid=80x40x1 block=8x8x1 padded=2560x2560x2560; regs=92 smem=6144 blocks/SM=10 occ=0.417,,10,100,0.960608,0.954784,0.004551,GFLOP/s,34930.41073986475,2280,31.83% of FP32 peak at median clock,,err/bound=0.00193,model: pred_ms=0.5389 waves=2 resident=10 bound=smem fma_step=256 lds_step=384 latency_exposed=0
4632965,23.1.2,13.3,NVIDIA RTX PRO 6000 Blackwell Max-Q Workstation Edition,24105050,2026-09-27T03:47:58-07:00,mbr,2560x2560x2560,f32,"tforge-gpu-pipeline{block-tile=64,32 thread-tile=8,4 tile-k=32 promote=1 vectorize=1}",b64x32-t8x4-k32; grid=80x40x1 block=8x8x1 padded=2560x2560x2560; regs=104 smem=12288 blocks/SM=7 occ=0.292,,10,100,0.890544,0.879296,0.018206,GFLOP/s,37678.57848685747,2332,33.57% of FP32 peak at median clock,,err/bound=0.00193,model: pred_ms=0.5659 waves=3 resident=7 bound=smem fma_step=512 lds_step=768 latency_exposed=0
4632965,23.1.2,13.3,NVIDIA RTX PRO 6000 Blackwell Max-Q Workstation Edition,24105050,2026-09-27T03:47:58-07:00,mbr,2560x2560x2560,f32,"tforge-gpu-pipeline{block-tile=64,32 thread-tile=4,8 tile-k=8 promote=1 vectorize=1}",b64x32-t4x8-k8; grid=80x40x1 block=4x16x1 padded=2560x2560x2560; regs=76 smem=3072 blocks/SM=12 occ=0.5,,10,100,1.210784,1.197664,0.020326,GFLOP/s,27712.979358828656,2332,24.69% of FP32 peak at median clock,,err/bound=0.00193,model: pred_ms=0.6467 waves=2 resident=12 bound=smem fma_step=128 lds_step=192 latency_exposed=0
4632965,23.1.2,13.3,NVIDIA RTX PRO 6000 Blackwell Max-Q Workstation Edition,24105050,2026-09-27T03:47:58-07:00,mbr,2560x2560x2560,f32,"tforge-gpu-pipeline{block-tile=64,32 thread-tile=4,8 tile-k=16 promote=1 vectorize=1}",b64x32-t4x8-k16; grid=80x40x1 block=4x16x1 padded=2560x2560x2560; regs=80 smem=6144 blocks/SM=12 occ=0.5,,10,100,1.093856,1.07824,0.009527,GFLOP/s,30675.364947488517,2332,27.33% of FP32 peak at median clock,,err/bound=0.00193,model: pred_ms=0.6467 waves=2 resident=12 bound=smem fma_step=256 lds_step=384 latency_exposed=0
4632965,23.1.2,13.3,NVIDIA RTX PRO 6000 Blackwell Max-Q Workstation Edition,24105050,2026-09-27T03:47:58-07:00,mbr,2560x2560x2560,f32,"tforge-gpu-pipeline{block-tile=64,32 thread-tile=4,8 tile-k=32 promote=1 vectorize=1}",b64x32-t4x8-k32; grid=80x40x1 block=4x16x1 padded=2560x2560x2560; regs=100 smem=12288 blocks/SM=7 occ=0.292,,10,100,1.021808,1.015136,0.024915,GFLOP/s,32838.29447410863,2332,29.26% of FP32 peak at median clock,,err/bound=0.00193,model: pred_ms=0.5659 waves=3 resident=7 bound=smem fma_step=512 lds_step=768 latency_exposed=0
4632965,23.1.2,13.3,NVIDIA RTX PRO 6000 Blackwell Max-Q Workstation Edition,24105050,2026-09-27T03:47:58-07:00,mbr,2560x2560x2560,f32,"tforge-gpu-pipeline{block-tile=64,32 thread-tile=8,8 tile-k=8 promote=1 vectorize=1}",b64x32-t8x8-k8; grid=80x40x1 block=4x8x1 padded=2560x2560x2560; regs=146 smem=3072 blocks/SM=12 occ=0.25,,10,100,1.249712,1.236672,0.006963,GFLOP/s,26849.731778201694,2332,23.92% of FP32 peak at median clock,,err/bound=0.00193,model: pred_ms=0.4312 waves=2 resident=12 bound=fma fma_step=128 lds_step=128 latency_exposed=0
4632965,23.1.2,13.3,NVIDIA RTX PRO 6000 Blackwell Max-Q Workstation Edition,24105050,2026-09-27T03:47:58-07:00,mbr,2560x2560x2560,f32,"tforge-gpu-pipeline{block-tile=64,32 thread-tile=8,8 tile-k=16 promote=1 vectorize=1}",b64x32-t8x8-k16; grid=80x40x1 block=4x8x1 padded=2560x2560x2560; regs=152 smem=6144 blocks/SM=12 occ=0.25,,10,100,1.055312,1.049376,0.002803,GFLOP/s,31795.745713116117,2332,28.33% of FP32 peak at median clock,,err/bound=0.00193,model: pred_ms=0.4312 waves=2 resident=12 bound=fma fma_step=256 lds_step=256 latency_exposed=0
4632965,23.1.2,13.3,NVIDIA RTX PRO 6000 Blackwell Max-Q Workstation Edition,24105050,2026-09-27T03:47:58-07:00,mbr,2560x2560x2560,f32,"tforge-gpu-pipeline{block-tile=64,32 thread-tile=8,8 tile-k=32 promote=1 vectorize=1}",b64x32-t8x8-k32; grid=80x40x1 block=4x8x1 padded=2560x2560x2560; regs=174 smem=12288 blocks/SM=7 occ=0.146,,10,100,0.933424,0.92672,0.002487,GFLOP/s,35947.6850820206,2332,32.03% of FP32 peak at median clock,,err/bound=0.00193,model: pred_ms=0.3773 waves=3 resident=7 bound=fma fma_step=512 lds_step=512 latency_exposed=0
4632965,23.1.2,13.3,NVIDIA RTX PRO 6000 Blackwell Max-Q Workstation Edition,24105050,2026-09-27T03:47:58-07:00,mbr,2560x2560x2560,f32,"tforge-gpu-pipeline{block-tile=64,64 thread-tile=4,4 tile-k=8 promote=1 vectorize=1}",b64x64-t4x4-k8; grid=40x40x1 block=16x16x1 padded=2560x2560x2560; regs=64 smem=4096 blocks/SM=4 occ=0.667,,10,100,1.011344,1.005152,0.006132,GFLOP/s,33178.06008638011,2332,29.56% of FP32 peak at median clock,,err/bound=0.00193,model: pred_ms=0.8623 waves=3 resident=4 bound=smem fma_step=256 lds_step=512 latency_exposed=0
4632965,23.1.2,13.3,NVIDIA RTX PRO 6000 Blackwell Max-Q Workstation Edition,24105050,2026-09-27T03:47:58-07:00,mbr,2560x2560x2560,f32,"tforge-gpu-pipeline{block-tile=64,64 thread-tile=4,4 tile-k=16 promote=1 vectorize=1}",b64x64-t4x4-k16; grid=40x40x1 block=16x16x1 padded=2560x2560x2560; regs=64 smem=8192 blocks/SM=4 occ=0.667,,10,100,0.896496,0.881984,0.007262,GFLOP/s,37428.423551248416,2280,34.11% of FP32 peak at median clock,,err/bound=0.00193,model: pred_ms=0.8623 waves=3 resident=4 bound=smem fma_step=512 lds_step=1024 latency_exposed=0
4632965,23.1.2,13.3,NVIDIA RTX PRO 6000 Blackwell Max-Q Workstation Edition,24105050,2026-09-27T03:47:58-07:00,mbr,2560x2560x2560,f32,"tforge-gpu-pipeline{block-tile=64,64 thread-tile=4,4 tile-k=32 promote=1 vectorize=1}",b64x64-t4x4-k32; grid=40x40x1 block=16x16x1 padded=2560x2560x2560; regs=74 smem=16384 blocks/SM=3 occ=0.5,,10,100,0.870256,0.861344,0.005412,GFLOP/s,38556.96714529977,2332,34.35% of FP32 peak at median clock,,err/bound=0.00193,model: pred_ms=0.6467 waves=3 resident=3 bound=smem fma_step=1024 lds_step=2048 latency_exposed=0
4632965,23.1.2,13.3,NVIDIA RTX PRO 6000 Blackwell Max-Q Workstation Edition,24105050,2026-09-27T03:47:58-07:00,mbr,2560x2560x2560,f32,"tforge-gpu-pipeline{block-tile=64,64 thread-tile=8,4 tile-k=8 promote=1 vectorize=1}",b64x64-t8x4-k8; grid=40x40x1 block=16x8x1 padded=2560x2560x2560; regs=82 smem=4096 blocks/SM=5 occ=0.417,,10,100,0.809808,0.802432,0.004084,GFLOP/s,41435.04633197005,2332,36.92% of FP32 peak at median clock,,err/bound=0.00193,model: pred_ms=0.5389 waves=2 resident=5 bound=smem fma_step=256 lds_step=384 latency_exposed=0
4632965,23.1.2,13.3,NVIDIA RTX PRO 6000 Blackwell Max-Q Workstation Edition,24105050,2026-09-27T03:47:58-07:00,mbr,2560x2560x2560,f32,"tforge-gpu-pipeline{block-tile=64,64 thread-tile=8,4 tile-k=16 promote=1 vectorize=1}",b64x64-t8x4-k16; grid=40x40x1 block=16x8x1 padded=2560x2560x2560; regs=88 smem=8192 blocks/SM=5 occ=0.417,,10,100,0.787776,0.778496,0.005056,GFLOP/s,42593.87440084491,2332,37.95% of FP32 peak at median clock,,err/bound=0.00193,model: pred_ms=0.5389 waves=2 resident=5 bound=smem fma_step=512 lds_step=768 latency_exposed=0
4632965,23.1.2,13.3,NVIDIA RTX PRO 6000 Blackwell Max-Q Workstation Edition,24105050,2026-09-27T03:47:58-07:00,mbr,2560x2560x2560,f32,"tforge-gpu-pipeline{block-tile=64,64 thread-tile=8,4 tile-k=32 promote=1 vectorize=1}",b64x64-t8x4-k32; grid=40x40x1 block=16x8x1 padded=2560x2560x2560; regs=94 smem=16384 blocks/SM=5 occ=0.417,,10,100,0.75904,0.750208,0.004867,GFLOP/s,44206.40809443507,2280,40.29% of FP32 peak at median clock,,err/bound=0.00193,model: pred_ms=0.5389 waves=2 resident=5 bound=smem fma_step=1024 lds_step=1536 latency_exposed=0
4632965,23.1.2,13.3,NVIDIA RTX PRO 6000 Blackwell Max-Q Workstation Edition,24105050,2026-09-27T03:47:58-07:00,mbr,2560x2560x2560,f32,"tforge-gpu-pipeline{block-tile=64,64 thread-tile=4,8 tile-k=8 promote=1 vectorize=1}",b64x64-t4x8-k8; grid=40x40x1 block=8x16x1 padded=2560x2560x2560; regs=76 smem=4096 blocks/SM=6 occ=0.5,,10,100,1.116896,1.110496,0.015906,GFLOP/s,30042.57513680772,2280,27.38% of FP32 peak at median clock,,err/bound=0.00193,model: pred_ms=0.6467 waves=2 resident=6 bound=smem fma_step=256 lds_step=384 latency_exposed=0
4632965,23.1.2,13.3,NVIDIA RTX PRO 6000 Blackwell Max-Q Workstation Edition,24105050,2026-09-27T03:47:58-07:00,mbr,2560x2560x2560,f32,"tforge-gpu-pipeline{block-tile=64,64 thread-tile=4,8 tile-k=16 promote=1 vectorize=1}",b64x64-t4x8-k16; grid=40x40x1 block=8x16x1 padded=2560x2560x2560; regs=80 smem=8192 blocks/SM=6 occ=0.5,,10,100,1.082928,1.07344,0.005877,GFLOP/s,30984.914971263097,2332,27.61% of FP32 peak at median clock,,err/bound=0.00193,model: pred_ms=0.6467 waves=2 resident=6 bound=smem fma_step=512 lds_step=768 latency_exposed=0
4632965,23.1.2,13.3,NVIDIA RTX PRO 6000 Blackwell Max-Q Workstation Edition,24105050,2026-09-27T03:47:58-07:00,mbr,2560x2560x2560,f32,"tforge-gpu-pipeline{block-tile=64,64 thread-tile=4,8 tile-k=32 promote=1 vectorize=1}",b64x64-t4x8-k32; grid=40x40x1 block=8x16x1 padded=2560x2560x2560; regs=96 smem=16384 blocks/SM=5 occ=0.417,,10,100,1.031072,1.024512,0.003152,GFLOP/s,32543.248192172803,2332,29.00% of FP32 peak at median clock,,err/bound=0.00193,model: pred_ms=0.5389 waves=2 resident=5 bound=smem fma_step=1024 lds_step=1536 latency_exposed=0
4632965,23.1.2,13.3,NVIDIA RTX PRO 6000 Blackwell Max-Q Workstation Edition,24105050,2026-09-27T03:47:58-07:00,mbr,2560x2560x2560,f32,"tforge-gpu-pipeline{block-tile=64,64 thread-tile=8,8 tile-k=8 promote=1 vectorize=1}",b64x64-t8x8-k8; grid=40x40x1 block=8x8x1 padded=2560x2560x2560; regs=146 smem=4096 blocks/SM=6 occ=0.25,,10,100,0.978864,0.969664,0.003208,GFLOP/s,34278.95192794913,2332,30.54% of FP32 peak at median clock,,err/bound=0.00193,model: pred_ms=0.4312 waves=2 resident=6 bound=fma fma_step=256 lds_step=256 latency_exposed=0
4632965,23.1.2,13.3,NVIDIA RTX PRO 6000 Blackwell Max-Q Workstation Edition,24105050,2026-09-27T03:47:58-07:00,mbr,2560x2560x2560,f32,"tforge-gpu-pipeline{block-tile=64,64 thread-tile=8,8 tile-k=16 promote=1 vectorize=1}",b64x64-t8x8-k16; grid=40x40x1 block=8x8x1 padded=2560x2560x2560; regs=150 smem=8192 blocks/SM=6 occ=0.25,,10,100,0.919952,0.912672,0.002901,GFLOP/s,36474.11169278397,2332,32.50% of FP32 peak at median clock,,err/bound=0.00193,model: pred_ms=0.4312 waves=2 resident=6 bound=fma fma_step=512 lds_step=512 latency_exposed=0
4632965,23.1.2,13.3,NVIDIA RTX PRO 6000 Blackwell Max-Q Workstation Edition,24105050,2026-09-27T03:47:58-07:00,mbr,2560x2560x2560,f32,"tforge-gpu-pipeline{block-tile=64,64 thread-tile=8,8 tile-k=32 promote=1 vectorize=1}",b64x64-t8x8-k32; grid=40x40x1 block=8x8x1 padded=2560x2560x2560; regs=158 smem=16384 blocks/SM=5 occ=0.208,,10,100,0.854592,0.847776,0.00257,GFLOP/s,39263.68606305699,2332,34.98% of FP32 peak at median clock,,err/bound=0.00193,model: pred_ms=0.3593 waves=2 resident=5 bound=fma fma_step=1024 lds_step=1024 latency_exposed=0
4632965,23.1.2,13.3,NVIDIA RTX PRO 6000 Blackwell Max-Q Workstation Edition,24105050,2026-09-27T03:47:58-07:00,mbr,2560x2560x2560,f32,"tforge-gpu-pipeline{block-tile=64,128 thread-tile=4,4 tile-k=8 promote=1 vectorize=1}",b64x128-t4x4-k8; grid=20x40x1 block=32x16x1 padded=2560x2560x2560; regs=63 smem=6144 blocks/SM=2 occ=0.667,,10,100,1.066672,1.05776,0.003395,GFLOP/s,31457.122714386427,2332,28.03% of FP32 peak at median clock,,err/bound=0.00193,model: pred_ms=0.8623 waves=3 resident=2 bound=smem fma_step=512 lds_step=1024 latency_exposed=0
4632965,23.1.2,13.3,NVIDIA RTX PRO 6000 Blackwell Max-Q Workstation Edition,24105050,2026-09-27T03:47:58-07:00,mbr,2560x2560x2560,f32,"tforge-gpu-pipeline{block-tile=64,128 thread-tile=4,4 tile-k=16 promote=1 vectorize=1}",b64x128-t4x4-k16; grid=20x40x1 block=32x16x1 padded=2560x2560x2560; regs=64 smem=12288 blocks/SM=2 occ=0.667,,10,100,0.947936,0.9416,0.003019,GFLOP/s,35397.36015933565,2332,31.54% of FP32 peak at median clock,,err/bound=0.00193,model: pred_ms=0.8623 waves=3 resident=2 bound=smem fma_step=1024 lds_step=2048 latency_exposed=0
4632965,23.1.2,13.3,NVIDIA RTX PRO 6000 Blackwell Max-Q Workstation Edition,24105050,2026-09-27T03:47:58-07:00,mbr,2560x2560x2560,f32,"tforge-gpu-pipeline{block-tile=64,128 thread-tile=4,4 tile-k=32 promote=1 vectorize=1}",b64x128-t4x4-k32; grid=20x40x1 block=32x16x1 padded=2560x2560x2560; regs=64 smem=24576 blocks/SM=2 occ=0.667,,10,100,0.911072,0.9048,0.002537,GFLOP/s,36829.61610059359,2332,32.81% of FP32 peak at median clock,,err/bound=0.00193,model: pred_ms=0.8623 waves=3 resident=2 bound=smem fma_step=2048 lds_step=4096 latency_exposed=0
4632965,23.1.2,13.3,NVIDIA RTX PRO 6000 Blackwell Max-Q Workstation Edition,24105050,2026-09-27T03:47:58-07:00,mbr,2560x2560x2560,f32,"tforge-gpu-pipeline{block-tile=64,128 thread-tile=8,4 tile-k=8 promote=1 vectorize=1}",b64x128-t8x4-k8; grid=20x40x1 block=32x8x1 padded=2560x2560x2560; regs=80 smem=6144 blocks/SM=3 occ=0.5,,10,100,0.868064,0.862912,0.002483,GFLOP/s,38654.329634681315,2280,35.23% of FP32 peak at median clock,,err/bound=0.00193,model: pred_ms=0.6467 waves=2 resident=3 bound=smem fma_step=512 lds_step=768 latency_exposed=0
4632965,23.1.2,13.3,NVIDIA RTX PRO 6000 Blackwell Max-Q Workstation Edition,24105050,2026-09-27T03:47:58-07:00,mbr,2560x2560x2560,f32,"tforge-gpu-pipeline{block-tile=64,128 thread-tile=8,4 tile-k=16 promote=1 vectorize=1}",b64x128-t8x4-k16; grid=20x40x1 block=32x8x1 padded=2560x2560x2560; regs=88 smem=12288 blocks/SM=2 occ=0.333,,10,100,0.81464,0.809856,0.002164,GFLOP/s,41189.276244721594,2272,37.67% of FP32 peak at median clock,,err/bound=0.00193,model: pred_ms=0.6467 waves=3 resident=2 bound=smem fma_step=1024 lds_step=1536 latency_exposed=0
4632965,23.1.2,13.3,NVIDIA RTX PRO 6000 Blackwell Max-Q Workstation Edition,24105050,2026-09-27T03:47:58-07:00,mbr,2560x2560x2560,f32,"tforge-gpu-pipeline{block-tile=64,128 thread-tile=8,4 tile-k=32 promote=1 vectorize=1}",b64x128-t8x4-k32; grid=20x40x1 block=32x8x1 padded=2560x2560x2560; regs=94 smem=24576 blocks/SM=2 occ=0.333,,10,100,0.799856,0.795072,0.002554,GFLOP/s,41950.59110639915,2272,38.36% of FP32 peak at median clock,,err/bound=0.00193,model: pred_ms=0.6467 waves=3 resident=2 bound=smem fma_step=2048 lds_step=3072 latency_exposed=0
4632965,23.1.2,13.3,NVIDIA RTX PRO 6000 Blackwell Max-Q Workstation Edition,24105050,2026-09-27T03:47:58-07:00,mbr,2560x2560x2560,f32,"tforge-gpu-pipeline{block-tile=64,128 thread-tile=4,8 tile-k=8 promote=1 vectorize=1}",b64x128-t4x8-k8; grid=20x40x1 block=16x16x1 padded=2560x2560x2560; regs=80 smem=6144 blocks/SM=3 occ=0.5,,10,100,1.107216,1.101056,0.002588,GFLOP/s,30305.226803080877,2332,27.00% of FP32 peak at median clock,,err/bound=0.00193,model: pred_ms=0.6467 waves=2 resident=3 bound=smem fma_step=512 lds_step=768 latency_exposed=0
4632965,23.1.2,13.3,NVIDIA RTX PRO 6000 Blackwell Max-Q Workstation Edition,24105050,2026-09-27T03:47:58-07:00,mbr,2560x2560x2560,f32,"tforge-gpu-pipeline{block-tile=64,128 thread-tile=4,8 tile-k=16 promote=1 vectorize=1}",b64x128-t4x8-k16; grid=20x40x1 block=16x16x1 padded=2560x2560x2560; regs=80 smem=12288 blocks/SM=3 occ=0.5,,10,100,1.06008,1.0536,0.002928,GFLOP/s,31652.735642593016,2332,28.20% of FP32 peak at median clock,,err/bound=0.00193,model: pred_ms=0.6467 waves=2 resident=3 bound=smem fma_step=1024 lds_step=1536 latency_exposed=0
4632965,23.1.2,13.3,NVIDIA RTX PRO 6000 Blackwell Max-Q Workstation Edition,24105050,2026-09-27T03:47:58-07:00,mbr,2560x2560x2560,f32,"tforge-gpu-pipeline{block-tile=64,128 thread-tile=4,8 tile-k=32 promote=1 vectorize=1}",b64x128-t4x8-k32; grid=20x40x1 block=16x16x1 padded=2560x2560x2560; regs=80 smem=24576 blocks/SM=3 occ=0.5,,10,100,1.028064,1.021408,0.003352,GFLOP/s,32638.46608771438,2332,29.08% of FP32 peak at median clock,,err/bound=0.00193,model: pred_ms=0.6467 waves=2 resident=3 bound=smem fma_step=2048 lds_step=3072 latency_exposed=0
4632965,23.1.2,13.3,NVIDIA RTX PRO 6000 Blackwell Max-Q Workstation Edition,24105050,2026-09-27T03:47:58-07:00,mbr,2560x2560x2560,f32,"tforge-gpu-pipeline{block-tile=64,128 thread-tile=8,8 tile-k=8 promote=1 vectorize=1}",b64x128-t8x8-k8; grid=20x40x1 block=16x8x1 padded=2560x2560x2560; regs=146 smem=6144 blocks/SM=3 occ=0.25,,10,100,0.884048,0.879168,0.002691,GFLOP/s,37955.44133350225,2332,33.82% of FP32 peak at median clock,,err/bound=0.00193,model: pred_ms=0.4312 waves=2 resident=3 bound=fma fma_step=512 lds_step=512 latency_exposed=0
4632965,23.1.2,13.3,NVIDIA RTX PRO 6000 Blackwell Max-Q Workstation Edition,24105050,2026-09-27T03:47:58-07:00,mbr,2560x2560x2560,f32,"tforge-gpu-pipeline{block-tile=64,128 thread-tile=8,8 tile-k=16 promote=1 vectorize=1}",b64x128-t8x8-k16; grid=20x40x1 block=16x8x1 padded=2560x2560x2560; regs=146 smem=12288 blocks/SM=3 occ=0.25,,10,100,0.835104,0.82896,0.00243,GFLOP/s,40179.94405487221,2280,36.62% of FP32 peak at median clock,,err/bound=0.00193,model: pred_ms=0.4312 waves=2 resident=3 bound=fma fma_step=1024 lds_step=1024 latency_exposed=0
4632965,23.1.2,13.3,NVIDIA RTX PRO 6000 Blackwell Max-Q Workstation Edition,24105050,2026-09-27T03:47:58-07:00,mbr,2560x2560x2560,f32,"tforge-gpu-pipeline{block-tile=64,128 thread-tile=8,8 tile-k=32 promote=1 vectorize=1}",b64x128-t8x8-k32; grid=20x40x1 block=16x8x1 padded=2560x2560x2560; regs=128 smem=24576 blocks/SM=4 occ=0.333,,10,100,0.835472,0.830464,0.002462,GFLOP/s,40162.246011835225,2332,35.78% of FP32 peak at median clock,,err/bound=0.00193,model: pred_ms=0.5749 waves=2 resident=4 bound=fma fma_step=2048 lds_step=2048 latency_exposed=0
4632965,23.1.2,13.3,NVIDIA RTX PRO 6000 Blackwell Max-Q Workstation Edition,24105050,2026-09-27T03:47:58-07:00,mbr,2560x2560x2560,f32,"tforge-gpu-pipeline{block-tile=128,32 thread-tile=4,4 tile-k=8 promote=1 vectorize=1}",b128x32-t4x4-k8; grid=80x20x1 block=8x32x1 padded=2560x2560x2560; regs=64 smem=5120 blocks/SM=4 occ=0.667,,10,100,1.151776,1.14496,0.013019,GFLOP/s,29132.775817520072,2332,25.96% of FP32 peak at median clock,,err/bound=0.00193,model: pred_ms=0.8623 waves=3 resident=4 bound=smem fma_step=256 lds_step=512 latency_exposed=0
4632965,23.1.2,13.3,NVIDIA RTX PRO 6000 Blackwell Max-Q Workstation Edition,24105050,2026-09-27T03:47:58-07:00,mbr,2560x2560x2560,f32,"tforge-gpu-pipeline{block-tile=128,32 thread-tile=4,4 tile-k=16 promote=1 vectorize=1}",b128x32-t4x4-k16; grid=80x20x1 block=8x32x1 padded=2560x2560x2560; regs=64 smem=10240 blocks/SM=4 occ=0.667,,10,100,1.136016,1.126432,0.017021,GFLOP/s,29536.93609949156,2332,26.32% of FP32 peak at median clock,,err/bound=0.00193,model: pred_ms=0.8623 waves=3 resident=4 bound=smem fma_step=512 lds_step=1024 latency_exposed=0
4632965,23.1.2,13.3,NVIDIA RTX PRO 6000 Blackwell Max-Q Workstation Edition,24105050,2026-09-27T03:47:58-07:00,mbr,2560x2560x2560,f32,"tforge-gpu-pipeline{block-tile=128,32 thread-tile=4,4 tile-k=32 promote=1 vectorize=1}",b128x32-t4x4-k32; grid=80x20x1 block=8x32x1 padded=2560x2560x2560; regs=64 smem=20480 blocks/SM=4 occ=0.667,,10,100,1.009296,1.002336,0.006656,GFLOP/s,33245.38292037222,2332,29.62% of FP32 peak at median clock,,err/bound=0.00193,model: pred_ms=0.8623 waves=3 resident=4 bound=smem fma_step=1024 lds_step=2048 latency_exposed=0
4632965,23.1.2,13.3,NVIDIA RTX PRO 6000 Blackwell Max-Q Workstation Edition,24105050,2026-09-27T03:47:58-07:00,mbr,2560x2560x2560,f32,"tforge-gpu-pipeline{block-tile=128,32 thread-tile=8,4 tile-k=8 promote=1 vectorize=1}",b128x32-t8x4-k8; grid=80x20x1 block=8x16x1 padded=2560x2560x2560; regs=88 smem=5120 blocks/SM=5 occ=0.417,,10,100,1.041216,1.035008,0.007374,GFLOP/s,32226.19706189686,2332,28.71% of FP32 peak at median clock,,err/bound=0.00193,model: pred_ms=0.5389 waves=2 resident=5 bound=smem fma_step=256 lds_step=384 latency_exposed=0
4632965,23.1.2,13.3,NVIDIA RTX PRO 6000 Blackwell Max-Q Workstation Edition,24105050,2026-09-27T03:47:58-07:00,mbr,2560x2560x2560,f32,"tforge-gpu-pipeline{block-tile=128,32 thread-tile=8,4 tile-k=16 promote=1 vectorize=1}",b128x32-t8x4-k16; grid=80x20x1 block=8x16x1 padded=2560x2560x2560; regs=88 smem=10240 blocks/SM=5 occ=0.417,,10,100,0.953536,0.947296,0.005291,GFLOP/s,35189.47580374522,2332,31.35% of FP32 peak at median clock,,err/bound=0.00193,model: pred_ms=0.5389 waves=2 resident=5 bound=smem fma_step=512 lds_step=768 latency_exposed=0
4632965,23.1.2,13.3,NVIDIA RTX PRO 6000 Blackwell Max-Q Workstation Edition,24105050,2026-09-27T03:47:58-07:00,mbr,2560x2560x2560,f32,"tforge-gpu-pipeline{block-tile=128,32 thread-tile=8,4 tile-k=32 promote=1 vectorize=1}",b128x32-t8x4-k32; grid=80x20x1 block=8x16x1 padded=2560x2560x2560; regs=104 smem=20480 blocks/SM=4 occ=0.333,,10,100,0.865056,0.855744,0.003832,GFLOP/s,38788.739688528825,2332,34.56% of FP32 peak at median clock,,err/bound=0.00193,model: pred_ms=0.6467 waves=3 resident=4 bound=smem fma_step=1024 lds_step=1536 latency_exposed=0
4632965,23.1.2,13.3,NVIDIA RTX PRO 6000 Blackwell Max-Q Workstation Edition,24105050,2026-09-27T03:47:58-07:00,mbr,2560x2560x2560,f32,"tforge-gpu-pipeline{block-tile=128,32 thread-tile=4,8 tile-k=8 promote=1 vectorize=1}",b128x32-t4x8-k8; grid=80x20x1 block=4x32x1 padded=2560x2560x2560; regs=76 smem=5120 blocks/SM=6 occ=0.5,,10,100,1.284432,1.274336,0.015034,GFLOP/s,26123.945837537525,2280,23.81% of FP32 peak at median clock,,err/bound=0.00193,model: pred_ms=0.6467 waves=2 resident=6 bound=smem fma_step=256 lds_step=384 latency_exposed=0
4632965,23.1.2,13.3,NVIDIA RTX PRO 6000 Blackwell Max-Q Workstation Edition,24105050,2026-09-27T03:47:58-07:00,mbr,2560x2560x2560,f32,"tforge-gpu-pipeline{block-tile=128,32 thread-tile=4,8 tile-k=16 promote=1 vectorize=1}",b128x32-t4x8-k16; grid=80x20x1 block=4x32x1 padded=2560x2560x2560; regs=80 smem=10240 blocks/SM=6 occ=0.5,,10,100,1.07864,1.065184,0.011001,GFLOP/s,31108.0916709931,2332,27.72% of FP32 peak at median clock,,err/bound=0.00193,model: pred_ms=0.6467 waves=2 resident=6 bound=smem fma_step=512 lds_step=768 latency_exposed=0
4632965,23.1.2,13.3,NVIDIA RTX PRO 6000 Blackwell Max-Q Workstation Edition,24105050,2026-09-27T03:47:58-07:00,mbr,2560x2560x2560,f32,"tforge-gpu-pipeline{block-tile=128,32 thread-tile=4,8 tile-k=32 promote=1 vectorize=1}",b128x32-t4x8-k32; grid=80x20x1 block=4x32x1 padded=2560x2560x2560; regs=100 smem=20480 blocks/SM=4 occ=0.333,,10,100,0.99152,0.981536,0.00616,GFLOP/s,33841.40713248346,2332,30.15% of FP32 peak at median clock,,err/bound=0.00193,model: pred_ms=0.6467 waves=3 resident=4 bound=smem fma_step=1024 lds_step=1536 latency_exposed=0
4632965,23.1.2,13.3,NVIDIA RTX PRO 6000 Blackwell Max-Q Workstation Edition,24105050,2026-09-27T03:47:58-07:00,mbr,2560x2560x2560,f32,"tforge-gpu-pipeline{block-tile=128,32 thread-tile=8,8 tile-k=8 promote=1 vectorize=1}",b128x32-t8x8-k8; grid=80x20x1 block=4x16x1 padded=2560x2560x2560; regs=128 smem=5120 blocks/SM=8 occ=0.333,,10,100,1.231424,1.219936,0.00406,GFLOP/s,27248.47980874175,2332,24.28% of FP32 peak at median clock,,err/bound=0.00193,model: pred_ms=0.5749 waves=2 resident=8 bound=fma fma_step=256 lds_step=256 latency_exposed=0
4632965,23.1.2,13.3,NVIDIA RTX PRO 6000 Blackwell Max-Q Workstation Edition,24105050,2026-09-27T03:47:58-07:00,mbr,2560x2560x2560,f32,"tforge-gpu-pipeline{block-tile=128,32 thread-tile=8,8 tile-k=16 promote=1 vectorize=1}",b128x32-t8x8-k16; grid=80x20x1 block=4x16x1 padded=2560x2560x2560; regs=146 smem=10240 blocks/SM=6 occ=0.25,,10,100,1.048944,1.041952,0.002803,GFLOP/s,31988.773471224387,2332,28.50% of FP32 peak at median clock,,err/bound=0.00193,model: pred_ms=0.4312 waves=2 resident=6 bound=fma fma_step=512 lds_step=512 latency_exposed=0
4632965,23.1.2,13.3,NVIDIA RTX PRO 6000 Blackwell Max-Q Workstation Edition,24105050,2026-09-27T03:47:58-07:00,mbr,2560x2560x2560,f32,"tforge-gpu-pipeline{block-tile=128,32 thread-tile=8,8 tile-k=32 promote=1 vectorize=1}",b128x32-t8x8-k32; grid=80x20x1 block=4x16x1 padded=2560x2560x2560; regs=158 smem=20480 blocks/SM=4 occ=0.167,,10,100,0.999072,0.994464,0.002375,GFLOP/s,33585.59943627687,2332,29.92% of FP32 peak at median clock,,err/bound=0.00193,model: pred_ms=0.4312 waves=3 resident=4 bound=fma fma_step=1024 lds_step=1024 latency_exposed=0
4632965,23.1.2,13.3,NVIDIA RTX PRO 6000 Blackwell Max-Q Workstation Edition,24105050,2026-09-27T03:47:58-07:00,mbr,2560x2560x2560,f32,"tforge-gpu-pipeline{block-tile=128,64 thread-tile=4,4 tile-k=8 promote=1 vectorize=1}",b128x64-t4x4-k8; grid=40x20x1 block=16x32x1 padded=2560x2560x2560; regs=64 smem=6144 blocks/SM=2 occ=0.667,,10,100,1.140656,1.130208,0.005516,GFLOP/s,29416.784727384944,2332,26.21% of FP32 peak at median clock,,err/bound=0.00193,model: pred_ms=0.8623 waves=3 resident=2 bound=smem fma_step=512 lds_step=1024 latency_exposed=0
4632965,23.1.2,13.3,NVIDIA RTX PRO 6000 Blackwell Max-Q Workstation Edition,24105050,2026-09-27T03:47:58-07:00,mbr,2560x2560x2560,f32,"tforge-gpu-pipeline{block-tile=128,64 thread-tile=4,4 tile-k=16 promote=1 vectorize=1}",b128x64-t4x4-k16; grid=40x20x1 block=16x32x1 padded=2560x2560x2560; regs=64 smem=12288 blocks/SM=2 occ=0.667,,10,100,0.970784,0.963968,0.002222,GFLOP/s,34564.26146290009,2332,30.80% of FP32 peak at median clock,,err/bound=0.00193,model: pred_ms=0.8623 waves=3 resident=2 bound=smem fma_step=1024 lds_step=2048 latency_exposed=0
4632965,23.1.2,13.3,NVIDIA RTX PRO 6000 Blackwell Max-Q Workstation Edition,24105050,2026-09-27T03:47:58-07:00,mbr,2560x2560x2560,f32,"tforge-gpu-pipeline{block-tile=128,64 thread-tile=4,4 tile-k=32 promote=1 vectorize=1}",b128x64-t4x4-k32; grid=40x20x1 block=16x32x1 padded=2560x2560x2560; regs=64 smem=24576 blocks/SM=2 occ=0.667,,10,100,0.919904,0.914816,0.002553,GFLOP/s,36476.0148885101,2332,32.50% of FP32 peak at median clock,,err/bound=0.00193,model: pred_ms=0.8623 waves=3 resident=2 bound=smem fma_step=2048 lds_step=4096 latency_exposed=0
4632965,23.1.2,13.3,NVIDIA RTX PRO 6000 Blackwell Max-Q Workstation Edition,24105050,2026-09-27T03:47:58-07:00,mbr,2560x2560x2560,f32,"tforge-gpu-pipeline{block-tile=128,64 thread-tile=8,4 tile-k=8 promote=1 vectorize=1}",b128x64-t8x4-k8; grid=40x20x1 block=16x16x1 padded=2560x2560x2560; regs=88 smem=6144 blocks/SM=2 occ=0.333,,10,100,1.02,0.95408,0.017338,GFLOP/s,32896.50196078431,2332,29.31% of FP32 peak at median clock,,err/bound=0.00193,model: pred_ms=0.6467 waves=3 resident=2 bound=smem fma_step=512 lds_step=768 latency_exposed=0
4632965,23.1.2,13.3,NVIDIA RTX PRO 6000 Blackwell Max-Q Workstation Edition,24105050,2026-09-27T03:47:58-07:00,mbr,2560x2560x2560,f32,"tforge-gpu-pipeline{block-tile=128,64 thread-tile=8,4 tile-k=16 promote=1 vectorize=1}",b128x64-t8x4-k16; grid=40x20x1 block=16x16x1 padded=2560x2560x2560; regs=88 smem=12288 blocks/SM=2 occ=0.333,,10,100,0.83712,0.8328,0.001838,GFLOP/s,40083.180428134554,2280,36.53% of FP32 peak at median clock,,err/bound=0.00193,model: pred_ms=0.6467 waves=3 resident=2 bound=smem fma_step=1024 lds_step=1536 latency_exposed=0
4632965,23.1.2,13.3,NVIDIA RTX PRO 6000 Blackwell Max-Q Workstation Edition,24105050,2026-09-27T03:47:58-07:00,mbr,2560x2560x2560,f32,"tforge-gpu-pipeline{block-tile=128,64 thread-tile=8,4 tile-k=32 promote=1 vectorize=1}",b128x64-t8x4-k32; grid=40x20x1 block=16x16x1 padded=2560x2560x2560; regs=94 smem=24576 blocks/SM=2 occ=0.333,,10,100,0.811664,0.806624,0.002125,GFLOP/s,41340.298448619134,2332,36.83% of FP32 peak at median clock,,err/bound=0.00193,model: pred_ms=0.6467 waves=3 resident=2 bound=smem fma_step=2048 lds_step=3072 latency_exposed=0
4632965,23.1.2,13.3,NVIDIA RTX PRO 6000 Blackwell Max-Q Workstation Edition,24105050,2026-09-27T03:47:58-07:00,mbr,2560x2560x2560,f32,"tforge-gpu-pipeline{block-tile=128,64 thread-tile=4,8 tile-k=8 promote=1 vectorize=1}",b128x64-t4x8-k8; grid=40x20x1 block=8x32x1 padded=2560x2560x2560; regs=80 smem=6144 blocks/SM=3 occ=0.5,,10,100,1.201456,1.192992,0.003461,GFLOP/s,27928.1405228323,2332,24.88% of FP32 peak at median clock,,err/bound=0.00193,model: pred_ms=0.6467 waves=2 resident=3 bound=smem fma_step=512 lds_step=768 latency_exposed=0
4632965,23.1.2,13.3,NVIDIA RTX PRO 6000 Blackwell Max-Q Workstation Edition,24105050,2026-09-27T03:47:58-07:00,mbr,2560x2560x2560,f32,"tforge-gpu-pipeline{block-tile=128,64 thread-tile=4,8 tile-k=16 promote=1 vectorize=1}",b128x64-t4x8-k16; grid=40x20x1 block=8x32x1 padded=2560x2560x2560; regs=80 smem=12288 blocks/SM=3 occ=0.5,,10,100,1.171856,1.166624,0.003152,GFLOP/s,28633.579552436477,2332,25.51% of FP32 peak at median clock,,err/bound=0.00193,model: pred_ms=0.6467 waves=2 resident=3 bound=smem fma_step=1024 lds_step=1536 latency_exposed=0
4632965,23.1.2,13.3,NVIDIA RTX PRO 6000 Blackwell Max-Q Workstation Edition,24105050,2026-09-27T03:47:58-07:00,mbr,2560x2560x2560,f32,"tforge-gpu-pipeline{block-tile=128,64 thread-tile=4,8 tile-k=32 promote=1 vectorize=1}",b128x64-t4x8-k32; grid=40x20x1 block=8x32x1 padded=2560x2560x2560; regs=80 smem=24576 blocks/SM=3 occ=0.5,,10,100,1.1188,1.11312,0.003015,GFLOP/s,29991.447979978548,2332,26.72% of FP32 peak at median clock,,err/bound=0.00193,model: pred_ms=0.6467 waves=2 resident=3 bound=smem fma_step=2048 lds_step=3072 latency_exposed=0
4632965,23.1.2,13.3,NVIDIA RTX PRO 6000 Blackwell Max-Q Workstation Edition,24105050,2026-09-27T03:47:58-07:00,mbr,2560x2560x2560,f32,"tforge-gpu-pipeline{block-tile=128,64 thread-tile=8,8 tile-k=8 promote=1 vectorize=1}",b128x64-t8x8-k8; grid=40x20x1 block=8x16x1 padded=2560x2560x2560; regs=128 smem=6144 blocks/SM=4 occ=0.333,,10,100,0.977472,0.971104,0.002991,GFLOP/s,34327.767956524585,2332,30.59% of FP32 peak at median clock,,err/bound=0.00193,model: pred_ms=0.5749 waves=2 resident=4 bound=fma fma_step=512 lds_step=512 latency_exposed=0
4632965,23.1.2,13.3,NVIDIA RTX PRO 6000 Blackwell Max-Q Workstation Edition,24105050,2026-09-27T03:47:58-07:00,mbr,2560x2560x2560,f32,"tforge-gpu-pipeline{block-tile=128,64 thread-tile=8,8 tile-k=16 promote=1 vectorize=1}",b128x64-t8x8-k16; grid=40x20x1 block=8x16x1 padded=2560x2560x2560; regs=150 smem=12288 blocks/SM=3 occ=0.25,,10,100,0.903904,0.894816,0.003321,GFLOP/s,37121.676638227065,2332,33.08% of FP32 peak at median clock,,err/bound=0.00193,model: pred_ms=0.4312 waves=2 resident=3 bound=fma fma_step=1024 lds_step=1024 latency_exposed=0
4632965,23.1.2,13.3,NVIDIA RTX PRO 6000 Blackwell Max-Q Workstation Edition,24105050,2026-09-27T03:47:58-07:00,mbr,2560x2560x2560,f32,"tforge-gpu-pipeline{block-tile=128,64 thread-tile=8,8 tile-k=32 promote=1 vectorize=1}",b128x64-t8x8-k32; grid=40x20x1 block=8x16x1 padded=2560x2560x2560; regs=128 smem=24576 blocks/SM=4 occ=0.333,,10,100,0.882704,0.877248,0.00284,GFLOP/s,38013.23206873425,2332,33.87% of FP32 peak at median clock,,err/bound=0.00193,model: pred_ms=0.5749 waves=2 resident=4 bound=fma fma_step=2048 lds_step=2048 latency_exposed=0
4632965,23.1.2,13.3,NVIDIA RTX PRO 6000 Blackwell Max-Q Workstation Edition,24105050,2026-09-27T03:47:58-07:00,mbr,2560x2560x2560,f32,"tforge-gpu-pipeline{block-tile=128,128 thread-tile=4,4 tile-k=8 promote=1 vectorize=1}",b128x128-t4x4-k8; grid=20x20x1 block=32x32x1 padded=2560x2560x2560; regs=64 smem=8192 blocks/SM=1 occ=0.667,,10,100,1.20168,1.196352,0.002329,GFLOP/s,27922.934558285066,2310,25.12% of FP32 peak at median clock,,err/bound=0.00193,model: pred_ms=1.1149 waves=3 resident=1 bound=smem fma_step=1024 lds_step=2048 latency_exposed=1
4632965,23.1.2,13.3,NVIDIA RTX PRO 6000 Blackwell Max-Q Workstation Edition,24105050,2026-09-27T03:47:58-07:00,mbr,2560x2560x2560,f32,"tforge-gpu-pipeline{block-tile=128,128 thread-tile=4,4 tile-k=16 promote=1 vectorize=1}",b128x128-t4x4-k16; grid=20x20x1 block=32x32x1 padded=2560x2560x2560; regs=64 smem=16384 blocks/SM=1 occ=0.667,,10,100,1.095408,1.088928,0.00245,GFLOP/s,30631.903363860773,2332,27.29% of FP32 peak at median clock,,err/bound=0.00193,model: pred_ms=0.9886 waves=3 resident=1 bound=smem fma_step=2048 lds_step=4096 latency_exposed=1
4632965,23.1.2,13.3,NVIDIA RTX PRO 6000 Blackwell Max-Q Workstation Edition,24105050,2026-09-27T03:47:58-07:00,mbr,2560x2560x2560,f32,"tforge-gpu-pipeline{block-tile=128,128 thread-tile=4,4 tile-k=32 promote=1 vectorize=1}",b128x128-t4x4-k32; grid=20x20x1 block=32x32x1 padded=2560x2560x2560; regs=64 smem=32768 blocks/SM=1 occ=0.667,,10,100,1.047632,1.041536,0.002207,GFLOP/s,32028.83455259099,2332,28.54% of FP32 peak at median clock,,err/bound=0.00193,model: pred_ms=0.9255 waves=3 resident=1 bound=smem fma_step=4096 lds_step=8192 latency_exposed=1
4632965,23.1.2,13.3,NVIDIA RTX PRO 6000 Blackwell Max-Q Workstation Edition,24105050,2026-09-27T03:47:58-07:00,mbr,2560x2560x2560,f32,"tforge-gpu-pipeline{block-tile=128,128 thread-tile=8,4 tile-k=8 promote=1 vectorize=1}",b128x128-t8x4-k8; grid=20x20x1 block=32x16x1 padded=2560x2560x2560; regs=92 smem=8192 blocks/SM=1 occ=0.333,,10,100,1.131152,1.126208,0.002482,GFLOP/s,29663.94613632828,2332,26.43% of FP32 peak at median clock,,err/bound=0.00193,model: pred_ms=0.8994 waves=3 resident=1 bound=smem fma_step=1024 lds_step=1536 latency_exposed=1
4632965,23.1.2,13.3,NVIDIA RTX PRO 6000 Blackwell Max-Q Workstation Edition,24105050,2026-09-27T03:47:58-07:00,mbr,2560x2560x2560,f32,"tforge-gpu-pipeline{block-tile=128,128 thread-tile=8,4 tile-k=16 promote=1 vectorize=1}",b128x128-t8x4-k16; grid=20x20x1 block=32x16x1 padded=2560x2560x2560; regs=92 smem=16384 blocks/SM=1 occ=0.333,,10,100,0.963376,0.95616,0.002528,GFLOP/s,34830.047665708924,2332,31.03% of FP32 peak at median clock,,err/bound=0.00193,model: pred_ms=0.7731 waves=3 resident=1 bound=smem fma_step=2048 lds_step=3072 latency_exposed=1
4632965,23.1.2,13.3,NVIDIA RTX PRO 6000 Blackwell Max-Q Workstation Edition,24105050,2026-09-27T03:47:58-07:00,mbr,2560x2560x2560,f32,"tforge-gpu-pipeline{block-tile=128,128 thread-tile=8,4 tile-k=32 promote=1 vectorize=1}",b128x128-t8x4-k32; grid=20x20x1 block=32x16x1 padded=2560x2560x2560; regs=92 smem=32768 blocks/SM=1 occ=0.333,,10,100,0.914656,0.910752,0.0018,GFLOP/s,36685.30245250674,2332,32.69% of FP32 peak at median clock,,err/bound=0.00193,model: pred_ms=0.7099 waves=3 resident=1 bound=smem fma_step=4096 lds_step=6144 latency_exposed=1
4632965,23.1.2,13.3,NVIDIA RTX PRO 6000 Blackwell Max-Q Workstation Edition,24105050,2026-09-27T03:47:58-07:00,mbr,2560x2560x2560,f32,"tforge-gpu-pipeline{block-tile=128,128 thread-tile=4,8 tile-k=8 promote=1 vectorize=1}",b128x128-t4x8-k8; grid=20x20x1 block=16x32x1 padded=2560x2560x2560; regs=84 smem=8192 blocks/SM=1 occ=0.333,,10,100,1.403104,1.398112,0.002235,GFLOP/s,23914.42972153169,2280,21.79% of FP32 peak at median clock,,err/bound=0.00193,model: pred_ms=0.8994 waves=3 resident=1 bound=smem fma_step=1024 lds_step=1536 latency_exposed=1
4632965,23.1.2,13.3,NVIDIA RTX PRO 6000 Blackwell Max-Q Workstation Edition,24105050,2026-09-27T03:47:58-07:00,mbr,2560x2560x2560,f32,"tforge-gpu-pipeline{block-tile=128,128 thread-tile=4,8 tile-k=16 promote=1 vectorize=1}",b128x128-t4x8-k16; grid=20x20x1 block=16x32x1 padded=2560x2560x2560; regs=88 smem=16384 blocks/SM=1 occ=0.333,,10,100,1.275648,1.270496,0.002416,GFLOP/s,26303.833032309856,2332,23.44% of FP32 peak at median clock,,err/bound=0.00193,model: pred_ms=0.7731 waves=3 resident=1 bound=smem fma_step=2048 lds_step=3072 latency_exposed=1
4632965,23.1.2,13.3,NVIDIA RTX PRO 6000 Blackwell Max-Q Workstation Edition,24105050,2026-09-27T03:47:58-07:00,mbr,2560x2560x2560,f32,"tforge-gpu-pipeline{block-tile=128,128 thread-tile=4,8 tile-k=32 promote=1 vectorize=1}",b128x128-t4x8-k32; grid=20x20x1 block=16x32x1 padded=2560x2560x2560; regs=88 smem=32768 blocks/SM=1 occ=0.333,,10,100,1.234688,1.22944,0.002392,GFLOP/s,27176.446195314118,2332,24.21% of FP32 peak at median clock,,err/bound=0.00193,model: pred_ms=0.7099 waves=3 resident=1 bound=smem fma_step=4096 lds_step=6144 latency_exposed=1
4632965,23.1.2,13.3,NVIDIA RTX PRO 6000 Blackwell Max-Q Workstation Edition,24105050,2026-09-27T03:47:58-07:00,mbr,2560x2560x2560,f32,"tforge-gpu-pipeline{block-tile=128,128 thread-tile=8,8 tile-k=8 promote=1 vectorize=1}",b128x128-t8x8-k8; grid=20x20x1 block=16x16x1 padded=2560x2560x2560; regs=126 smem=8192 blocks/SM=2 occ=0.333,,10,100,1.055808,1.048672,0.003028,GFLOP/s,31780.808631872456,2332,28.32% of FP32 peak at median clock,,err/bound=0.00193,model: pred_ms=0.5749 waves=2 resident=2 bound=fma fma_step=1024 lds_step=1024 latency_exposed=0
4632965,23.1.2,13.3,NVIDIA RTX PRO 6000 Blackwell Max-Q Workstation Edition,24105050,2026-09-27T03:47:58-07:00,mbr,2560x2560x2560,f32,"tforge-gpu-pipeline{block-tile=128,128 thread-tile=8,8 tile-k=16 promote=1 vectorize=1}",b128x128-t8x8-k16; grid=20x20x1 block=16x16x1 padded=2560x2560x2560; regs=128 smem=16384 blocks/SM=2 occ=0.333,,10,100,0.960048,0.952032,0.003637,GFLOP/s,34950.78579404363,2332,31.14% of FP32 peak at median clock,,err/bound=0.00193,model: pred_ms=0.5749 waves=2 resident=2 bound=fma fma_step=2048 lds_step=2048 latency_exposed=0
4632965,23.1.2,13.3,NVIDIA RTX PRO 6000 Blackwell Max-Q Workstation Edition,24105050,2026-09-27T03:47:58-07:00,mbr,2560x2560x2560,f32,"tforge-gpu-pipeline{block-tile=128,128 thread-tile=8,8 tile-k=32 promote=1 vectorize=1}",b128x128-t8x8-k32; grid=20x20x1 block=16x16x1 padded=2560x2560x2560; regs=150 smem=32768 blocks/SM=1 occ=0.167,,10,100,0.95496,0.947584,0.003342,GFLOP/s,35137.00259696741,2332,31.31% of FP32 peak at median clock,,err/bound=0.00193,model: pred_ms=0.4943 waves=3 resident=1 bound=fma fma_step=4096 lds_step=4096 latency_exposed=1
4632965,23.1.2,13.3,NVIDIA RTX PRO 6000 Blackwell Max-Q Workstation Edition,24105050,2026-09-27T03:47:58-07:00,mbr,1000x1000x1000,f32,"tforge-gpu-pipeline{block-tile=32,32 thread-tile=4,4 tile-k=8 promote=1 vectorize=1}",b32x32-t4x4-k8; grid=32x32x1 block=8x8x1 padded=1024x1024x1000; regs=64 smem=2048 blocks/SM=16 occ=0.667,,10,100,0.104832,0.102976,0.001468,GFLOP/s,19078.14407814408,2280,17.39% of FP32 peak at median clock,,err/bound=0.00366,model: pred_ms=0.0421 waves=1 resident=6 bound=smem fma_step=64 lds_step=128 latency_exposed=0
4632965,23.1.2,13.3,NVIDIA RTX PRO 6000 Blackwell Max-Q Workstation Edition,24105050,2026-09-27T03:47:58-07:00,mbr,1000x1000x1000,f32,"tforge-gpu-pipeline{block-tile=32,32 thread-tile=4,4 tile-k=16 promote=1 vectorize=1}",b32x32-t4x4-k16; grid=32x32x1 block=8x8x1 padded=1024x1024x1008; regs=70 smem=4096 blocks/SM=14 occ=0.583,,10,100,0.10336,0.10128,0.001,GFLOP/s,19349.84520123839,2280,17.63% of FP32 peak at median clock,,err/bound=0.00366,model: pred_ms=0.0424 waves=1 resident=6 bound=smem fma_step=128 lds_step=256 latency_exposed=0
4632965,23.1.2,13.3,NVIDIA RTX PRO 6000 Blackwell Max-Q Workstation Edition,24105050,2026-09-27T03:47:58-07:00,mbr,1000x1000x1000,f32,"tforge-gpu-pipeline{block-tile=32,32 thread-tile=4,4 tile-k=32 promote=1 vectorize=1}",b32x32-t4x4-k32; grid=32x32x1 block=8x8x1 padded=1024x1024x1024; regs=80 smem=8192 blocks/SM=11 occ=0.458,,10,100,0.100608,0.097824,0.001162,GFLOP/s,19879.134860050886,2280,18.12% of FP32 peak at median clock,,err/bound=0.00366,model: pred_ms=0.0431 waves=1 resident=6 bound=smem fma_step=256 lds_step=512 latency_exposed=0
4632965,23.1.2,13.3,NVIDIA RTX PRO 6000 Blackwell Max-Q Workstation Edition,24105050,2026-09-27T03:47:58-07:00,mbr,1000x1000x1000,f32,"tforge-gpu-pipeline{block-tile=32,32 thread-tile=8,4 tile-k=8 promote=1 vectorize=1}",b32x32-t8x4-k8; grid=32x32x1 block=8x4x1 padded=1024x1024x1000; regs=88 smem=2048 blocks/SM=20 occ=0.417,,10,100,0.114208,0.112864,0.001141,GFLOP/s,17511.908097506304,2280,15.96% of FP32 peak at median clock,,err/bound=0.00366,model: pred_ms=0.0382 waves=1 resident=6 bound=smem fma_step=64 lds_step=96 latency_exposed=1
4632965,23.1.2,13.3,NVIDIA RTX PRO 6000 Blackwell Max-Q Workstation Edition,24105050,2026-09-27T03:47:58-07:00,mbr,1000x1000x1000,f32,"tforge-gpu-pipeline{block-tile=32,32 thread-tile=8,4 tile-k=16 promote=1 vectorize=1}",b32x32-t8x4-k16; grid=32x32x1 block=8x4x1 padded=1024x1024x1008; regs=94 smem=4096 blocks/SM=20 occ=0.417,,10,100,0.103712,0.09888,0.001666,GFLOP/s,19284.171551990126,2280,17.57% of FP32 peak at median clock,,err/bound=0.00366,model: pred_ms=0.0318 waves=1 resident=6 bound=smem fma_step=128 lds_step=192 latency_exposed=0
4632965,23.1.2,13.3,NVIDIA RTX PRO 6000 Blackwell Max-Q Workstation Edition,24105050,2026-09-27T03:47:58-07:00,mbr,1000x1000x1000,f32,"tforge-gpu-pipeline{block-tile=32,32 thread-tile=8,4 tile-k=32 promote=1 vectorize=1}",b32x32-t8x4-k32; grid=32x32x1 block=8x4x1 padded=1024x1024x1024; regs=110 smem=8192 blocks/SM=11 occ=0.229,,10,100,0.099376,0.097216,0.001316,GFLOP/s,20125.583641925612,2280,18.34% of FP32 peak at median clock,,err/bound=0.00366,model: pred_ms=0.0323 waves=1 resident=6 bound=smem fma_step=256 lds_step=384 latency_exposed=0
4632965,23.1.2,13.3,NVIDIA RTX PRO 6000 Blackwell Max-Q Workstation Edition,24105050,2026-09-27T03:47:58-07:00,mbr,1000x1000x1000,f32,"tforge-gpu-pipeline{block-tile=32,32 thread-tile=4,8 tile-k=8 promote=1 vectorize=1}",b32x32-t4x8-k8; grid=32x32x1 block=4x8x1 padded=1024x1024x1000; regs=90 smem=2048 blocks/SM=20 occ=0.417,,10,100,0.115968,0.115008,0.001352,GFLOP/s,17246.136865342163,2280,15.72% of FP32 peak at median clock,,err/bound=0.00366,model: pred_ms=0.0382 waves=1 resident=6 bound=smem fma_step=64 lds_step=96 latency_exposed=1
4632965,23.1.2,13.3,NVIDIA RTX PRO 6000 Blackwell Max-Q Workstation Edition,24105050,2026-09-27T03:47:58-07:00,mbr,1000x1000x1000,f32,"tforge-gpu-pipeline{block-tile=32,32 thread-tile=4,8 tile-k=16 promote=1 vectorize=1}",b32x32-t4x8-k16; grid=32x32x1 block=4x8x1 padded=1024x1024x1008; regs=96 smem=4096 blocks/SM=20 occ=0.417,,10,100,0.10672,0.103584,0.001157,GFLOP/s,18740.629685157423,2280,17.08% of FP32 peak at median clock,,err/bound=0.00366,model: pred_ms=0.0318 waves=1 resident=6 bound=smem fma_step=128 lds_step=192 latency_exposed=0
4632965,23.1.2,13.3,NVIDIA RTX PRO 6000 Blackwell Max-Q Workstation Edition,24105050,2026-09-27T03:47:58-07:00,mbr,1000x1000x1000,f32,"tforge-gpu-pipeline{block-tile=32,32 thread-tile=4,8 tile-k=32 promote=1 vectorize=1}",b32x32-t4x8-k32; grid=32x32x1 block=4x8x1 padded=1024x1024x1024; regs=110 smem=8192 blocks/SM=11 occ=0.229,,10,100,0.107104,0.104128,0.000985,GFLOP/s,18673.438900507914,2280,17.02% of FP32 peak at median clock,,err/bound=0.00366,model: pred_ms=0.0323 waves=1 resident=6 bound=smem fma_step=256 lds_step=384 latency_exposed=0
4632965,23.1.2,13.3,NVIDIA RTX PRO 6000 Blackwell Max-Q Workstation Edition,24105050,2026-09-27T03:47:58-07:00,mbr,1000x1000x1000,f32,"tforge-gpu-pipeline{block-tile=32,64 thread-tile=4,4 tile-k=8 promote=1 vectorize=1}",b32x64-t4x4-k8; grid=16x32x1 block=16x8x1 padded=1024x1024x1000; regs=56 smem=3072 blocks/SM=9 occ=0.75,,10,100,0.099232,0.095424,0.001047,GFLOP/s,20154.78877781361,2280,18.37% of FP32 peak at median clock,,err/bound=0.00366,model: pred_ms=0.0469 waves=1 resident=3 bound=smem fma_step=128 lds_step=256 latency_exposed=1
4632965,23.1.2,13.3,NVIDIA RTX PRO 6000 Blackwell Max-Q Workstation Edition,24105050,2026-09-27T03:47:58-07:00,mbr,1000x1000x1000,f32,"tforge-gpu-pipeline{block-tile=32,64 thread-tile=4,4 tile-k=16 promote=1 vectorize=1}",b32x64-t4x4-k16; grid=16x32x1 block=16x8x1 padded=1024x1024x1008; regs=58 smem=6144 blocks/SM=8 occ=0.667,,10,100,0.08912,0.086624,0.001348,GFLOP/s,22441.65170556553,2280,20.45% of FP32 peak at median clock,,err/bound=0.00366,model: pred_ms=0.0424 waves=1 resident=3 bound=smem fma_step=256 lds_step=512 latency_exposed=0
4632965,23.1.2,13.3,NVIDIA RTX PRO 6000 Blackwell Max-Q Workstation Edition,24105050,2026-09-27T03:47:58-07:00,mbr,1000x1000x1000,f32,"tforge-gpu-pipeline{block-tile=32,64 thread-tile=4,4 tile-k=32 promote=1 vectorize=1}",b32x64-t4x4-k32; grid=16x32x1 block=16x8x1 padded=1024x1024x1024; regs=70 smem=12288 blocks/SM=7 occ=0.583,,10,100,0.088688,0.0856,0.001207,GFLOP/s,22550.96518130976,2280,20.55% of FP32 peak at median clock,,err/bound=0.00366,model: pred_ms=0.0431 waves=1 resident=3 bound=smem fma_step=512 lds_step=1024 latency_exposed=0
4632965,23.1.2,13.3,NVIDIA RTX PRO 6000 Blackwell Max-Q Workstation Edition,24105050,2026-09-27T03:47:58-07:00,mbr,1000x1000x1000,f32,"tforge-gpu-pipeline{block-tile=32,64 thread-tile=8,4 tile-k=8 promote=1 vectorize=1}",b32x64-t8x4-k8; grid=16x32x1 block=16x4x1 padded=1024x1024x1000; regs=84 smem=3072 blocks/SM=10 occ=0.417,,10,100,0.10976,0.107392,0.001255,GFLOP/s,18221.574344023324,2280,16.61% of FP32 peak at median clock,,err/bound=0.00366,model: pred_ms=0.0434 waves=1 resident=3 bound=smem fma_step=128 lds_step=192 latency_exposed=1
4632965,23.1.2,13.3,NVIDIA RTX PRO 6000 Blackwell Max-Q Workstation Edition,24105050,2026-09-27T03:47:58-07:00,mbr,1000x1000x1000,f32,"tforge-gpu-pipeline{block-tile=32,64 thread-tile=8,4 tile-k=16 promote=1 vectorize=1}",b32x64-t8x4-k16; grid=16x32x1 block=16x4x1 padded=1024x1024x1008; regs=92 smem=6144 blocks/SM=10 occ=0.417,,10,100,0.098352,0.096672,0.00127,GFLOP/s,20335.122824141858,2280,18.53% of FP32 peak at median clock,,err/bound=0.00366,model: pred_ms=0.0318 waves=1 resident=3 bound=smem fma_step=256 lds_step=384 latency_exposed=0
4632965,23.1.2,13.3,NVIDIA RTX PRO 6000 Blackwell Max-Q Workstation Edition,24105050,2026-09-27T03:47:58-07:00,mbr,1000x1000x1000,f32,"tforge-gpu-pipeline{block-tile=32,64 thread-tile=8,4 tile-k=32 promote=1 vectorize=1}",b32x64-t8x4-k32; grid=16x32x1 block=16x4x1 padded=1024x1024x1024; regs=104 smem=12288 blocks/SM=7 occ=0.292,,10,100,0.093296,0.091104,0.001244,GFLOP/s,21437.146287086263,2280,19.54% of FP32 peak at median clock,,err/bound=0.00366,model: pred_ms=0.0323 waves=1 resident=3 bound=smem fma_step=512 lds_step=768 latency_exposed=0
4632965,23.1.2,13.3,NVIDIA RTX PRO 6000 Blackwell Max-Q Workstation Edition,24105050,2026-09-27T03:47:58-07:00,mbr,1000x1000x1000,f32,"tforge-gpu-pipeline{block-tile=32,64 thread-tile=4,8 tile-k=8 promote=1 vectorize=1}",b32x64-t4x8-k8; grid=16x32x1 block=8x8x1 padded=1024x1024x1000; regs=80 smem=3072 blocks/SM=12 occ=0.5,,10,100,0.12,0.115424,0.001983,GFLOP/s,16666.666666666664,2280,15.19% of FP32 peak at median clock,,err/bound=0.00366,model: pred_ms=0.0434 waves=1 resident=3 bound=smem fma_step=128 lds_step=192 latency_exposed=1
4632965,23.1.2,13.3,NVIDIA RTX PRO 6000 Blackwell Max-Q Workstation Edition,24105050,2026-09-27T03:47:58-07:00,mbr,1000x1000x1000,f32,"tforge-gpu-pipeline{block-tile=32,64 thread-tile=4,8 tile-k=16 promote=1 vectorize=1}",b32x64-t4x8-k16; grid=16x32x1 block=8x8x1 padded=1024x1024x1008; regs=80 smem=6144 blocks/SM=12 occ=0.5,,10,100,0.111808,0.109536,0.00119,GFLOP/s,17887.807670291924,2280,16.30% of FP32 peak at median clock,,err/bound=0.00366,model: pred_ms=0.0318 waves=1 resident=3 bound=smem fma_step=256 lds_step=384 latency_exposed=0
4632965,23.1.2,13.3,NVIDIA RTX PRO 6000 Blackwell Max-Q Workstation Edition,24105050,2026-09-27T03:47:58-07:00,mbr,1000x1000x1000,f32,"tforge-gpu-pipeline{block-tile=32,64 thread-tile=4,8 tile-k=32 promote=1 vectorize=1}",b32x64-t4x8-k32; grid=16x32x1 block=8x8x1 padded=1024x1024x1024; regs=102 smem=12288 blocks/SM=7 occ=0.292,,10,100,0.108464,0.10672,0.001168,GFLOP/s,18439.297831538574,2280,16.80% of FP32 peak at median clock,,err/bound=0.00366,model: pred_ms=0.0323 waves=1 resident=3 bound=smem fma_step=512 lds_step=768 latency_exposed=0
4632965,23.1.2,13.3,NVIDIA RTX PRO 6000 Blackwell Max-Q Workstation Edition,24105050,2026-09-27T03:47:58-07:00,mbr,1000x1000x1000,f32,"tforge-gpu-pipeline{block-tile=32,64 thread-tile=8,8 tile-k=8 promote=1 vectorize=1}",b32x64-t8x8-k8; grid=16x32x1 block=8x4x1 padded=1024x1024x1000; regs=128 smem=3072 blocks/SM=16 occ=0.333,,10,100,0.114768,0.11312,0.001403,GFLOP/s,17426.460337376273,2280,15.88% of FP32 peak at median clock,,err/bound=0.00366,model: pred_ms=0.0399 waves=1 resident=3 bound=fma fma_step=128 lds_step=128 latency_exposed=1
4632965,23.1.2,13.3,NVIDIA RTX PRO 6000 Blackwell Max-Q Workstation Edition,24105050,2026-09-27T03:47:58-07:00,mbr,1000x1000x1000,f32,"tforge-gpu-pipeline{block-tile=32,64 thread-tile=8,8 tile-k=16 promote=1 vectorize=1}",b32x64-t8x8-k16; grid=16x32x1 block=8x4x1 padded=1024x1024x1008; regs=156 smem=6144 blocks/SM=12 occ=0.25,,10,100,0.101648,0.100576,0.001669,GFLOP/s,19675.74374311349,2280,17.93% of FP32 peak at median clock,,err/bound=0.00366,model: pred_ms=0.0237 waves=1 resident=3 bound=fma fma_step=256 lds_step=256 latency_exposed=1
4632965,23.1.2,13.3,NVIDIA RTX PRO 6000 Blackwell Max-Q Workstation Edition,24105050,2026-09-27T03:47:58-07:00,mbr,1000x1000x1000,f32,"tforge-gpu-pipeline{block-tile=32,64 thread-tile=8,8 tile-k=32 promote=1 vectorize=1}",b32x64-t8x8-k32; grid=16x32x1 block=8x4x1 padded=1024x1024x1024; regs=174 smem=12288 blocks/SM=7 occ=0.146,,10,100,0.098688,0.095104,0.001286,GFLOP/s,20265.888456549932,2280,18.47% of FP32 peak at median clock,,err/bound=0.00366,model: pred_ms=0.0216 waves=1 resident=3 bound=fma fma_step=512 lds_step=512 latency_exposed=0
4632965,23.1.2,13.3,NVIDIA RTX PRO 6000 Blackwell Max-Q Workstation Edition,24105050,2026-09-27T03:47:58-07:00,mbr,1000x1000x1000,f32,"tforge-gpu-pipeline{block-tile=32,128 thread-tile=4,4 tile-k=8 promote=1 vectorize=1}",b32x128-t4x4-k8; grid=8x32x1 block=32x8x1 padded=1024x1024x1000; regs=64 smem=5120 blocks/SM=4 occ=0.667,,10,100,0.098976,0.097184,0.001462,GFLOP/s,20206.918849013902,2280,18.41% of FP32 peak at median clock,,err/bound=0.00366,model: pred_ms=0.0610 waves=1 resident=2 bound=smem fma_step=256 lds_step=512 latency_exposed=1
4632965,23.1.2,13.3,NVIDIA RTX PRO 6000 Blackwell Max-Q Workstation Edition,24105050,2026-09-27T03:47:58-07:00,mbr,1000x1000x1000,f32,"tforge-gpu-pipeline{block-tile=32,128 thread-tile=4,4 tile-k=16 promote=1 vectorize=1}",b32x128-t4x4-k16; grid=8x32x1 block=32x8x1 padded=1024x1024x1008; regs=64 smem=10240 blocks/SM=4 occ=0.667,,10,100,0.101776,0.100608,0.001154,GFLOP/s,19650.99827071215,2280,17.91% of FP32 peak at median clock,,err/bound=0.00366,model: pred_ms=0.0566 waves=1 resident=2 bound=smem fma_step=512 lds_step=1024 latency_exposed=0
4632965,23.1.2,13.3,NVIDIA RTX PRO 6000 Blackwell Max-Q Workstation Edition,24105050,2026-09-27T03:47:58-07:00,mbr,1000x1000x1000,f32,"tforge-gpu-pipeline{block-tile=32,128 thread-tile=4,4 tile-k=32 promote=1 vectorize=1}",b32x128-t4x4-k32; grid=8x32x1 block=32x8x1 padded=1024x1024x1024; regs=64 smem=20480 blocks/SM=4 occ=0.667,,10,100,0.100208,0.098688,0.001504,GFLOP/s,19958.486348395338,2280,18.19% of FP32 peak at median clock,,err/bound=0.00366,model: pred_ms=0.0575 waves=1 resident=2 bound=smem fma_step=1024 lds_step=2048 latency_exposed=0
4632965,23.1.2,13.3,NVIDIA RTX PRO 6000 Blackwell Max-Q Workstation Edition,24105050,2026-09-27T03:47:58-07:00,mbr,1000x1000x1000,f32,"tforge-gpu-pipeline{block-tile=32,128 thread-tile=8,4 tile-k=8 promote=1 vectorize=1}",b32x128-t8x4-k8; grid=8x32x1 block=32x4x1 padded=1024x1024x1000; regs=82 smem=5120 blocks/SM=5 occ=0.417,,10,100,0.117984,0.116736,0.001518,GFLOP/s,16951.45104420938,2280,15.45% of FP32 peak at median clock,,err/bound=0.00366,model: pred_ms=0.0539 waves=1 resident=2 bound=smem fma_step=256 lds_step=384 latency_exposed=1
4632965,23.1.2,13.3,NVIDIA RTX PRO 6000 Blackwell Max-Q Workstation Edition,24105050,2026-09-27T03:47:58-07:00,mbr,1000x1000x1000,f32,"tforge-gpu-pipeline{block-tile=32,128 thread-tile=8,4 tile-k=16 promote=1 vectorize=1}",b32x128-t8x4-k16; grid=8x32x1 block=32x4x1 padded=1024x1024x1008; regs=88 smem=10240 blocks/SM=5 occ=0.417,,10,100,0.105408,0.102528,0.001457,GFLOP/s,18973.8919247116,2280,17.29% of FP32 peak at median clock,,err/bound=0.00366,model: pred_ms=0.0424 waves=1 resident=2 bound=smem fma_step=512 lds_step=768 latency_exposed=0
4632965,23.1.2,13.3,NVIDIA RTX PRO 6000 Blackwell Max-Q Workstation Edition,24105050,2026-09-27T03:47:58-07:00,mbr,1000x1000x1000,f32,"tforge-gpu-pipeline{block-tile=32,128 thread-tile=8,4 tile-k=32 promote=1 vectorize=1}",b32x128-t8x4-k32; grid=8x32x1 block=32x4x1 padded=1024x1024x1024; regs=104 smem=20480 blocks/SM=4 occ=0.333,,10,100,0.099552,0.098656,0.001172,GFLOP/s,20090.003214400516,2280,18.31% of FP32 peak at median clock,,err/bound=0.00366,model: pred_ms=0.0431 waves=1 resident=2 bound=smem fma_step=1024 lds_step=1536 latency_exposed=0
4632965,23.1.2,13.3,NVIDIA RTX PRO 6000 Blackwell Max-Q Workstation Edition,24105050,2026-09-27T03:47:58-07:00,mbr,1000x1000x1000,f32,"tforge-gpu-pipeline{block-tile=32,128 thread-tile=4,8 tile-k=8 promote=1 vectorize=1}",b32x128-t4x8-k8; grid=8x32x1 block=16x8x1 padded=1024x1024x1000; regs=80 smem=5120 blocks/SM=6 occ=0.5,,10,100,0.134192,0.129152,0.001307,GFLOP/s,14904.018123286036,2280,13.58% of FP32 peak at median clock,,err/bound=0.00366,model: pred_ms=0.0539 waves=1 resident=2 bound=smem fma_step=256 lds_step=384 latency_exposed=1
4632965,23.1.2,13.3,NVIDIA RTX PRO 6000 Blackwell Max-Q Workstation Edition,24105050,2026-09-27T03:47:58-07:00,mbr,1000x1000x1000,f32,"tforge-gpu-pipeline{block-tile=32,128 thread-tile=4,8 tile-k=16 promote=1 vectorize=1}",b32x128-t4x8-k16; grid=8x32x1 block=16x8x1 padded=1024x1024x1008; regs=80 smem=10240 blocks/SM=6 occ=0.5,,10,100,0.124064,0.122112,0.000941,GFLOP/s,16120.711890637092,2280,14.69% of FP32 peak at median clock,,err/bound=0.00366,model: pred_ms=0.0424 waves=1 resident=2 bound=smem fma_step=512 lds_step=768 latency_exposed=0
4632965,23.1.2,13.3,NVIDIA RTX PRO 6000 Blackwell Max-Q Workstation Edition,24105050,2026-09-27T03:47:58-07:00,mbr,1000x1000x1000,f32,"tforge-gpu-pipeline{block-tile=32,128 thread-tile=4,8 tile-k=32 promote=1 vectorize=1}",b32x128-t4x8-k32; grid=8x32x1 block=16x8x1 padded=1024x1024x1024; regs=100 smem=20480 blocks/SM=4 occ=0.333,,10,100,0.117792,0.11488,0.001501,GFLOP/s,16979.08177125781,2280,15.47% of FP32 peak at median clock,,err/bound=0.00366,model: pred_ms=0.0431 waves=1 resident=2 bound=smem fma_step=1024 lds_step=1536 latency_exposed=0
4632965,23.1.2,13.3,NVIDIA RTX PRO 6000 Blackwell Max-Q Workstation Edition,24105050,2026-09-27T03:47:58-07:00,mbr,1000x1000x1000,f32,"tforge-gpu-pipeline{block-tile=32,128 thread-tile=8,8 tile-k=8 promote=1 vectorize=1}",b32x128-t8x8-k8; grid=8x32x1 block=16x4x1 padded=1024x1024x1000; regs=128 smem=5120 blocks/SM=8 occ=0.333,,10,100,0.11592,0.114848,0.001008,GFLOP/s,17253.27812284334,2280,15.72% of FP32 peak at median clock,,err/bound=0.00366,model: pred_ms=0.0469 waves=1 resident=2 bound=fma fma_step=256 lds_step=256 latency_exposed=1
4632965,23.1.2,13.3,NVIDIA RTX PRO 6000 Blackwell Max-Q Workstation Edition,24105050,2026-09-27T03:47:58-07:00,mbr,1000x1000x1000,f32,"tforge-gpu-pipeline{block-tile=32,128 thread-tile=8,8 tile-k=16 promote=1 vectorize=1}",b32x128-t8x8-k16; grid=8x32x1 block=16x4x1 padded=1024x1024x1008; regs=152 smem=10240 blocks/SM=6 occ=0.25,,10,100,0.109728,0.10864,0.002409,GFLOP/s,18226.88830562846,2280,16.61% of FP32 peak at median clock,,err/bound=0.00366,model: pred_ms=0.0307 waves=1 resident=2 bound=fma fma_step=512 lds_step=512 latency_exposed=1
4632965,23.1.2,13.3,NVIDIA RTX PRO 6000 Blackwell Max-Q Workstation Edition,24105050,2026-09-27T03:47:58-07:00,mbr,1000x1000x1000,f32,"tforge-gpu-pipeline{block-tile=32,128 thread-tile=8,8 tile-k=32 promote=1 vectorize=1}",b32x128-t8x8-k32; grid=8x32x1 block=16x4x1 padded=1024x1024x1024; regs=158 smem=20480 blocks/SM=4 occ=0.167,,10,100,0.107712,0.10672,0.001126,GFLOP/s,18568.033273915626,2280,16.92% of FP32 peak at median clock,,err/bound=0.00366,model: pred_ms=0.0287 waves=1 resident=2 bound=fma fma_step=1024 lds_step=1024 latency_exposed=0
4632965,23.1.2,13.3,NVIDIA RTX PRO 6000 Blackwell Max-Q Workstation Edition,24105050,2026-09-27T03:47:58-07:00,mbr,1000x1000x1000,f32,"tforge-gpu-pipeline{block-tile=64,32 thread-tile=4,4 tile-k=8 promote=1 vectorize=1}",b64x32-t4x4-k8; grid=32x16x1 block=8x16x1 padded=1024x1024x1000; regs=56 smem=3072 blocks/SM=9 occ=0.75,,10,100,0.105472,0.103232,0.001552,GFLOP/s,18962.3786407767,2280,17.28% of FP32 peak at median clock,,err/bound=0.00366,model: pred_ms=0.0469 waves=1 resident=3 bound=smem fma_step=128 lds_step=256 latency_exposed=1
4632965,23.1.2,13.3,NVIDIA RTX PRO 6000 Blackwell Max-Q Workstation Edition,24105050,2026-09-27T03:47:58-07:00,mbr,1000x1000x1000,f32,"tforge-gpu-pipeline{block-tile=64,32 thread-tile=4,4 tile-k=16 promote=1 vectorize=1}",b64x32-t4x4-k16; grid=32x16x1 block=8x16x1 padded=1024x1024x1008; regs=58 smem=6144 blocks/SM=8 occ=0.667,,10,100,0.097088,0.093952,0.00085,GFLOP/s,20599.868160843773,2280,18.77% of FP32 peak at median clock,,err/bound=0.00366,model: pred_ms=0.0424 waves=1 resident=3 bound=smem fma_step=256 lds_step=512 latency_exposed=0
4632965,23.1.2,13.3,NVIDIA RTX PRO 6000 Blackwell Max-Q Workstation Edition,24105050,2026-09-27T03:47:58-07:00,mbr,1000x1000x1000,f32,"tforge-gpu-pipeline{block-tile=64,32 thread-tile=4,4 tile-k=32 promote=1 vectorize=1}",b64x32-t4x4-k32; grid=32x16x1 block=8x16x1 padded=1024x1024x1024; regs=70 smem=12288 blocks/SM=7 occ=0.583,,10,100,0.095264,0.09312,0.001278,GFLOP/s,20994.28955324152,2280,19.13% of FP32 peak at median clock,,err/bound=0.00366,model: pred_ms=0.0431 waves=1 resident=3 bound=smem fma_step=512 lds_step=1024 latency_exposed=0
4632965,23.1.2,13.3,NVIDIA RTX PRO 6000 Blackwell Max-Q Workstation Edition,24105050,2026-09-27T03:47:58-07:00,mbr,1000x1000x1000,f32,"tforge-gpu-pipeline{block-tile=64,32 thread-tile=8,4 tile-k=8 promote=1 vectorize=1}",b64x32-t8x4-k8; grid=32x16x1 block=8x8x1 padded=1024x1024x1000; regs=84 smem=3072 blocks/SM=10 occ=0.417,,10,100,0.109248,0.106752,0.001512,GFLOP/s,18306.971294669012,2280,16.68% of FP32 peak at median clock,,err/bound=0.00366,model: pred_ms=0.0434 waves=1 resident=3 bound=smem fma_step=128 lds_step=192 latency_exposed=1
4632965,23.1.2,13.3,NVIDIA RTX PRO 6000 Blackwell Max-Q Workstation Edition,24105050,2026-09-27T03:47:58-07:00,mbr,1000x1000x1000,f32,"tforge-gpu-pipeline{block-tile=64,32 thread-tile=8,4 tile-k=16 promote=1 vectorize=1}",b64x32-t8x4-k16; grid=32x16x1 block=8x8x1 padded=1024x1024x1008; regs=92 smem=6144 blocks/SM=10 occ=0.417,,10,100,0.101408,0.0992,0.001646,GFLOP/s,19722.309876932784,2280,17.97% of FP32 peak at median clock,,err/bound=0.00366,model: pred_ms=0.0318 waves=1 resident=3 bound=smem fma_step=256 lds_step=384 latency_exposed=0
4632965,23.1.2,13.3,NVIDIA RTX PRO 6000 Blackwell Max-Q Workstation Edition,24105050,2026-09-27T03:47:58-07:00,mbr,1000x1000x1000,f32,"tforge-gpu-pipeline{block-tile=64,32 thread-tile=8,4 tile-k=32 promote=1 vectorize=1}",b64x32-t8x4-k32; grid=32x16x1 block=8x8x1 padded=1024x1024x1024; regs=104 smem=12288 blocks/SM=7 occ=0.292,,10,100,0.098512,0.095328,0.001164,GFLOP/s,20302.095176222185,2280,18.50% of FP32 peak at median clock,,err/bound=0.00366,model: pred_ms=0.0323 waves=1 resident=3 bound=smem fma_step=512 lds_step=768 latency_exposed=0
4632965,23.1.2,13.3,NVIDIA RTX PRO 6000 Blackwell Max-Q Workstation Edition,24105050,2026-09-27T03:47:58-07:00,mbr,1000x1000x1000,f32,"tforge-gpu-pipeline{block-tile=64,32 thread-tile=4,8 tile-k=8 promote=1 vectorize=1}",b64x32-t4x8-k8; grid=32x16x1 block=4x16x1 padded=1024x1024x1000; regs=76 smem=3072 blocks/SM=12 occ=0.5,,10,100,0.115904,0.115072,0.001408,GFLOP/s,17255.65985643291,2280,15.73% of FP32 peak at median clock,,err/bound=0.00366,model: pred_ms=0.0434 waves=1 resident=3 bound=smem fma_step=128 lds_step=192 latency_exposed=1
4632965,23.1.2,13.3,NVIDIA RTX PRO 6000 Blackwell Max-Q Workstation Edition,24105050,2026-09-27T03:47:58-07:00,mbr,1000x1000x1000,f32,"tforge-gpu-pipeline{block-tile=64,32 thread-tile=4,8 tile-k=16 promote=1 vectorize=1}",b64x32-t4x8-k16; grid=32x16x1 block=4x16x1 padded=1024x1024x1008; regs=79 smem=6144 blocks/SM=12 occ=0.5,,10,100,0.107744,0.107136,0.000933,GFLOP/s,18562.518562518562,2280,16.92% of FP32 peak at median clock,,err/bound=0.00366,model: pred_ms=0.0318 waves=1 resident=3 bound=smem fma_step=256 lds_step=384 latency_exposed=0
4632965,23.1.2,13.3,NVIDIA RTX PRO 6000 Blackwell Max-Q Workstation Edition,24105050,2026-09-27T03:47:58-07:00,mbr,1000x1000x1000,f32,"tforge-gpu-pipeline{block-tile=64,32 thread-tile=4,8 tile-k=32 promote=1 vectorize=1}",b64x32-t4x8-k32; grid=32x16x1 block=4x16x1 padded=1024x1024x1024; regs=100 smem=12288 blocks/SM=7 occ=0.292,,10,100,0.10512,0.102976,0.001475,GFLOP/s,19025.87519025875,2280,17.34% of FP32 peak at median clock,,err/bound=0.00366,model: pred_ms=0.0323 waves=1 resident=3 bound=smem fma_step=512 lds_step=768 latency_exposed=0
4632965,23.1.2,13.3,NVIDIA RTX PRO 6000 Blackwell Max-Q Workstation Edition,24105050,2026-09-27T03:47:58-07:00,mbr,1000x1000x1000,f32,"tforge-gpu-pipeline{block-tile=64,32 thread-tile=8,8 tile-k=8 promote=1 vectorize=1}",b64x32-t8x8-k8; grid=32x16x1 block=4x8x1 padded=1024x1024x1000; regs=146 smem=3072 blocks/SM=12 occ=0.25,,10,100,0.125008,0.123072,0.001566,GFLOP/s,15998.976065531802,2280,14.58% of FP32 peak at median clock,,err/bound=0.00366,model: pred_ms=0.0399 waves=1 resident=3 bound=fma fma_step=128 lds_step=128 latency_exposed=1
4632965,23.1.2,13.3,NVIDIA RTX PRO 6000 Blackwell Max-Q Workstation Edition,24105050,2026-09-27T03:47:58-07:00,mbr,1000x1000x1000,f32,"tforge-gpu-pipeline{block-tile=64,32 thread-tile=8,8 tile-k=16 promote=1 vectorize=1}",b64x32-t8x8-k16; grid=32x16x1 block=4x8x1 padded=1024x1024x1008; regs=152 smem=6144 blocks/SM=12 occ=0.25,,10,100,0.107744,0.106976,0.001013,GFLOP/s,18562.518562518562,2280,16.92% of FP32 peak at median clock,,err/bound=0.00366,model: pred_ms=0.0237 waves=1 resident=3 bound=fma fma_step=256 lds_step=256 latency_exposed=1
4632965,23.1.2,13.3,NVIDIA RTX PRO 6000 Blackwell Max-Q Workstation Edition,24105050,2026-09-27T03:47:58-07:00,mbr,1000x1000x1000,f32,"tforge-gpu-pipeline{block-tile=64,32 thread-tile=8,8 tile-k=32 promote=1 vectorize=1}",b64x32-t8x8-k32; grid=32x16x1 block=4x8x1 padded=1024x1024x1024; regs=174 smem=12288 blocks/SM=7 occ=0.146,,10,100,0.099872,0.099008,0.001327,GFLOP/s,20025.632809996794,2280,18.25% of FP32 peak at median clock,,err/bound=0.00366,model: pred_ms=0.0216 waves=1 resident=3 bound=fma fma_step=512 lds_step=512 latency_exposed=0
4632965,23.1.2,13.3,NVIDIA RTX PRO 6000 Blackwell Max-Q Workstation Edition,24105050,2026-09-27T03:47:58-07:00,mbr,1000x1000x1000,f32,"tforge-gpu-pipeline{block-tile=64,64 thread-tile=4,4 tile-k=8 promote=1 vectorize=1}",b64x64-t4x4-k8; grid=16x16x1 block=16x16x1 padded=1024x1024x1000; regs=64 smem=4096 blocks/SM=4 occ=0.667,,10,100,0.106304,0.104736,0.001389,GFLOP/s,18813.967489464176,2280,17.15% of FP32 peak at median clock,,err/bound=0.00366,model: pred_ms=0.0610 waves=1 resident=2 bound=smem fma_step=256 lds_step=512 latency_exposed=1
4632965,23.1.2,13.3,NVIDIA RTX PRO 6000 Blackwell Max-Q Workstation Edition,24105050,2026-09-27T03:47:58-07:00,mbr,1000x1000x1000,f32,"tforge-gpu-pipeline{block-tile=64,64 thread-tile=4,4 tile-k=16 promote=1 vectorize=1}",b64x64-t4x4-k16; grid=16x16x1 block=16x16x1 padded=1024x1024x1008; regs=64 smem=8192 blocks/SM=4 occ=0.667,,10,100,0.098896,0.096768,0.001953,GFLOP/s,20223.264843876394,2280,18.43% of FP32 peak at median clock,,err/bound=0.00366,model: pred_ms=0.0566 waves=1 resident=2 bound=smem fma_step=512 lds_step=1024 latency_exposed=0
4632965,23.1.2,13.3,NVIDIA RTX PRO 6000 Blackwell Max-Q Workstation Edition,24105050,2026-09-27T03:47:58-07:00,mbr,1000x1000x1000,f32,"tforge-gpu-pipeline{block-tile=64,64 thread-tile=4,4 tile-k=32 promote=1 vectorize=1}",b64x64-t4x4-k32; grid=16x16x1 block=16x16x1 padded=1024x1024x1024; regs=74 smem=16384 blocks/SM=3 occ=0.5,,10,100,0.097504,0.096544,0.001093,GFLOP/s,20511.97899573351,2280,18.69% of FP32 peak at median clock,,err/bound=0.00366,model: pred_ms=0.0575 waves=1 resident=2 bound=smem fma_step=1024 lds_step=2048 latency_exposed=0
4632965,23.1.2,13.3,NVIDIA RTX PRO 6000 Blackwell Max-Q Workstation Edition,24105050,2026-09-27T03:47:58-07:00,mbr,1000x1000x1000,f32,"tforge-gpu-pipeline{block-tile=64,64 thread-tile=8,4 tile-k=8 promote=1 vectorize=1}",b64x64-t8x4-k8; grid=16x16x1 block=16x8x1 padded=1024x1024x1000; regs=82 smem=4096 blocks/SM=5 occ=0.417,,10,100,0.115952,0.1128,0.001261,GFLOP/s,17248.51662757003,2280,15.72% of FP32 peak at median clock,,err/bound=0.00366,model: pred_ms=0.0539 waves=1 resident=2 bound=smem fma_step=256 lds_step=384 latency_exposed=1
4632965,23.1.2,13.3,NVIDIA RTX PRO 6000 Blackwell Max-Q Workstation Edition,24105050,2026-09-27T03:47:58-07:00,mbr,1000x1000x1000,f32,"tforge-gpu-pipeline{block-tile=64,64 thread-tile=8,4 tile-k=16 promote=1 vectorize=1}",b64x64-t8x4-k16; grid=16x16x1 block=16x8x1 padded=1024x1024x1008; regs=88 smem=8192 blocks/SM=5 occ=0.417,,10,100,0.101632,0.10048,0.00098,GFLOP/s,19678.841309823674,2280,17.93% of FP32 peak at median clock,,err/bound=0.00366,model: pred_ms=0.0424 waves=1 resident=2 bound=smem fma_step=512 lds_step=768 latency_exposed=0
4632965,23.1.2,13.3,NVIDIA RTX PRO 6000 Blackwell Max-Q Workstation Edition,24105050,2026-09-27T03:47:58-07:00,mbr,1000x1000x1000,f32,"tforge-gpu-pipeline{block-tile=64,64 thread-tile=8,4 tile-k=32 promote=1 vectorize=1}",b64x64-t8x4-k32; grid=16x16x1 block=16x8x1 padded=1024x1024x1024; regs=94 smem=16384 blocks/SM=5 occ=0.417,,10,100,0.097184,0.094432,0.00149,GFLOP/s,20579.51926243003,2280,18.75% of FP32 peak at median clock,,err/bound=0.00366,model: pred_ms=0.0431 waves=1 resident=2 bound=smem fma_step=1024 lds_step=1536 latency_exposed=0
4632965,23.1.2,13.3,NVIDIA RTX PRO 6000 Blackwell Max-Q Workstation Edition,24105050,2026-09-27T03:47:58-07:00,mbr,1000x1000x1000,f32,"tforge-gpu-pipeline{block-tile=64,64 thread-tile=4,8 tile-k=8 promote=1 vectorize=1}",b64x64-t4x8-k8; grid=16x16x1 block=8x16x1 padded=1024x1024x1000; regs=76 smem=4096 blocks/SM=6 occ=0.5,,10,100,0.14864,0.146976,0.001065,GFLOP/s,13455.328310010766,2280,12.26% of FP32 peak at median clock,,err/bound=0.00366,model: pred_ms=0.0539 waves=1 resident=2 bound=smem fma_step=256 lds_step=384 latency_exposed=1
4632965,23.1.2,13.3,NVIDIA RTX PRO 6000 Blackwell Max-Q Workstation Edition,24105050,2026-09-27T03:47:58-07:00,mbr,1000x1000x1000,f32,"tforge-gpu-pipeline{block-tile=64,64 thread-tile=4,8 tile-k=16 promote=1 vectorize=1}",b64x64-t4x8-k16; grid=16x16x1 block=8x16x1 padded=1024x1024x1008; regs=80 smem=8192 blocks/SM=6 occ=0.5,,10,100,0.130112,0.123616,0.002548,GFLOP/s,15371.372356123953,2280,14.01% of FP32 peak at median clock,,err/bound=0.00366,model: pred_ms=0.0424 waves=1 resident=2 bound=smem fma_step=512 lds_step=768 latency_exposed=0
4632965,23.1.2,13.3,NVIDIA RTX PRO 6000 Blackwell Max-Q Workstation Edition,24105050,2026-09-27T03:47:58-07:00,mbr,1000x1000x1000,f32,"tforge-gpu-pipeline{block-tile=64,64 thread-tile=4,8 tile-k=32 promote=1 vectorize=1}",b64x64-t4x8-k32; grid=16x16x1 block=8x16x1 padded=1024x1024x1024; regs=96 smem=16384 blocks/SM=5 occ=0.417,,10,100,0.120032,0.118912,0.001071,GFLOP/s,16662.223407091442,2280,15.18% of FP32 peak at median clock,,err/bound=0.00366,model: pred_ms=0.0431 waves=1 resident=2 bound=smem fma_step=1024 lds_step=1536 latency_exposed=0
4632965,23.1.2,13.3,NVIDIA RTX PRO 6000 Blackwell Max-Q Workstation Edition,24105050,2026-09-27T03:47:58-07:00,mbr,1000x1000x1000,f32,"tforge-gpu-pipeline{block-tile=64,64 thread-tile=8,8 tile-k=8 promote=1 vectorize=1}",b64x64-t8x8-k8; grid=16x16x1 block=8x8x1 padded=1024x1024x1000; regs=146 smem=4096 blocks/SM=6 occ=0.25,,10,100,0.117952,0.116896,0.001333,GFLOP/s,16956.04991861096,2280,15.45% of FP32 peak at median clock,,err/bound=0.00366,model: pred_ms=0.0469 waves=1 resident=2 bound=fma fma_step=256 lds_step=256 latency_exposed=1
4632965,23.1.2,13.3,NVIDIA RTX PRO 6000 Blackwell Max-Q Workstation Edition,24105050,2026-09-27T03:47:58-07:00,mbr,1000x1000x1000,f32,"tforge-gpu-pipeline{block-tile=64,64 thread-tile=8,8 tile-k=16 promote=1 vectorize=1}",b64x64-t8x8-k16; grid=16x16x1 block=8x8x1 padded=1024x1024x1008; regs=150 smem=8192 blocks/SM=6 occ=0.25,,10,100,0.107728,0.105728,0.000944,GFLOP/s,18565.275508688548,2280,16.92% of FP32 peak at median clock,,err/bound=0.00366,model: pred_ms=0.0307 waves=1 resident=2 bound=fma fma_step=512 lds_step=512 latency_exposed=1
4632965,23.1.2,13.3,NVIDIA RTX PRO 6000 Blackwell Max-Q Workstation Edition,24105050,2026-09-27T03:47:58-07:00,mbr,1000x1000x1000,f32,"tforge-gpu-pipeline{block-tile=64,64 thread-tile=8,8 tile-k=32 promote=1 vectorize=1}",b64x64-t8x8-k32; grid=16x16x1 block=8x8x1 padded=1024x1024x1024; regs=158 smem=16384 blocks/SM=5 occ=0.208,,10,100,0.109776,0.109024,0.000923,GFLOP/s,18218.918524996356,2280,16.60% of FP32 peak at median clock,,err/bound=0.00366,model: pred_ms=0.0287 waves=1 resident=2 bound=fma fma_step=1024 lds_step=1024 latency_exposed=0
4632965,23.1.2,13.3,NVIDIA RTX PRO 6000 Blackwell Max-Q Workstation Edition,24105050,2026-09-27T03:47:58-07:00,mbr,1000x1000x1000,f32,"tforge-gpu-pipeline{block-tile=64,128 thread-tile=4,4 tile-k=8 promote=1 vectorize=1}",b64x128-t4x4-k8; grid=8x16x1 block=32x16x1 padded=1024x1024x1000; regs=63 smem=6144 blocks/SM=2 occ=0.667,,10,100,0.115872,0.114816,0.00115,GFLOP/s,17260.425296879315,2280,15.73% of FP32 peak at median clock,,err/bound=0.00366,model: pred_ms=0.0890 waves=1 resident=1 bound=smem fma_step=512 lds_step=1024 latency_exposed=1
4632965,23.1.2,13.3,NVIDIA RTX PRO 6000 Blackwell Max-Q Workstation Edition,24105050,2026-09-27T03:47:58-07:00,mbr,1000x1000x1000,f32,"tforge-gpu-pipeline{block-tile=64,128 thread-tile=4,4 tile-k=16 promote=1 vectorize=1}",b64x128-t4x4-k16; grid=8x16x1 block=32x16x1 padded=1024x1024x1008; regs=64 smem=12288 blocks/SM=2 occ=0.667,,10,100,0.101568,0.100448,0.001218,GFLOP/s,19691.241335853807,2272,18.01% of FP32 peak at median clock,,err/bound=0.00366,model: pred_ms=0.0732 waves=1 resident=1 bound=smem fma_step=1024 lds_step=2048 latency_exposed=1
4632965,23.1.2,13.3,NVIDIA RTX PRO 6000 Blackwell Max-Q Workstation Edition,24105050,2026-09-27T03:47:58-07:00,mbr,1000x1000x1000,f32,"tforge-gpu-pipeline{block-tile=64,128 thread-tile=4,4 tile-k=32 promote=1 vectorize=1}",b64x128-t4x4-k32; grid=8x16x1 block=32x16x1 padded=1024x1024x1024; regs=64 smem=24576 blocks/SM=2 occ=0.667,,10,100,0.095456,0.094464,0.001651,GFLOP/s,20952.061682869593,2280,19.09% of FP32 peak at median clock,,err/bound=0.00366,model: pred_ms=0.0659 waves=1 resident=1 bound=smem fma_step=2048 lds_step=4096 latency_exposed=1
4632965,23.1.2,13.3,NVIDIA RTX PRO 6000 Blackwell Max-Q Workstation Edition,24105050,2026-09-27T03:47:58-07:00,mbr,1000x1000x1000,f32,"tforge-gpu-pipeline{block-tile=64,128 thread-tile=8,4 tile-k=8 promote=1 vectorize=1}",b64x128-t8x4-k8; grid=8x16x1 block=32x8x1 padded=1024x1024x1000; regs=80 smem=6144 blocks/SM=3 occ=0.5,,10,100,0.11184,0.110656,0.001324,GFLOP/s,17882.6895565093,2280,16.30% of FP32 peak at median clock,,err/bound=0.00366,model: pred_ms=0.0750 waves=1 resident=1 bound=smem fma_step=512 lds_step=768 latency_exposed=1
4632965,23.1.2,13.3,NVIDIA RTX PRO 6000 Blackwell Max-Q Workstation Edition,24105050,2026-09-27T03:47:58-07:00,mbr,1000x1000x1000,f32,"tforge-gpu-pipeline{block-tile=64,128 thread-tile=8,4 tile-k=16 promote=1 vectorize=1}",b64x128-t8x4-k16; grid=8x16x1 block=32x8x1 padded=1024x1024x1008; regs=88 smem=12288 blocks/SM=2 occ=0.333,,10,100,0.095424,0.094464,0.0011,GFLOP/s,20959.08786049631,2280,19.10% of FP32 peak at median clock,,err/bound=0.00366,model: pred_ms=0.0590 waves=1 resident=1 bound=smem fma_step=1024 lds_step=1536 latency_exposed=1
4632965,23.1.2,13.3,NVIDIA RTX PRO 6000 Blackwell Max-Q Workstation Edition,24105050,2026-09-27T03:47:58-07:00,mbr,1000x1000x1000,f32,"tforge-gpu-pipeline{block-tile=64,128 thread-tile=8,4 tile-k=32 promote=1 vectorize=1}",b64x128-t8x4-k32; grid=8x16x1 block=32x8x1 padded=1024x1024x1024; regs=94 smem=24576 blocks/SM=2 occ=0.333,,10,100,0.091152,0.08832,0.001767,GFLOP/s,21941.372652273127,2280,20.00% of FP32 peak at median clock,,err/bound=0.00366,model: pred_ms=0.0515 waves=1 resident=1 bound=smem fma_step=2048 lds_step=3072 latency_exposed=1
4632965,23.1.2,13.3,NVIDIA RTX PRO 6000 Blackwell Max-Q Workstation Edition,24105050,2026-09-27T03:47:58-07:00,mbr,1000x1000x1000,f32,"tforge-gpu-pipeline{block-tile=64,128 thread-tile=4,8 tile-k=8 promote=1 vectorize=1}",b64x128-t4x8-k8; grid=8x16x1 block=16x16x1 padded=1024x1024x1000; regs=80 smem=6144 blocks/SM=3 occ=0.5,,10,100,0.138368,0.135712,0.00127,GFLOP/s,14454.209065679928,2280,13.17% of FP32 peak at median clock,,err/bound=0.00366,model: pred_ms=0.0750 waves=1 resident=1 bound=smem fma_step=512 lds_step=768 latency_exposed=1
4632965,23.1.2,13.3,NVIDIA RTX PRO 6000 Blackwell Max-Q Workstation Edition,24105050,2026-09-27T03:47:58-07:00,mbr,1000x1000x1000,f32,"tforge-gpu-pipeline{block-tile=64,128 thread-tile=4,8 tile-k=16 promote=1 vectorize=1}",b64x128-t4x8-k16; grid=8x16x1 block=16x16x1 padded=1024x1024x1008; regs=80 smem=12288 blocks/SM=3 occ=0.5,,10,100,0.124032,0.12288,0.001043,GFLOP/s,16124.871001031992,2280,14.69% of FP32 peak at median clock,,err/bound=0.00366,model: pred_ms=0.0590 waves=1 resident=1 bound=smem fma_step=1024 lds_step=1536 latency_exposed=1
4632965,23.1.2,13.3,NVIDIA RTX PRO 6000 Blackwell Max-Q Workstation Edition,24105050,2026-09-27T03:47:58-07:00,mbr,1000x1000x1000,f32,"tforge-gpu-pipeline{block-tile=64,128 thread-tile=4,8 tile-k=32 promote=1 vectorize=1}",b64x128-t4x8-k32; grid=8x16x1 block=16x16x1 padded=1024x1024x1024; regs=80 smem=24576 blocks/SM=3 occ=0.5,,10,100,0.117952,0.116832,0.001276,GFLOP/s,16956.04991861096,2280,15.45% of FP32 peak at median clock,,err/bound=0.00366,model: pred_ms=0.0515 waves=1 resident=1 bound=smem fma_step=2048 lds_step=3072 latency_exposed=1
4632965,23.1.2,13.3,NVIDIA RTX PRO 6000 Blackwell Max-Q Workstation Edition,24105050,2026-09-27T03:47:58-07:00,mbr,1000x1000x1000,f32,"tforge-gpu-pipeline{block-tile=64,128 thread-tile=8,8 tile-k=8 promote=1 vectorize=1}",b64x128-t8x8-k8; grid=8x16x1 block=16x8x1 padded=1024x1024x1000; regs=146 smem=6144 blocks/SM=3 occ=0.25,,10,100,0.119936,0.117312,0.001536,GFLOP/s,16675.56029882604,2280,15.20% of FP32 peak at median clock,,err/bound=0.00366,model: pred_ms=0.0610 waves=1 resident=1 bound=fma fma_step=512 lds_step=512 latency_exposed=1
4632965,23.1.2,13.3,NVIDIA RTX PRO 6000 Blackwell Max-Q Workstation Edition,24105050,2026-09-27T03:47:58-07:00,mbr,1000x1000x1000,f32,"tforge-gpu-pipeline{block-tile=64,128 thread-tile=8,8 tile-k=16 promote=1 vectorize=1}",b64x128-t8x8-k16; grid=8x16x1 block=16x8x1 padded=1024x1024x1008; regs=146 smem=12288 blocks/SM=3 occ=0.25,,10,100,0.105792,0.104608,0.001668,GFLOP/s,18905.021173623714,2280,17.23% of FP32 peak at median clock,,err/bound=0.00366,model: pred_ms=0.0449 waves=1 resident=1 bound=fma fma_step=1024 lds_step=1024 latency_exposed=1
4632965,23.1.2,13.3,NVIDIA RTX PRO 6000 Blackwell Max-Q Workstation Edition,24105050,2026-09-27T03:47:58-07:00,mbr,1000x1000x1000,f32,"tforge-gpu-pipeline{block-tile=64,128 thread-tile=8,8 tile-k=32 promote=1 vectorize=1}",b64x128-t8x8-k32; grid=8x16x1 block=16x8x1 padded=1024x1024x1024; regs=128 smem=24576 blocks/SM=4 occ=0.333,,10,100,0.109888,0.108608,0.001408,GFLOP/s,18200.349446709373,2272,16.64% of FP32 peak at median clock,,err/bound=0.00366,model: pred_ms=0.0372 waves=1 resident=1 bound=fma fma_step=2048 lds_step=2048 latency_exposed=1
4632965,23.1.2,13.3,NVIDIA RTX PRO 6000 Blackwell Max-Q Workstation Edition,24105050,2026-09-27T03:47:58-07:00,mbr,1000x1000x1000,f32,"tforge-gpu-pipeline{block-tile=128,32 thread-tile=4,4 tile-k=8 promote=1 vectorize=1}",b128x32-t4x4-k8; grid=32x8x1 block=8x32x1 padded=1024x1024x1000; regs=64 smem=5120 blocks/SM=4 occ=0.667,,10,100,0.118016,0.116928,0.001328,GFLOP/s,16946.854663774404,2280,15.44% of FP32 peak at median clock,,err/bound=0.00366,model: pred_ms=0.0610 waves=1 resident=2 bound=smem fma_step=256 lds_step=512 latency_exposed=1
4632965,23.1.2,13.3,NVIDIA RTX PRO 6000 Blackwell Max-Q Workstation Edition,24105050,2026-09-27T03:47:58-07:00,mbr,1000x1000x1000,f32,"tforge-gpu-pipeline{block-tile=128,32 thread-tile=4,4 tile-k=16 promote=1 vectorize=1}",b128x32-t4x4-k16; grid=32x8x1 block=8x32x1 padded=1024x1024x1008; regs=64 smem=10240 blocks/SM=4 occ=0.667,,10,100,0.117984,0.116864,0.0012,GFLOP/s,16951.45104420938,2280,15.45% of FP32 peak at median clock,,err/bound=0.00366,model: pred_ms=0.0566 waves=1 resident=2 bound=smem fma_step=512 lds_step=1024 latency_exposed=0
4632965,23.1.2,13.3,NVIDIA RTX PRO 6000 Blackwell Max-Q Workstation Edition,24105050,2026-09-27T03:47:58-07:00,mbr,1000x1000x1000,f32,"tforge-gpu-pipeline{block-tile=128,32 thread-tile=4,4 tile-k=32 promote=1 vectorize=1}",b128x32-t4x4-k32; grid=32x8x1 block=8x32x1 padded=1024x1024x1024; regs=64 smem=20480 blocks/SM=4 occ=0.667,,10,100,0.109856,0.10864,0.001243,GFLOP/s,18205.65103408098,2280,16.59% of FP32 peak at median clock,,err/bound=0.00366,model: pred_ms=0.0575 waves=1 resident=2 bound=smem fma_step=1024 lds_step=2048 latency_exposed=0
4632965,23.1.2,13.3,NVIDIA RTX PRO 6000 Blackwell Max-Q Workstation Edition,24105050,2026-09-27T03:47:58-07:00,mbr,1000x1000x1000,f32,"tforge-gpu-pipeline{block-tile=128,32 thread-tile=8,4 tile-k=8 promote=1 vectorize=1}",b128x32-t8x4-k8; grid=32x8x1 block=8x16x1 padded=1024x1024x1000; regs=88 smem=5120 blocks/SM=5 occ=0.417,,10,100,0.116464,0.113504,0.001584,GFLOP/s,17172.688556120345,2280,15.65% of FP32 peak at median clock,,err/bound=0.00366,model: pred_ms=0.0539 waves=1 resident=2 bound=smem fma_step=256 lds_step=384 latency_exposed=1
4632965,23.1.2,13.3,NVIDIA RTX PRO 6000 Blackwell Max-Q Workstation Edition,24105050,2026-09-27T03:47:58-07:00,mbr,1000x1000x1000,f32,"tforge-gpu-pipeline{block-tile=128,32 thread-tile=8,4 tile-k=16 promote=1 vectorize=1}",b128x32-t8x4-k16; grid=32x8x1 block=8x16x1 padded=1024x1024x1008; regs=88 smem=10240 blocks/SM=5 occ=0.417,,10,100,0.115904,0.114816,0.00091,GFLOP/s,17255.65985643291,2272,15.78% of FP32 peak at median clock,,err/bound=0.00366,model: pred_ms=0.0424 waves=1 resident=2 bound=smem fma_step=512 lds_step=768 latency_exposed=0
4632965,23.1.2,13.3,NVIDIA RTX PRO 6000 Blackwell Max-Q Workstation Edition,24105050,2026-09-27T03:47:58-07:00,mbr,1000x1000x1000,f32,"tforge-gpu-pipeline{block-tile=128,32 thread-tile=8,4 tile-k=32 promote=1 vectorize=1}",b128x32-t8x4-k32; grid=32x8x1 block=8x16x1 padded=1024x1024x1024; regs=104 smem=20480 blocks/SM=4 occ=0.333,,10,100,0.097952,0.0952,0.001701,GFLOP/s,20418.16399869324,2280,18.61% of FP32 peak at median clock,,err/bound=0.00366,model: pred_ms=0.0431 waves=1 resident=2 bound=smem fma_step=1024 lds_step=1536 latency_exposed=0
4632965,23.1.2,13.3,NVIDIA RTX PRO 6000 Blackwell Max-Q Workstation Edition,24105050,2026-09-27T03:47:58-07:00,mbr,1000x1000x1000,f32,"tforge-gpu-pipeline{block-tile=128,32 thread-tile=4,8 tile-k=8 promote=1 vectorize=1}",b128x32-t4x8-k8; grid=32x8x1 block=4x32x1 padded=1024x1024x1000; regs=76 smem=5120 blocks/SM=6 occ=0.5,,10,100,0.1364,0.135232,0.001011,GFLOP/s,14662.756598240469,2280,13.36% of FP32 peak at median clock,,err/bound=0.00366,model: pred_ms=0.0539 waves=1 resident=2 bound=smem fma_step=256 lds_step=384 latency_exposed=1
4632965,23.1.2,13.3,NVIDIA RTX PRO 6000 Blackwell Max-Q Workstation Edition,24105050,2026-09-27T03:47:58-07:00,mbr,1000x1000x1000,f32,"tforge-gpu-pipeline{block-tile=128,32 thread-tile=4,8 tile-k=16 promote=1 vectorize=1}",b128x32-t4x8-k16; grid=32x8x1 block=4x32x1 padded=1024x1024x1008; regs=80 smem=10240 blocks/SM=6 occ=0.5,,10,100,0.133008,0.128288,0.001524,GFLOP/s,15036.68952243474,2280,13.70% of FP32 peak at median clock,,err/bound=0.00366,model: pred_ms=0.0424 waves=1 resident=2 bound=smem fma_step=512 lds_step=768 latency_exposed=0
4632965,23.1.2,13.3,NVIDIA RTX PRO 6000 Blackwell Max-Q Workstation Edition,24105050,2026-09-27T03:47:58-07:00,mbr,1000x1000x1000,f32,"tforge-gpu-pipeline{block-tile=128,32 thread-tile=4,8 tile-k=32 promote=1 vectorize=1}",b128x32-t4x8-k32; grid=32x8x1 block=4x32x1 padded=1024x1024x1024; regs=99 smem=20480 blocks/SM=4 occ=0.333,,10,100,0.111776,0.10928,0.001047,GFLOP/s,17892.928714572,2280,16.31% of FP32 peak at median clock,,err/bound=0.00366,model: pred_ms=0.0431 waves=1 resident=2 bound=smem fma_step=1024 lds_step=1536 latency_exposed=0
4632965,23.1.2,13.3,NVIDIA RTX PRO 6000 Blackwell Max-Q Workstation Edition,24105050,2026-09-27T03:47:58-07:00,mbr,1000x1000x1000,f32,"tforge-gpu-pipeline{block-tile=128,32 thread-tile=8,8 tile-k=8 promote=1 vectorize=1}",b128x32-t8x8-k8; grid=32x8x1 block=4x16x1 padded=1024x1024x1000; regs=128 smem=5120 blocks/SM=8 occ=0.333,,10,100,0.13632,0.133216,0.001256,GFLOP/s,14671.361502347418,2280,13.37% of FP32 peak at median clock,,err/bound=0.00366,model: pred_ms=0.0469 waves=1 resident=2 bound=fma fma_step=256 lds_step=256 latency_exposed=1
4632965,23.1.2,13.3,NVIDIA RTX PRO 6000 Blackwell Max-Q Workstation Edition,24105050,2026-09-27T03:47:58-07:00,mbr,1000x1000x1000,f32,"tforge-gpu-pipeline{block-tile=128,32 thread-tile=8,8 tile-k=16 promote=1 vectorize=1}",b128x32-t8x8-k16; grid=32x8x1 block=4x16x1 padded=1024x1024x1008; regs=146 smem=10240 blocks/SM=6 occ=0.25,,10,100,0.122032,0.11952,0.00112,GFLOP/s,16389.14383112626,2280,14.94% of FP32 peak at median clock,,err/bound=0.00366,model: pred_ms=0.0307 waves=1 resident=2 bound=fma fma_step=512 lds_step=512 latency_exposed=1
4632965,23.1.2,13.3,NVIDIA RTX PRO 6000 Blackwell Max-Q Workstation Edition,24105050,2026-09-27T03:47:58-07:00,mbr,1000x1000x1000,f32,"tforge-gpu-pipeline{block-tile=128,32 thread-tile=8,8 tile-k=32 promote=1 vectorize=1}",b128x32-t8x8-k32; grid=32x8x1 block=4x16x1 padded=1024x1024x1024; regs=158 smem=20480 blocks/SM=4 occ=0.167,,10,100,0.111808,0.110848,0.001176,GFLOP/s,17887.807670291924,2280,16.30% of FP32 peak at median clock,,err/bound=0.00366,model: pred_ms=0.0287 waves=1 resident=2 bound=fma fma_step=1024 lds_step=1024 latency_exposed=0
4632965,23.1.2,13.3,NVIDIA RTX PRO 6000 Blackwell Max-Q Workstation Edition,24105050,2026-09-27T03:47:58-07:00,mbr,1000x1000x1000,f32,"tforge-gpu-pipeline{block-tile=128,64 thread-tile=4,4 tile-k=8 promote=1 vectorize=1}",b128x64-t4x4-k8; grid=16x8x1 block=16x32x1 padded=1024x1024x1000; regs=64 smem=6144 blocks/SM=2 occ=0.667,,10,100,0.117968,0.117024,0.002027,GFLOP/s,16953.7501695375,2280,15.45% of FP32 peak at median clock,,err/bound=0.00366,model: pred_ms=0.0890 waves=1 resident=1 bound=smem fma_step=512 lds_step=1024 latency_exposed=1
4632965,23.1.2,13.3,NVIDIA RTX PRO 6000 Blackwell Max-Q Workstation Edition,24105050,2026-09-27T03:47:58-07:00,mbr,1000x1000x1000,f32,"tforge-gpu-pipeline{block-tile=128,64 thread-tile=4,4 tile-k=16 promote=1 vectorize=1}",b128x64-t4x4-k16; grid=16x8x1 block=16x32x1 padded=1024x1024x1008; regs=64 smem=12288 blocks/SM=2 occ=0.667,,10,100,0.1016,0.1008,0.001347,GFLOP/s,19685.03937007874,2280,17.94% of FP32 peak at median clock,,err/bound=0.00366,model: pred_ms=0.0732 waves=1 resident=1 bound=smem fma_step=1024 lds_step=2048 latency_exposed=1
4632965,23.1.2,13.3,NVIDIA RTX PRO 6000 Blackwell Max-Q Workstation Edition,24105050,2026-09-27T03:47:58-07:00,mbr,1000x1000x1000,f32,"tforge-gpu-pipeline{block-tile=128,64 thread-tile=4,4 tile-k=32 promote=1 vectorize=1}",b128x64-t4x4-k32; grid=16x8x1 block=16x32x1 padded=1024x1024x1024; regs=64 smem=24576 blocks/SM=2 occ=0.667,,10,100,0.095424,0.094688,0.001045,GFLOP/s,20959.08786049631,2280,19.10% of FP32 peak at median clock,,err/bound=0.00366,model: pred_ms=0.0659 waves=1 resident=1 bound=smem fma_step=2048 lds_step=4096 latency_exposed=1
4632965,23.1.2,13.3,NVIDIA RTX PRO 6000 Blackwell Max-Q Workstation Edition,24105050,2026-09-27T03:47:58-07:00,mbr,1000x1000x1000,f32,"tforge-gpu-pipeline{block-tile=128,64 thread-tile=8,4 tile-k=8 promote=1 vectorize=1}",b128x64-t8x4-k8; grid=16x8x1 block=16x16x1 padded=1024x1024x1000; regs=88 smem=6144 blocks/SM=2 occ=0.333,,10,100,0.111824,0.110624,0.001138,GFLOP/s,17885.248247245672,2280,16.30% of FP32 peak at median clock,,err/bound=0.00366,model: pred_ms=0.0750 waves=1 resident=1 bound=smem fma_step=512 lds_step=768 latency_exposed=1
4632965,23.1.2,13.3,NVIDIA RTX PRO 6000 Blackwell Max-Q Workstation Edition,24105050,2026-09-27T03:47:58-07:00,mbr,1000x1000x1000,f32,"tforge-gpu-pipeline{block-tile=128,64 thread-tile=8,4 tile-k=16 promote=1 vectorize=1}",b128x64-t8x4-k16; grid=16x8x1 block=16x16x1 padded=1024x1024x1008; regs=88 smem=12288 blocks/SM=2 occ=0.333,,10,100,0.095488,0.094688,0.001339,GFLOP/s,20945.040214477212,2280,19.09% of FP32 peak at median clock,,err/bound=0.00366,model: pred_ms=0.0590 waves=1 resident=1 bound=smem fma_step=1024 lds_step=1536 latency_exposed=1
4632965,23.1.2,13.3,NVIDIA RTX PRO 6000 Blackwell Max-Q Workstation Edition,24105050,2026-09-27T03:47:58-07:00,mbr,1000x1000x1000,f32,"tforge-gpu-pipeline{block-tile=128,64 thread-tile=8,4 tile-k=32 promote=1 vectorize=1}",b128x64-t8x4-k32; grid=16x8x1 block=16x16x1 padded=1024x1024x1024; regs=94 smem=24576 blocks/SM=2 occ=0.333,,10,100,0.091424,0.090912,0.001141,GFLOP/s,21876.09380469023,2280,19.94% of FP32 peak at median clock,,err/bound=0.00366,model: pred_ms=0.0515 waves=1 resident=1 bound=smem fma_step=2048 lds_step=3072 latency_exposed=1
4632965,23.1.2,13.3,NVIDIA RTX PRO 6000 Blackwell Max-Q Workstation Edition,24105050,2026-09-27T03:47:58-07:00,mbr,1000x1000x1000,f32,"tforge-gpu-pipeline{block-tile=128,64 thread-tile=4,8 tile-k=8 promote=1 vectorize=1}",b128x64-t4x8-k8; grid=16x8x1 block=8x32x1 padded=1024x1024x1000; regs=80 smem=6144 blocks/SM=3 occ=0.5,,10,100,0.144576,0.14208,0.001247,GFLOP/s,13833.554670208056,2280,12.61% of FP32 peak at median clock,,err/bound=0.00366,model: pred_ms=0.0750 waves=1 resident=1 bound=smem fma_step=512 lds_step=768 latency_exposed=1
4632965,23.1.2,13.3,NVIDIA RTX PRO 6000 Blackwell Max-Q Workstation Edition,24105050,2026-09-27T03:47:58-07:00,mbr,1000x1000x1000,f32,"tforge-gpu-pipeline{block-tile=128,64 thread-tile=4,8 tile-k=16 promote=1 vectorize=1}",b128x64-t4x8-k16; grid=16x8x1 block=8x32x1 padded=1024x1024x1008; regs=80 smem=12288 blocks/SM=3 occ=0.5,,10,100,0.13032,0.129184,0.001398,GFLOP/s,15346.838551258443,2280,13.99% of FP32 peak at median clock,,err/bound=0.00366,model: pred_ms=0.0590 waves=1 resident=1 bound=smem fma_step=1024 lds_step=1536 latency_exposed=1
4632965,23.1.2,13.3,NVIDIA RTX PRO 6000 Blackwell Max-Q Workstation Edition,24105050,2026-09-27T03:47:58-07:00,mbr,1000x1000x1000,f32,"tforge-gpu-pipeline{block-tile=128,64 thread-tile=4,8 tile-k=32 promote=1 vectorize=1}",b128x64-t4x8-k32; grid=16x8x1 block=8x32x1 padded=1024x1024x1024; regs=80 smem=24576 blocks/SM=3 occ=0.5,,10,100,0.126208,0.124192,0.001277,GFLOP/s,15846.85598377282,2280,14.44% of FP32 peak at median clock,,err/bound=0.00366,model: pred_ms=0.0515 waves=1 resident=1 bound=smem fma_step=2048 lds_step=3072 latency_exposed=1
4632965,23.1.2,13.3,NVIDIA RTX PRO 6000 Blackwell Max-Q Workstation Edition,24105050,2026-09-27T03:47:58-07:00,mbr,1000x1000x1000,f32,"tforge-gpu-pipeline{block-tile=128,64 thread-tile=8,8 tile-k=8 promote=1 vectorize=1}",b128x64-t8x8-k8; grid=16x8x1 block=8x16x1 padded=1024x1024x1000; regs=128 smem=6144 blocks/SM=4 occ=0.333,,10,100,0.12416,0.12304,0.001219,GFLOP/s,16108.247422680412,2280,14.68% of FP32 peak at median clock,,err/bound=0.00366,model: pred_ms=0.0610 waves=1 resident=1 bound=fma fma_step=512 lds_step=512 latency_exposed=1
4632965,23.1.2,13.3,NVIDIA RTX PRO 6000 Blackwell Max-Q Workstation Edition,24105050,2026-09-27T03:47:58-07:00,mbr,1000x1000x1000,f32,"tforge-gpu-pipeline{block-tile=128,64 thread-tile=8,8 tile-k=16 promote=1 vectorize=1}",b128x64-t8x8-k16; grid=16x8x1 block=8x16x1 padded=1024x1024x1008; regs=150 smem=12288 blocks/SM=3 occ=0.25,,10,100,0.113856,0.111328,0.001352,GFLOP/s,17566.048341765036,2280,16.01% of FP32 peak at median clock,,err/bound=0.00366,model: pred_ms=0.0449 waves=1 resident=1 bound=fma fma_step=1024 lds_step=1024 latency_exposed=1
4632965,23.1.2,13.3,NVIDIA RTX PRO 6000 Blackwell Max-Q Workstation Edition,24105050,2026-09-27T03:47:58-07:00,mbr,1000x1000x1000,f32,"tforge-gpu-pipeline{block-tile=128,64 thread-tile=8,8 tile-k=32 promote=1 vectorize=1}",b128x64-t8x8-k32; grid=16x8x1 block=8x16x1 padded=1024x1024x1024; regs=128 smem=24576 blocks/SM=4 occ=0.333,,10,100,0.116,0.115008,0.001578,GFLOP/s,17241.379310344826,2280,15.71% of FP32 peak at median clock,,err/bound=0.00366,model: pred_ms=0.0372 waves=1 resident=1 bound=fma fma_step=2048 lds_step=2048 latency_exposed=1
4632965,23.1.2,13.3,NVIDIA RTX PRO 6000 Blackwell Max-Q Workstation Edition,24105050,2026-09-27T03:47:58-07:00,mbr,1000x1000x1000,f32,"tforge-gpu-pipeline{block-tile=128,128 thread-tile=4,4 tile-k=8 promote=1 vectorize=1}",b128x128-t4x4-k8; grid=8x8x1 block=32x32x1 padded=1024x1024x1000; regs=64 smem=8192 blocks/SM=1 occ=0.667,,10,100,0.171152,0.168192,0.001409,GFLOP/s,11685.519304477893,2280,10.65% of FP32 peak at median clock,,err/bound=0.00366,model: pred_ms=0.1452 waves=1 resident=1 bound=smem fma_step=1024 lds_step=2048 latency_exposed=1
4632965,23.1.2,13.3,NVIDIA RTX PRO 6000 Blackwell Max-Q Workstation Edition,24105050,2026-09-27T03:47:58-07:00,mbr,1000x1000x1000,f32,"tforge-gpu-pipeline{block-tile=128,128 thread-tile=4,4 tile-k=16 promote=1 vectorize=1}",b128x128-t4x4-k16; grid=8x8x1 block=32x32x1 padded=1024x1024x1008; regs=64 smem=16384 blocks/SM=1 occ=0.667,,10,100,0.150784,0.14976,0.001563,GFLOP/s,13264.006791171476,2280,12.09% of FP32 peak at median clock,,err/bound=0.00366,model: pred_ms=0.1298 waves=1 resident=1 bound=smem fma_step=2048 lds_step=4096 latency_exposed=1
4632965,23.1.2,13.3,NVIDIA RTX PRO 6000 Blackwell Max-Q Workstation Edition,24105050,2026-09-27T03:47:58-07:00,mbr,1000x1000x1000,f32,"tforge-gpu-pipeline{block-tile=128,128 thread-tile=4,4 tile-k=32 promote=1 vectorize=1}",b128x128-t4x4-k32; grid=8x8x1 block=32x32x1 padded=1024x1024x1024; regs=64 smem=32768 blocks/SM=1 occ=0.667,,10,100,0.146736,0.145408,0.001392,GFLOP/s,13629.920401264855,2280,12.42% of FP32 peak at median clock,,err/bound=0.00366,model: pred_ms=0.1234 waves=1 resident=1 bound=smem fma_step=4096 lds_step=8192 latency_exposed=1
4632965,23.1.2,13.3,NVIDIA RTX PRO 6000 Blackwell Max-Q Workstation Edition,24105050,2026-09-27T03:47:58-07:00,mbr,1000x1000x1000,f32,"tforge-gpu-pipeline{block-tile=128,128 thread-tile=8,4 tile-k=8 promote=1 vectorize=1}",b128x128-t8x4-k8; grid=8x8x1 block=32x16x1 padded=1024x1024x1000; regs=92 smem=8192 blocks/SM=1 occ=0.333,,10,100,0.156912,0.154176,0.001402,GFLOP/s,12745.997756704397,2280,11.62% of FP32 peak at median clock,,err/bound=0.00366,model: pred_ms=0.1171 waves=1 resident=1 bound=smem fma_step=1024 lds_step=1536 latency_exposed=1
4632965,23.1.2,13.3,NVIDIA RTX PRO 6000 Blackwell Max-Q Workstation Edition,24105050,2026-09-27T03:47:58-07:00,mbr,1000x1000x1000,f32,"tforge-gpu-pipeline{block-tile=128,128 thread-tile=8,4 tile-k=16 promote=1 vectorize=1}",b128x128-t8x4-k16; grid=8x8x1 block=32x16x1 padded=1024x1024x1008; regs=92 smem=16384 blocks/SM=1 occ=0.333,,10,100,0.136352,0.133888,0.001281,GFLOP/s,14667.918329030743,2280,13.37% of FP32 peak at median clock,,err/bound=0.00366,model: pred_ms=0.1015 waves=1 resident=1 bound=smem fma_step=2048 lds_step=3072 latency_exposed=1
4632965,23.1.2,13.3,NVIDIA RTX PRO 6000 Blackwell Max-Q Workstation Edition,24105050,2026-09-27T03:47:58-07:00,mbr,1000x1000x1000,f32,"tforge-gpu-pipeline{block-tile=128,128 thread-tile=8,4 tile-k=32 promote=1 vectorize=1}",b128x128-t8x4-k32; grid=8x8x1 block=32x16x1 padded=1024x1024x1024; regs=92 smem=32768 blocks/SM=1 occ=0.333,,10,100,0.131392,0.129184,0.001517,GFLOP/s,15221.626887481734,2280,13.87% of FP32 peak at median clock,,err/bound=0.00366,model: pred_ms=0.0947 waves=1 resident=1 bound=smem fma_step=4096 lds_step=6144 latency_exposed=1
4632965,23.1.2,13.3,NVIDIA RTX PRO 6000 Blackwell Max-Q Workstation Edition,24105050,2026-09-27T03:47:58-07:00,mbr,1000x1000x1000,f32,"tforge-gpu-pipeline{block-tile=128,128 thread-tile=4,8 tile-k=8 promote=1 vectorize=1}",b128x128-t4x8-k8; grid=8x8x1 block=16x32x1 padded=1024x1024x1000; regs=84 smem=8192 blocks/SM=1 occ=0.333,,10,100,0.204112,0.202944,0.00163,GFLOP/s,9798.54197695383,2280,8.93% of FP32 peak at median clock,,err/bound=0.00366,model: pred_ms=0.1171 waves=1 resident=1 bound=smem fma_step=1024 lds_step=1536 latency_exposed=1
4632965,23.1.2,13.3,NVIDIA RTX PRO 6000 Blackwell Max-Q Workstation Edition,24105050,2026-09-27T03:47:58-07:00,mbr,1000x1000x1000,f32,"tforge-gpu-pipeline{block-tile=128,128 thread-tile=4,8 tile-k=16 promote=1 vectorize=1}",b128x128-t4x8-k16; grid=8x8x1 block=16x32x1 padded=1024x1024x1008; regs=88 smem=16384 blocks/SM=1 occ=0.333,,10,100,0.191664,0.18864,0.00163,GFLOP/s,10434.927790299691,2280,9.51% of FP32 peak at median clock,,err/bound=0.00366,model: pred_ms=0.1015 waves=1 resident=1 bound=smem fma_step=2048 lds_step=3072 latency_exposed=1
4632965,23.1.2,13.3,NVIDIA RTX PRO 6000 Blackwell Max-Q Workstation Edition,24105050,2026-09-27T03:47:58-07:00,mbr,1000x1000x1000,f32,"tforge-gpu-pipeline{block-tile=128,128 thread-tile=4,8 tile-k=32 promote=1 vectorize=1}",b128x128-t4x8-k32; grid=8x8x1 block=16x32x1 padded=1024x1024x1024; regs=88 smem=32768 blocks/SM=1 occ=0.333,,10,100,0.187632,0.186432,0.001491,GFLOP/s,10659.162616184873,2280,9.71% of FP32 peak at median clock,,err/bound=0.00366,model: pred_ms=0.0947 waves=1 resident=1 bound=smem fma_step=4096 lds_step=6144 latency_exposed=1
4632965,23.1.2,13.3,NVIDIA RTX PRO 6000 Blackwell Max-Q Workstation Edition,24105050,2026-09-27T03:47:58-07:00,mbr,1000x1000x1000,f32,"tforge-gpu-pipeline{block-tile=128,128 thread-tile=8,8 tile-k=8 promote=1 vectorize=1}",b128x128-t8x8-k8; grid=8x8x1 block=16x16x1 padded=1024x1024x1000; regs=126 smem=8192 blocks/SM=2 occ=0.333,,10,100,0.175008,0.17248,0.001439,GFLOP/s,11428.049003474127,2280,10.41% of FP32 peak at median clock,,err/bound=0.00366,model: pred_ms=0.0890 waves=1 resident=1 bound=fma fma_step=1024 lds_step=1024 latency_exposed=1
4632965,23.1.2,13.3,NVIDIA RTX PRO 6000 Blackwell Max-Q Workstation Edition,24105050,2026-09-27T03:47:58-07:00,mbr,1000x1000x1000,f32,"tforge-gpu-pipeline{block-tile=128,128 thread-tile=8,8 tile-k=16 promote=1 vectorize=1}",b128x128-t8x8-k16; grid=8x8x1 block=16x16x1 padded=1024x1024x1008; regs=128 smem=16384 blocks/SM=2 occ=0.333,,10,100,0.156656,0.153568,0.003709,GFLOP/s,12766.826677561025,2280,11.63% of FP32 peak at median clock,,err/bound=0.00366,model: pred_ms=0.0732 waves=1 resident=1 bound=fma fma_step=2048 lds_step=2048 latency_exposed=1
4632965,23.1.2,13.3,NVIDIA RTX PRO 6000 Blackwell Max-Q Workstation Edition,24105050,2026-09-27T03:47:58-07:00,mbr,1000x1000x1000,f32,"tforge-gpu-pipeline{block-tile=128,128 thread-tile=8,8 tile-k=32 promote=1 vectorize=1}",b128x128-t8x8-k32; grid=8x8x1 block=16x16x1 padded=1024x1024x1024; regs=150 smem=32768 blocks/SM=1 occ=0.167,,10,100,0.145952,0.143584,0.001441,GFLOP/s,13703.135277351457,2280,12.49% of FP32 peak at median clock,,err/bound=0.00366,model: pred_ms=0.0659 waves=1 resident=1 bound=fma fma_step=4096 lds_step=4096 latency_exposed=1
4632965,23.1.2,13.3,NVIDIA RTX PRO 6000 Blackwell Max-Q Workstation Edition,24105050,2026-09-27T03:47:58-07:00,mbr,777x1111x333,f32,"tforge-gpu-pipeline{block-tile=32,32 thread-tile=4,4 tile-k=8 promote=1 vectorize=1}",b32x32-t4x4-k8; grid=35x25x1 block=8x8x1 padded=800x1120x336; regs=64 smem=2048 blocks/SM=16 occ=0.667,,10,100,0.043872,0.039264,0.001428,GFLOP/s,13104.542806345733,2280,11.94% of FP32 peak at median clock,,err/bound=0.0147,model: pred_ms=0.0134 waves=1 resident=5 bound=smem fma_step=64 lds_step=128 latency_exposed=1
4632965,23.1.2,13.3,NVIDIA RTX PRO 6000 Blackwell Max-Q Workstation Edition,24105050,2026-09-27T03:47:58-07:00,mbr,777x1111x333,f32,"tforge-gpu-pipeline{block-tile=32,32 thread-tile=4,4 tile-k=16 promote=1 vectorize=1}",b32x32-t4x4-k16; grid=35x25x1 block=8x8x1 padded=800x1120x336; regs=70 smem=4096 blocks/SM=14 occ=0.583,,10,100,0.04,0.037088,0.001115,GFLOP/s,14373.062549999999,2280,13.10% of FP32 peak at median clock,,err/bound=0.0147,model: pred_ms=0.0118 waves=1 resident=5 bound=smem fma_step=128 lds_step=256 latency_exposed=0
4632965,23.1.2,13.3,NVIDIA RTX PRO 6000 Blackwell Max-Q Workstation Edition,24105050,2026-09-27T03:47:58-07:00,mbr,777x1111x333,f32,"tforge-gpu-pipeline{block-tile=32,32 thread-tile=4,4 tile-k=32 promote=1 vectorize=1}",b32x32-t4x4-k32; grid=35x25x1 block=8x8x1 padded=800x1120x352; regs=80 smem=8192 blocks/SM=11 occ=0.458,,10,100,0.04016,0.0376,0.001464,GFLOP/s,14315.79935258964,2280,13.05% of FP32 peak at median clock,,err/bound=0.0147,model: pred_ms=0.0124 waves=1 resident=5 bound=smem fma_step=256 lds_step=512 latency_exposed=0
4632965,23.1.2,13.3,NVIDIA RTX PRO 6000 Blackwell Max-Q Workstation Edition,24105050,2026-09-27T03:47:58-07:00,mbr,777x1111x333,f32,"tforge-gpu-pipeline{block-tile=32,32 thread-tile=8,4 tile-k=8 promote=1 vectorize=1}",b32x32-t8x4-k8; grid=35x25x1 block=8x4x1 padded=800x1120x336; regs=88 smem=2048 blocks/SM=20 occ=0.417,,10,100,0.048208,0.044064,0.001355,GFLOP/s,11925.873340524393,2280,10.87% of FP32 peak at median clock,,err/bound=0.0147,model: pred_ms=0.0128 waves=1 resident=5 bound=smem fma_step=64 lds_step=96 latency_exposed=1
4632965,23.1.2,13.3,NVIDIA RTX PRO 6000 Blackwell Max-Q Workstation Edition,24105050,2026-09-27T03:47:58-07:00,mbr,777x1111x333,f32,"tforge-gpu-pipeline{block-tile=32,32 thread-tile=8,4 tile-k=16 promote=1 vectorize=1}",b32x32-t8x4-k16; grid=35x25x1 block=8x4x1 padded=800x1120x336; regs=94 smem=4096 blocks/SM=20 occ=0.417,,10,100,0.044096,0.041088,0.00102,GFLOP/s,13037.974011248183,2280,11.88% of FP32 peak at median clock,,err/bound=0.0147,model: pred_ms=0.0088 waves=1 resident=5 bound=smem fma_step=128 lds_step=192 latency_exposed=0
4632965,23.1.2,13.3,NVIDIA RTX PRO 6000 Blackwell Max-Q Workstation Edition,24105050,2026-09-27T03:47:58-07:00,mbr,777x1111x333,f32,"tforge-gpu-pipeline{block-tile=32,32 thread-tile=8,4 tile-k=32 promote=1 vectorize=1}",b32x32-t8x4-k32; grid=35x25x1 block=8x4x1 padded=800x1120x352; regs=110 smem=8192 blocks/SM=11 occ=0.229,,10,100,0.04224,0.03968,0.001527,GFLOP/s,13610.8546875,2280,12.40% of FP32 peak at median clock,,err/bound=0.0147,model: pred_ms=0.0093 waves=1 resident=5 bound=smem fma_step=256 lds_step=384 latency_exposed=0
4632965,23.1.2,13.3,NVIDIA RTX PRO 6000 Blackwell Max-Q Workstation Edition,24105050,2026-09-27T03:47:58-07:00,mbr,777x1111x333,f32,"tforge-gpu-pipeline{block-tile=32,32 thread-tile=4,8 tile-k=8 promote=1 vectorize=1}",b32x32-t4x8-k8; grid=35x25x1 block=4x8x1 padded=800x1120x336; regs=90 smem=2048 blocks/SM=20 occ=0.417,,10,100,0.051968,0.048256,0.001236,GFLOP/s,11063.009967672415,2280,10.08% of FP32 peak at median clock,,err/bound=0.0147,model: pred_ms=0.0128 waves=1 resident=5 bound=smem fma_step=64 lds_step=96 latency_exposed=1
4632965,23.1.2,13.3,NVIDIA RTX PRO 6000 Blackwell Max-Q Workstation Edition,24105050,2026-09-27T03:47:58-07:00,mbr,777x1111x333,f32,"tforge-gpu-pipeline{block-tile=32,32 thread-tile=4,8 tile-k=16 promote=1 vectorize=1}",b32x32-t4x8-k16; grid=35x25x1 block=4x8x1 padded=800x1120x336; regs=96 smem=4096 blocks/SM=20 occ=0.417,,10,100,0.046336,0.04336,0.001605,GFLOP/s,12407.685212361877,2280,11.31% of FP32 peak at median clock,,err/bound=0.0147,model: pred_ms=0.0088 waves=1 resident=5 bound=smem fma_step=128 lds_step=192 latency_exposed=0
4632965,23.1.2,13.3,NVIDIA RTX PRO 6000 Blackwell Max-Q Workstation Edition,24105050,2026-09-27T03:47:58-07:00,mbr,777x1111x333,f32,"tforge-gpu-pipeline{block-tile=32,32 thread-tile=4,8 tile-k=32 promote=1 vectorize=1}",b32x32-t4x8-k32; grid=35x25x1 block=4x8x1 padded=800x1120x352; regs=110 smem=8192 blocks/SM=11 occ=0.229,,10,100,0.050288,0.047168,0.001031,GFLOP/s,11432.598273942092,2280,10.42% of FP32 peak at median clock,,err/bound=0.0147,model: pred_ms=0.0093 waves=1 resident=5 bound=smem fma_step=256 lds_step=384 latency_exposed=0
4632965,23.1.2,13.3,NVIDIA RTX PRO 6000 Blackwell Max-Q Workstation Edition,24105050,2026-09-27T03:47:58-07:00,mbr,777x1111x333,f32,"tforge-gpu-pipeline{block-tile=32,64 thread-tile=4,4 tile-k=8 promote=1 vectorize=1}",b32x64-t4x4-k8; grid=18x25x1 block=16x8x1 padded=800x1152x336; regs=56 smem=3072 blocks/SM=9 occ=0.75,,10,100,0.044112,0.04128,0.001228,GFLOP/s,13033.244967355822,2280,11.88% of FP32 peak at median clock,,err/bound=0.0147,model: pred_ms=0.0158 waves=1 resident=3 bound=smem fma_step=128 lds_step=256 latency_exposed=1
4632965,23.1.2,13.3,NVIDIA RTX PRO 6000 Blackwell Max-Q Workstation Edition,24105050,2026-09-27T03:47:58-07:00,mbr,777x1111x333,f32,"tforge-gpu-pipeline{block-tile=32,64 thread-tile=4,4 tile-k=16 promote=1 vectorize=1}",b32x64-t4x4-k16; grid=18x25x1 block=16x8x1 padded=800x1152x336; regs=58 smem=6144 blocks/SM=8 occ=0.667,,10,100,0.040096,0.03696,0.001652,GFLOP/s,14338.649790502792,2280,13.07% of FP32 peak at median clock,,err/bound=0.0147,model: pred_ms=0.0141 waves=1 resident=3 bound=smem fma_step=256 lds_step=512 latency_exposed=0
4632965,23.1.2,13.3,NVIDIA RTX PRO 6000 Blackwell Max-Q Workstation Edition,24105050,2026-09-27T03:47:58-07:00,mbr,777x1111x333,f32,"tforge-gpu-pipeline{block-tile=32,64 thread-tile=4,4 tile-k=32 promote=1 vectorize=1}",b32x64-t4x4-k32; grid=18x25x1 block=16x8x1 padded=800x1152x352; regs=70 smem=12288 blocks/SM=7 occ=0.583,,10,100,0.04,0.035936,0.001006,GFLOP/s,14373.062549999999,2280,13.10% of FP32 peak at median clock,,err/bound=0.0147,model: pred_ms=0.0148 waves=1 resident=3 bound=smem fma_step=512 lds_step=1024 latency_exposed=0
4632965,23.1.2,13.3,NVIDIA RTX PRO 6000 Blackwell Max-Q Workstation Edition,24105050,2026-09-27T03:47:58-07:00,mbr,777x1111x333,f32,"tforge-gpu-pipeline{block-tile=32,64 thread-tile=8,4 tile-k=8 promote=1 vectorize=1}",b32x64-t8x4-k8; grid=18x25x1 block=16x4x1 padded=800x1152x336; regs=84 smem=3072 blocks/SM=10 occ=0.417,,10,100,0.04816,0.044256,0.001148,GFLOP/s,11937.759593023256,2280,10.88% of FP32 peak at median clock,,err/bound=0.0147,model: pred_ms=0.0146 waves=1 resident=3 bound=smem fma_step=128 lds_step=192 latency_exposed=1
4632965,23.1.2,13.3,NVIDIA RTX PRO 6000 Blackwell Max-Q Workstation Edition,24105050,2026-09-27T03:47:58-07:00,mbr,777x1111x333,f32,"tforge-gpu-pipeline{block-tile=32,64 thread-tile=8,4 tile-k=16 promote=1 vectorize=1}",b32x64-t8x4-k16; grid=18x25x1 block=16x4x1 padded=800x1152x336; regs=92 smem=6144 blocks/SM=10 occ=0.417,,10,100,0.044064,0.039968,0.001264,GFLOP/s,13047.442401960785,2280,11.89% of FP32 peak at median clock,,err/bound=0.0147,model: pred_ms=0.0106 waves=1 resident=3 bound=smem fma_step=256 lds_step=384 latency_exposed=0
4632965,23.1.2,13.3,NVIDIA RTX PRO 6000 Blackwell Max-Q Workstation Edition,24105050,2026-09-27T03:47:58-07:00,mbr,777x1111x333,f32,"tforge-gpu-pipeline{block-tile=32,64 thread-tile=8,4 tile-k=32 promote=1 vectorize=1}",b32x64-t8x4-k32; grid=18x25x1 block=16x4x1 padded=800x1152x352; regs=104 smem=12288 blocks/SM=7 occ=0.292,,10,100,0.042112,0.039808,0.001205,GFLOP/s,13652.225066489362,2280,12.44% of FP32 peak at median clock,,err/bound=0.0147,model: pred_ms=0.0111 waves=1 resident=3 bound=smem fma_step=512 lds_step=768 latency_exposed=0
4632965,23.1.2,13.3,NVIDIA RTX PRO 6000 Blackwell Max-Q Workstation Edition,24105050,2026-09-27T03:47:58-07:00,mbr,777x1111x333,f32,"tforge-gpu-pipeline{block-tile=32,64 thread-tile=4,8 tile-k=8 promote=1 vectorize=1}",b32x64-t4x8-k8; grid=18x25x1 block=8x8x1 padded=800x1152x336; regs=80 smem=3072 blocks/SM=12 occ=0.5,,10,100,0.054176,0.050368,0.001551,GFLOP/s,10612.125332250442,2280,9.67% of FP32 peak at median clock,,err/bound=0.0147,model: pred_ms=0.0146 waves=1 resident=3 bound=smem fma_step=128 lds_step=192 latency_exposed=1
4632965,23.1.2,13.3,NVIDIA RTX PRO 6000 Blackwell Max-Q Workstation Edition,24105050,2026-09-27T03:47:58-07:00,mbr,777x1111x333,f32,"tforge-gpu-pipeline{block-tile=32,64 thread-tile=4,8 tile-k=16 promote=1 vectorize=1}",b32x64-t4x8-k16; grid=18x25x1 block=8x8x1 padded=800x1152x336; regs=80 smem=6144 blocks/SM=12 occ=0.5,,10,100,0.050256,0.047392,0.001028,GFLOP/s,11439.877865329512,2280,10.43% of FP32 peak at median clock,,err/bound=0.0147,model: pred_ms=0.0106 waves=1 resident=3 bound=smem fma_step=256 lds_step=384 latency_exposed=0
4632965,23.1.2,13.3,NVIDIA RTX PRO 6000 Blackwell Max-Q Workstation Edition,24105050,2026-09-27T03:47:58-07:00,mbr,777x1111x333,f32,"tforge-gpu-pipeline{block-tile=32,64 thread-tile=4,8 tile-k=32 promote=1 vectorize=1}",b32x64-t4x8-k32; grid=18x25x1 block=8x8x1 padded=800x1152x352; regs=102 smem=12288 blocks/SM=7 occ=0.292,,10,100,0.052544,0.050304,0.001496,GFLOP/s,10941.734584348356,2280,9.97% of FP32 peak at median clock,,err/bound=0.0147,model: pred_ms=0.0111 waves=1 resident=3 bound=smem fma_step=512 lds_step=768 latency_exposed=0
4632965,23.1.2,13.3,NVIDIA RTX PRO 6000 Blackwell Max-Q Workstation Edition,24105050,2026-09-27T03:47:58-07:00,mbr,777x1111x333,f32,"tforge-gpu-pipeline{block-tile=32,64 thread-tile=8,8 tile-k=8 promote=1 vectorize=1}",b32x64-t8x8-k8; grid=18x25x1 block=8x4x1 padded=800x1152x336; regs=128 smem=3072 blocks/SM=16 occ=0.333,,10,100,0.054016,0.050048,0.00127,GFLOP/s,10643.55935278436,2280,9.70% of FP32 peak at median clock,,err/bound=0.0147,model: pred_ms=0.0134 waves=1 resident=3 bound=fma fma_step=128 lds_step=128 latency_exposed=1
4632965,23.1.2,13.3,NVIDIA RTX PRO 6000 Blackwell Max-Q Workstation Edition,24105050,2026-09-27T03:47:58-07:00,mbr,777x1111x333,f32,"tforge-gpu-pipeline{block-tile=32,64 thread-tile=8,8 tile-k=16 promote=1 vectorize=1}",b32x64-t8x8-k16; grid=18x25x1 block=8x4x1 padded=800x1152x336; regs=156 smem=6144 blocks/SM=12 occ=0.25,,10,100,0.052224,0.047296,0.001576,GFLOP/s,11008.779526654413,2280,10.03% of FP32 peak at median clock,,err/bound=0.0147,model: pred_ms=0.0079 waves=1 resident=3 bound=fma fma_step=256 lds_step=256 latency_exposed=1
4632965,23.1.2,13.3,NVIDIA RTX PRO 6000 Blackwell Max-Q Workstation Edition,24105050,2026-09-27T03:47:58-07:00,mbr,777x1111x333,f32,"tforge-gpu-pipeline{block-tile=32,64 thread-tile=8,8 tile-k=32 promote=1 vectorize=1}",b32x64-t8x8-k32; grid=18x25x1 block=8x4x1 padded=800x1152x352; regs=174 smem=12288 blocks/SM=7 occ=0.146,,10,100,0.050144,0.046272,0.001154,GFLOP/s,11465.429602744098,2280,10.45% of FP32 peak at median clock,,err/bound=0.0147,model: pred_ms=0.0074 waves=1 resident=3 bound=fma fma_step=512 lds_step=512 latency_exposed=0
4632965,23.1.2,13.3,NVIDIA RTX PRO 6000 Blackwell Max-Q Workstation Edition,24105050,2026-09-27T03:47:58-07:00,mbr,777x1111x333,f32,"tforge-gpu-pipeline{block-tile=32,128 thread-tile=4,4 tile-k=8 promote=1 vectorize=1}",b32x128-t4x4-k8; grid=9x25x1 block=32x8x1 padded=800x1152x336; regs=64 smem=5120 blocks/SM=4 occ=0.667,,10,100,0.044128,0.042016,0.000976,GFLOP/s,13028.519352791876,2280,11.87% of FP32 peak at median clock,,err/bound=0.0147,model: pred_ms=0.0205 waves=1 resident=2 bound=smem fma_step=256 lds_step=512 latency_exposed=1
4632965,23.1.2,13.3,NVIDIA RTX PRO 6000 Blackwell Max-Q Workstation Edition,24105050,2026-09-27T03:47:58-07:00,mbr,777x1111x333,f32,"tforge-gpu-pipeline{block-tile=32,128 thread-tile=4,4 tile-k=16 promote=1 vectorize=1}",b32x128-t4x4-k16; grid=9x25x1 block=32x8x1 padded=800x1152x336; regs=64 smem=10240 blocks/SM=4 occ=0.667,,10,100,0.044128,0.042016,0.001186,GFLOP/s,13028.519352791876,2280,11.87% of FP32 peak at median clock,,err/bound=0.0147,model: pred_ms=0.0189 waves=1 resident=2 bound=smem fma_step=512 lds_step=1024 latency_exposed=0
4632965,23.1.2,13.3,NVIDIA RTX PRO 6000 Blackwell Max-Q Workstation Edition,24105050,2026-09-27T03:47:58-07:00,mbr,777x1111x333,f32,"tforge-gpu-pipeline{block-tile=32,128 thread-tile=4,4 tile-k=32 promote=1 vectorize=1}",b32x128-t4x4-k32; grid=9x25x1 block=32x8x1 padded=800x1152x352; regs=64 smem=20480 blocks/SM=4 occ=0.667,,10,100,0.044112,0.041536,0.000807,GFLOP/s,13033.244967355822,2280,11.88% of FP32 peak at median clock,,err/bound=0.0147,model: pred_ms=0.0198 waves=1 resident=2 bound=smem fma_step=1024 lds_step=2048 latency_exposed=0
4632965,23.1.2,13.3,NVIDIA RTX PRO 6000 Blackwell Max-Q Workstation Edition,24105050,2026-09-27T03:47:58-07:00,mbr,777x1111x333,f32,"tforge-gpu-pipeline{block-tile=32,128 thread-tile=8,4 tile-k=8 promote=1 vectorize=1}",b32x128-t8x4-k8; grid=9x25x1 block=32x4x1 padded=800x1152x336; regs=82 smem=5120 blocks/SM=5 occ=0.417,,10,100,0.052224,0.04768,0.001466,GFLOP/s,11008.779526654413,2272,10.07% of FP32 peak at median clock,,err/bound=0.0147,model: pred_ms=0.0181 waves=1 resident=2 bound=smem fma_step=256 lds_step=384 latency_exposed=1
4632965,23.1.2,13.3,NVIDIA RTX PRO 6000 Blackwell Max-Q Workstation Edition,24105050,2026-09-27T03:47:58-07:00,mbr,777x1111x333,f32,"tforge-gpu-pipeline{block-tile=32,128 thread-tile=8,4 tile-k=16 promote=1 vectorize=1}",b32x128-t8x4-k16; grid=9x25x1 block=32x4x1 padded=800x1152x336; regs=88 smem=10240 blocks/SM=5 occ=0.417,,10,100,0.046128,0.043712,0.001018,GFLOP/s,12463.633844953174,2280,11.36% of FP32 peak at median clock,,err/bound=0.0147,model: pred_ms=0.0141 waves=1 resident=2 bound=smem fma_step=512 lds_step=768 latency_exposed=0
4632965,23.1.2,13.3,NVIDIA RTX PRO 6000 Blackwell Max-Q Workstation Edition,24105050,2026-09-27T03:47:58-07:00,mbr,777x1111x333,f32,"tforge-gpu-pipeline{block-tile=32,128 thread-tile=8,4 tile-k=32 promote=1 vectorize=1}",b32x128-t8x4-k32; grid=9x25x1 block=32x4x1 padded=800x1152x352; regs=104 smem=20480 blocks/SM=4 occ=0.333,,10,100,0.044128,0.04112,0.001428,GFLOP/s,13028.519352791876,2280,11.87% of FP32 peak at median clock,,err/bound=0.0147,model: pred_ms=0.0148 waves=1 resident=2 bound=smem fma_step=1024 lds_step=1536 latency_exposed=0
4632965,23.1.2,13.3,NVIDIA RTX PRO 6000 Blackwell Max-Q Workstation Edition,24105050,2026-09-27T03:47:58-07:00,mbr,777x1111x333,f32,"tforge-gpu-pipeline{block-tile=32,128 thread-tile=4,8 tile-k=8 promote=1 vectorize=1}",b32x128-t4x8-k8; grid=9x25x1 block=16x8x1 padded=800x1152x336; regs=80 smem=5120 blocks/SM=6 occ=0.5,,10,100,0.062528,0.058368,0.00141,GFLOP/s,9194.64083290686,2280,8.38% of FP32 peak at median clock,,err/bound=0.0147,model: pred_ms=0.0181 waves=1 resident=2 bound=smem fma_step=256 lds_step=384 latency_exposed=1
4632965,23.1.2,13.3,NVIDIA RTX PRO 6000 Blackwell Max-Q Workstation Edition,24105050,2026-09-27T03:47:58-07:00,mbr,777x1111x333,f32,"tforge-gpu-pipeline{block-tile=32,128 thread-tile=4,8 tile-k=16 promote=1 vectorize=1}",b32x128-t4x8-k16; grid=9x25x1 block=16x8x1 padded=800x1152x336; regs=80 smem=10240 blocks/SM=6 occ=0.5,,10,100,0.0584,0.054144,0.001086,GFLOP/s,9844.563390410958,2280,8.97% of FP32 peak at median clock,,err/bound=0.0147,model: pred_ms=0.0141 waves=1 resident=2 bound=smem fma_step=512 lds_step=768 latency_exposed=0
4632965,23.1.2,13.3,NVIDIA RTX PRO 6000 Blackwell Max-Q Workstation Edition,24105050,2026-09-27T03:47:58-07:00,mbr,777x1111x333,f32,"tforge-gpu-pipeline{block-tile=32,128 thread-tile=4,8 tile-k=32 promote=1 vectorize=1}",b32x128-t4x8-k32; grid=9x25x1 block=16x8x1 padded=800x1152x352; regs=100 smem=20480 blocks/SM=4 occ=0.333,,10,100,0.05424,0.051936,0.001157,GFLOP/s,10599.60365044248,2280,9.66% of FP32 peak at median clock,,err/bound=0.0147,model: pred_ms=0.0148 waves=1 resident=2 bound=smem fma_step=1024 lds_step=1536 latency_exposed=0
4632965,23.1.2,13.3,NVIDIA RTX PRO 6000 Blackwell Max-Q Workstation Edition,24105050,2026-09-27T03:47:58-07:00,mbr,777x1111x333,f32,"tforge-gpu-pipeline{block-tile=32,128 thread-tile=8,8 tile-k=8 promote=1 vectorize=1}",b32x128-t8x8-k8; grid=9x25x1 block=16x4x1 padded=800x1152x336; regs=128 smem=5120 blocks/SM=8 occ=0.333,,10,100,0.056224,0.052128,0.00135,GFLOP/s,10225.570966135458,2280,9.32% of FP32 peak at median clock,,err/bound=0.0147,model: pred_ms=0.0158 waves=1 resident=2 bound=fma fma_step=256 lds_step=256 latency_exposed=1
4632965,23.1.2,13.3,NVIDIA RTX PRO 6000 Blackwell Max-Q Workstation Edition,24105050,2026-09-27T03:47:58-07:00,mbr,777x1111x333,f32,"tforge-gpu-pipeline{block-tile=32,128 thread-tile=8,8 tile-k=16 promote=1 vectorize=1}",b32x128-t8x8-k16; grid=9x25x1 block=16x4x1 padded=800x1152x336; regs=152 smem=10240 blocks/SM=6 occ=0.25,,10,100,0.0564,0.053824,0.001822,GFLOP/s,10193.661382978722,2280,9.29% of FP32 peak at median clock,,err/bound=0.0147,model: pred_ms=0.0102 waves=1 resident=2 bound=fma fma_step=512 lds_step=512 latency_exposed=1
4632965,23.1.2,13.3,NVIDIA RTX PRO 6000 Blackwell Max-Q Workstation Edition,24105050,2026-09-27T03:47:58-07:00,mbr,777x1111x333,f32,"tforge-gpu-pipeline{block-tile=32,128 thread-tile=8,8 tile-k=32 promote=1 vectorize=1}",b32x128-t8x8-k32; grid=9x25x1 block=16x4x1 padded=800x1152x352; regs=158 smem=20480 blocks/SM=4 occ=0.167,,10,100,0.056512,0.053984,0.001491,GFLOP/s,10173.458769818799,2280,9.27% of FP32 peak at median clock,,err/bound=0.0147,model: pred_ms=0.0099 waves=1 resident=2 bound=fma fma_step=1024 lds_step=1024 latency_exposed=0
4632965,23.1.2,13.3,NVIDIA RTX PRO 6000 Blackwell Max-Q Workstation Edition,24105050,2026-09-27T03:47:58-07:00,mbr,777x1111x333,f32,"tforge-gpu-pipeline{block-tile=64,32 thread-tile=4,4 tile-k=8 promote=1 vectorize=1}",b64x32-t4x4-k8; grid=35x13x1 block=8x16x1 padded=832x1120x336; regs=56 smem=3072 blocks/SM=9 occ=0.75,,10,100,0.046176,0.042016,0.001359,GFLOP/s,12450.677884615385,2280,11.35% of FP32 peak at median clock,,err/bound=0.0147,model: pred_ms=0.0158 waves=1 resident=3 bound=smem fma_step=128 lds_step=256 latency_exposed=1
4632965,23.1.2,13.3,NVIDIA RTX PRO 6000 Blackwell Max-Q Workstation Edition,24105050,2026-09-27T03:47:58-07:00,mbr,777x1111x333,f32,"tforge-gpu-pipeline{block-tile=64,32 thread-tile=4,4 tile-k=16 promote=1 vectorize=1}",b64x32-t4x4-k16; grid=35x13x1 block=8x16x1 padded=832x1120x336; regs=58 smem=6144 blocks/SM=8 occ=0.667,,10,100,0.041952,0.039232,0.000987,GFLOP/s,13704.293049199085,2280,12.49% of FP32 peak at median clock,,err/bound=0.0147,model: pred_ms=0.0141 waves=1 resident=3 bound=smem fma_step=256 lds_step=512 latency_exposed=0
4632965,23.1.2,13.3,NVIDIA RTX PRO 6000 Blackwell Max-Q Workstation Edition,24105050,2026-09-27T03:47:58-07:00,mbr,777x1111x333,f32,"tforge-gpu-pipeline{block-tile=64,32 thread-tile=4,4 tile-k=32 promote=1 vectorize=1}",b64x32-t4x4-k32; grid=35x13x1 block=8x16x1 padded=832x1120x352; regs=70 smem=12288 blocks/SM=7 occ=0.583,,10,100,0.042016,0.037824,0.00096,GFLOP/s,13683.41826923077,2280,12.47% of FP32 peak at median clock,,err/bound=0.0147,model: pred_ms=0.0148 waves=1 resident=3 bound=smem fma_step=512 lds_step=1024 latency_exposed=0
4632965,23.1.2,13.3,NVIDIA RTX PRO 6000 Blackwell Max-Q Workstation Edition,24105050,2026-09-27T03:47:58-07:00,mbr,777x1111x333,f32,"tforge-gpu-pipeline{block-tile=64,32 thread-tile=8,4 tile-k=8 promote=1 vectorize=1}",b64x32-t8x4-k8; grid=35x13x1 block=8x8x1 padded=832x1120x336; regs=84 smem=3072 blocks/SM=10 occ=0.417,,10,100,0.048096,0.043424,0.001257,GFLOP/s,11953.644835329342,2280,10.89% of FP32 peak at median clock,,err/bound=0.0147,model: pred_ms=0.0146 waves=1 resident=3 bound=smem fma_step=128 lds_step=192 latency_exposed=1
4632965,23.1.2,13.3,NVIDIA RTX PRO 6000 Blackwell Max-Q Workstation Edition,24105050,2026-09-27T03:47:58-07:00,mbr,777x1111x333,f32,"tforge-gpu-pipeline{block-tile=64,32 thread-tile=8,4 tile-k=16 promote=1 vectorize=1}",b64x32-t8x4-k16; grid=35x13x1 block=8x8x1 padded=832x1120x336; regs=92 smem=6144 blocks/SM=10 occ=0.417,,10,100,0.044112,0.041344,0.001015,GFLOP/s,13033.244967355822,2272,11.92% of FP32 peak at median clock,,err/bound=0.0147,model: pred_ms=0.0106 waves=1 resident=3 bound=smem fma_step=256 lds_step=384 latency_exposed=0
4632965,23.1.2,13.3,NVIDIA RTX PRO 6000 Blackwell Max-Q Workstation Edition,24105050,2026-09-27T03:47:58-07:00,mbr,777x1111x333,f32,"tforge-gpu-pipeline{block-tile=64,32 thread-tile=8,4 tile-k=32 promote=1 vectorize=1}",b64x32-t8x4-k32; grid=35x13x1 block=8x8x1 padded=832x1120x352; regs=104 smem=12288 blocks/SM=7 occ=0.292,,10,100,0.04416,0.04,0.001041,GFLOP/s,13019.07839673913,2280,11.86% of FP32 peak at median clock,,err/bound=0.0147,model: pred_ms=0.0111 waves=1 resident=3 bound=smem fma_step=512 lds_step=768 latency_exposed=0
4632965,23.1.2,13.3,NVIDIA RTX PRO 6000 Blackwell Max-Q Workstation Edition,24105050,2026-09-27T03:47:58-07:00,mbr,777x1111x333,f32,"tforge-gpu-pipeline{block-tile=64,32 thread-tile=4,8 tile-k=8 promote=1 vectorize=1}",b64x32-t4x8-k8; grid=35x13x1 block=4x16x1 padded=832x1120x336; regs=76 smem=3072 blocks/SM=12 occ=0.5,,10,100,0.054368,0.051136,0.001063,GFLOP/s,10574.648727192467,2280,9.64% of FP32 peak at median clock,,err/bound=0.0147,model: pred_ms=0.0146 waves=1 resident=3 bound=smem fma_step=128 lds_step=192 latency_exposed=1
4632965,23.1.2,13.3,NVIDIA RTX PRO 6000 Blackwell Max-Q Workstation Edition,24105050,2026-09-27T03:47:58-07:00,mbr,777x1111x333,f32,"tforge-gpu-pipeline{block-tile=64,32 thread-tile=4,8 tile-k=16 promote=1 vectorize=1}",b64x32-t4x8-k16; grid=35x13x1 block=4x16x1 padded=832x1120x336; regs=79 smem=6144 blocks/SM=12 occ=0.5,,10,100,0.050272,0.04768,0.001562,GFLOP/s,11436.236911203057,2280,10.42% of FP32 peak at median clock,,err/bound=0.0147,model: pred_ms=0.0106 waves=1 resident=3 bound=smem fma_step=256 lds_step=384 latency_exposed=0
4632965,23.1.2,13.3,NVIDIA RTX PRO 6000 Blackwell Max-Q Workstation Edition,24105050,2026-09-27T03:47:58-07:00,mbr,777x1111x333,f32,"tforge-gpu-pipeline{block-tile=64,32 thread-tile=4,8 tile-k=32 promote=1 vectorize=1}",b64x32-t4x8-k32; grid=35x13x1 block=4x16x1 padded=832x1120x352; regs=100 smem=12288 blocks/SM=7 occ=0.292,,10,100,0.052448,0.049632,0.001507,GFLOP/s,10961.762164429529,2280,9.99% of FP32 peak at median clock,,err/bound=0.0147,model: pred_ms=0.0111 waves=1 resident=3 bound=smem fma_step=512 lds_step=768 latency_exposed=0
4632965,23.1.2,13.3,NVIDIA RTX PRO 6000 Blackwell Max-Q Workstation Edition,24105050,2026-09-27T03:47:58-07:00,mbr,777x1111x333,f32,"tforge-gpu-pipeline{block-tile=64,32 thread-tile=8,8 tile-k=8 promote=1 vectorize=1}",b64x32-t8x8-k8; grid=35x13x1 block=4x8x1 padded=832x1120x336; regs=146 smem=3072 blocks/SM=12 occ=0.25,,10,100,0.0564,0.054272,0.001667,GFLOP/s,10193.661382978722,2280,9.29% of FP32 peak at median clock,,err/bound=0.0147,model: pred_ms=0.0134 waves=1 resident=3 bound=fma fma_step=128 lds_step=128 latency_exposed=1
4632965,23.1.2,13.3,NVIDIA RTX PRO 6000 Blackwell Max-Q Workstation Edition,24105050,2026-09-27T03:47:58-07:00,mbr,777x1111x333,f32,"tforge-gpu-pipeline{block-tile=64,32 thread-tile=8,8 tile-k=16 promote=1 vectorize=1}",b64x32-t8x8-k16; grid=35x13x1 block=4x8x1 padded=832x1120x336; regs=152 smem=6144 blocks/SM=12 occ=0.25,,10,100,0.056352,0.052288,0.00147,GFLOP/s,10202.344229131177,2280,9.30% of FP32 peak at median clock,,err/bound=0.0147,model: pred_ms=0.0079 waves=1 resident=3 bound=fma fma_step=256 lds_step=256 latency_exposed=1
4632965,23.1.2,13.3,NVIDIA RTX PRO 6000 Blackwell Max-Q Workstation Edition,24105050,2026-09-27T03:47:58-07:00,mbr,777x1111x333,f32,"tforge-gpu-pipeline{block-tile=64,32 thread-tile=8,8 tile-k=32 promote=1 vectorize=1}",b64x32-t8x8-k32; grid=35x13x1 block=4x8x1 padded=832x1120x352; regs=174 smem=12288 blocks/SM=7 occ=0.146,,10,100,0.054336,0.050272,0.001078,GFLOP/s,10580.876435512368,2280,9.64% of FP32 peak at median clock,,err/bound=0.0147,model: pred_ms=0.0074 waves=1 resident=3 bound=fma fma_step=512 lds_step=512 latency_exposed=0
4632965,23.1.2,13.3,NVIDIA RTX PRO 6000 Blackwell Max-Q Workstation Edition,24105050,2026-09-27T03:47:58-07:00,mbr,777x1111x333,f32,"tforge-gpu-pipeline{block-tile=64,64 thread-tile=4,4 tile-k=8 promote=1 vectorize=1}",b64x64-t4x4-k8; grid=18x13x1 block=16x16x1 padded=832x1152x336; regs=64 smem=4096 blocks/SM=4 occ=0.667,,10,100,0.048128,0.043904,0.001406,GFLOP/s,11945.696933178191,2280,10.89% of FP32 peak at median clock,,err/bound=0.0147,model: pred_ms=0.0205 waves=1 resident=2 bound=smem fma_step=256 lds_step=512 latency_exposed=1
4632965,23.1.2,13.3,NVIDIA RTX PRO 6000 Blackwell Max-Q Workstation Edition,24105050,2026-09-27T03:47:58-07:00,mbr,777x1111x333,f32,"tforge-gpu-pipeline{block-tile=64,64 thread-tile=4,4 tile-k=16 promote=1 vectorize=1}",b64x64-t4x4-k16; grid=18x13x1 block=16x16x1 padded=832x1152x336; regs=64 smem=8192 blocks/SM=4 occ=0.667,,10,100,0.044016,0.039104,0.001249,GFLOP/s,13061.670801526718,2280,11.90% of FP32 peak at median clock,,err/bound=0.0147,model: pred_ms=0.0189 waves=1 resident=2 bound=smem fma_step=512 lds_step=1024 latency_exposed=0
4632965,23.1.2,13.3,NVIDIA RTX PRO 6000 Blackwell Max-Q Workstation Edition,24105050,2026-09-27T03:47:58-07:00,mbr,777x1111x333,f32,"tforge-gpu-pipeline{block-tile=64,64 thread-tile=4,4 tile-k=32 promote=1 vectorize=1}",b64x64-t4x4-k32; grid=18x13x1 block=16x16x1 padded=832x1152x352; regs=74 smem=16384 blocks/SM=3 occ=0.5,,10,100,0.044192,0.0416,0.001242,GFLOP/s,13009.651113323678,2272,11.90% of FP32 peak at median clock,,err/bound=0.0147,model: pred_ms=0.0198 waves=1 resident=2 bound=smem fma_step=1024 lds_step=2048 latency_exposed=0
4632965,23.1.2,13.3,NVIDIA RTX PRO 6000 Blackwell Max-Q Workstation Edition,24105050,2026-09-27T03:47:58-07:00,mbr,777x1111x333,f32,"tforge-gpu-pipeline{block-tile=64,64 thread-tile=8,4 tile-k=8 promote=1 vectorize=1}",b64x64-t8x4-k8; grid=18x13x1 block=16x8x1 padded=832x1152x336; regs=82 smem=4096 blocks/SM=5 occ=0.417,,10,100,0.050272,0.047872,0.000995,GFLOP/s,11436.236911203057,2280,10.42% of FP32 peak at median clock,,err/bound=0.0147,model: pred_ms=0.0181 waves=1 resident=2 bound=smem fma_step=256 lds_step=384 latency_exposed=1
4632965,23.1.2,13.3,NVIDIA RTX PRO 6000 Blackwell Max-Q Workstation Edition,24105050,2026-09-27T03:47:58-07:00,mbr,777x1111x333,f32,"tforge-gpu-pipeline{block-tile=64,64 thread-tile=8,4 tile-k=16 promote=1 vectorize=1}",b64x64-t8x4-k16; grid=18x13x1 block=16x8x1 padded=832x1152x336; regs=88 smem=8192 blocks/SM=5 occ=0.417,,10,100,0.044176,0.041088,0.001408,GFLOP/s,13014.363047808765,2280,11.86% of FP32 peak at median clock,,err/bound=0.0147,model: pred_ms=0.0141 waves=1 resident=2 bound=smem fma_step=512 lds_step=768 latency_exposed=0
4632965,23.1.2,13.3,NVIDIA RTX PRO 6000 Blackwell Max-Q Workstation Edition,24105050,2026-09-27T03:47:58-07:00,mbr,777x1111x333,f32,"tforge-gpu-pipeline{block-tile=64,64 thread-tile=8,4 tile-k=32 promote=1 vectorize=1}",b64x64-t8x4-k32; grid=18x13x1 block=16x8x1 padded=832x1152x352; regs=94 smem=16384 blocks/SM=5 occ=0.417,,10,100,0.044096,0.040896,0.001253,GFLOP/s,13037.974011248183,2280,11.88% of FP32 peak at median clock,,err/bound=0.0147,model: pred_ms=0.0148 waves=1 resident=2 bound=smem fma_step=1024 lds_step=1536 latency_exposed=0
4632965,23.1.2,13.3,NVIDIA RTX PRO 6000 Blackwell Max-Q Workstation Edition,24105050,2026-09-27T03:47:58-07:00,mbr,777x1111x333,f32,"tforge-gpu-pipeline{block-tile=64,64 thread-tile=4,8 tile-k=8 promote=1 vectorize=1}",b64x64-t4x8-k8; grid=18x13x1 block=8x16x1 padded=832x1152x336; regs=76 smem=4096 blocks/SM=6 occ=0.5,,10,100,0.066576,0.064,0.001319,GFLOP/s,8635.581921413122,2280,7.87% of FP32 peak at median clock,,err/bound=0.0147,model: pred_ms=0.0181 waves=1 resident=2 bound=smem fma_step=256 lds_step=384 latency_exposed=1
4632965,23.1.2,13.3,NVIDIA RTX PRO 6000 Blackwell Max-Q Workstation Edition,24105050,2026-09-27T03:47:58-07:00,mbr,777x1111x333,f32,"tforge-gpu-pipeline{block-tile=64,64 thread-tile=4,8 tile-k=16 promote=1 vectorize=1}",b64x64-t4x8-k16; grid=18x13x1 block=8x16x1 padded=832x1152x336; regs=80 smem=8192 blocks/SM=6 occ=0.5,,10,100,0.060528,0.056416,0.001127,GFLOP/s,9498.455293417921,2280,8.66% of FP32 peak at median clock,,err/bound=0.0147,model: pred_ms=0.0141 waves=1 resident=2 bound=smem fma_step=512 lds_step=768 latency_exposed=0
4632965,23.1.2,13.3,NVIDIA RTX PRO 6000 Blackwell Max-Q Workstation Edition,24105050,2026-09-27T03:47:58-07:00,mbr,777x1111x333,f32,"tforge-gpu-pipeline{block-tile=64,64 thread-tile=4,8 tile-k=32 promote=1 vectorize=1}",b64x64-t4x8-k32; grid=18x13x1 block=8x16x1 padded=832x1152x352; regs=96 smem=16384 blocks/SM=5 occ=0.417,,10,100,0.056384,0.053984,0.001131,GFLOP/s,10196.554022417708,2280,9.29% of FP32 peak at median clock,,err/bound=0.0147,model: pred_ms=0.0148 waves=1 resident=2 bound=smem fma_step=1024 lds_step=1536 latency_exposed=0
4632965,23.1.2,13.3,NVIDIA RTX PRO 6000 Blackwell Max-Q Workstation Edition,24105050,2026-09-27T03:47:58-07:00,mbr,777x1111x333,f32,"tforge-gpu-pipeline{block-tile=64,64 thread-tile=8,8 tile-k=8 promote=1 vectorize=1}",b64x64-t8x8-k8; grid=18x13x1 block=8x8x1 padded=832x1152x336; regs=146 smem=4096 blocks/SM=6 occ=0.25,,10,100,0.056416,0.053984,0.001234,GFLOP/s,10190.770384288144,2280,9.29% of FP32 peak at median clock,,err/bound=0.0147,model: pred_ms=0.0158 waves=1 resident=2 bound=fma fma_step=256 lds_step=256 latency_exposed=1
4632965,23.1.2,13.3,NVIDIA RTX PRO 6000 Blackwell Max-Q Workstation Edition,24105050,2026-09-27T03:47:58-07:00,mbr,777x1111x333,f32,"tforge-gpu-pipeline{block-tile=64,64 thread-tile=8,8 tile-k=16 promote=1 vectorize=1}",b64x64-t8x8-k16; grid=18x13x1 block=8x8x1 padded=832x1152x336; regs=150 smem=8192 blocks/SM=6 occ=0.25,,10,100,0.052288,0.04944,0.001322,GFLOP/s,10995.304888310893,2280,10.02% of FP32 peak at median clock,,err/bound=0.0147,model: pred_ms=0.0102 waves=1 resident=2 bound=fma fma_step=512 lds_step=512 latency_exposed=1
4632965,23.1.2,13.3,NVIDIA RTX PRO 6000 Blackwell Max-Q Workstation Edition,24105050,2026-09-27T03:47:58-07:00,mbr,777x1111x333,f32,"tforge-gpu-pipeline{block-tile=64,64 thread-tile=8,8 tile-k=32 promote=1 vectorize=1}",b64x64-t8x8-k32; grid=18x13x1 block=8x8x1 padded=832x1152x352; regs=158 smem=16384 blocks/SM=5 occ=0.208,,10,100,0.0584,0.055584,0.001054,GFLOP/s,9844.563390410958,2280,8.97% of FP32 peak at median clock,,err/bound=0.0147,model: pred_ms=0.0099 waves=1 resident=2 bound=fma fma_step=1024 lds_step=1024 latency_exposed=0
4632965,23.1.2,13.3,NVIDIA RTX PRO 6000 Blackwell Max-Q Workstation Edition,24105050,2026-09-27T03:47:58-07:00,mbr,777x1111x333,f32,"tforge-gpu-pipeline{block-tile=64,128 thread-tile=4,4 tile-k=8 promote=1 vectorize=1}",b64x128-t4x4-k8; grid=9x13x1 block=32x16x1 padded=832x1152x336; regs=63 smem=6144 blocks/SM=2 occ=0.667,,10,100,0.050208,0.047488,0.001385,GFLOP/s,11450.814651051625,2280,10.44% of FP32 peak at median clock,,err/bound=0.0147,model: pred_ms=0.0299 waves=1 resident=1 bound=smem fma_step=512 lds_step=1024 latency_exposed=1
4632965,23.1.2,13.3,NVIDIA RTX PRO 6000 Blackwell Max-Q Workstation Edition,24105050,2026-09-27T03:47:58-07:00,mbr,777x1111x333,f32,"tforge-gpu-pipeline{block-tile=64,128 thread-tile=4,4 tile-k=16 promote=1 vectorize=1}",b64x128-t4x4-k16; grid=9x13x1 block=32x16x1 padded=832x1152x336; regs=64 smem=12288 blocks/SM=2 occ=0.667,,10,100,0.046192,0.041984,0.001244,GFLOP/s,12446.3652147558,2280,11.34% of FP32 peak at median clock,,err/bound=0.0147,model: pred_ms=0.0244 waves=1 resident=1 bound=smem fma_step=1024 lds_step=2048 latency_exposed=1
4632965,23.1.2,13.3,NVIDIA RTX PRO 6000 Blackwell Max-Q Workstation Edition,24105050,2026-09-27T03:47:58-07:00,mbr,777x1111x333,f32,"tforge-gpu-pipeline{block-tile=64,128 thread-tile=4,4 tile-k=32 promote=1 vectorize=1}",b64x128-t4x4-k32; grid=9x13x1 block=32x16x1 padded=832x1152x352; regs=64 smem=24576 blocks/SM=2 occ=0.667,,10,100,0.044096,0.041216,0.001063,GFLOP/s,13037.974011248183,2280,11.88% of FP32 peak at median clock,,err/bound=0.0147,model: pred_ms=0.0227 waves=1 resident=1 bound=smem fma_step=2048 lds_step=4096 latency_exposed=1
4632965,23.1.2,13.3,NVIDIA RTX PRO 6000 Blackwell Max-Q Workstation Edition,24105050,2026-09-27T03:47:58-07:00,mbr,777x1111x333,f32,"tforge-gpu-pipeline{block-tile=64,128 thread-tile=8,4 tile-k=8 promote=1 vectorize=1}",b64x128-t8x4-k8; grid=9x13x1 block=32x8x1 padded=832x1152x336; regs=80 smem=6144 blocks/SM=3 occ=0.5,,10,100,0.05024,0.04608,0.001209,GFLOP/s,11443.521138535032,2272,10.47% of FP32 peak at median clock,,err/bound=0.0147,model: pred_ms=0.0252 waves=1 resident=1 bound=smem fma_step=512 lds_step=768 latency_exposed=1
4632965,23.1.2,13.3,NVIDIA RTX PRO 6000 Blackwell Max-Q Workstation Edition,24105050,2026-09-27T03:47:58-07:00,mbr,777x1111x333,f32,"tforge-gpu-pipeline{block-tile=64,128 thread-tile=8,4 tile-k=16 promote=1 vectorize=1}",b64x128-t8x4-k16; grid=9x13x1 block=32x8x1 padded=832x1152x336; regs=88 smem=12288 blocks/SM=2 occ=0.333,,10,100,0.044064,0.041504,0.001257,GFLOP/s,13047.442401960785,2280,11.89% of FP32 peak at median clock,,err/bound=0.0147,model: pred_ms=0.0197 waves=1 resident=1 bound=smem fma_step=1024 lds_step=1536 latency_exposed=1
4632965,23.1.2,13.3,NVIDIA RTX PRO 6000 Blackwell Max-Q Workstation Edition,24105050,2026-09-27T03:47:58-07:00,mbr,777x1111x333,f32,"tforge-gpu-pipeline{block-tile=64,128 thread-tile=8,4 tile-k=32 promote=1 vectorize=1}",b64x128-t8x4-k32; grid=9x13x1 block=32x8x1 padded=832x1152x352; regs=94 smem=24576 blocks/SM=2 occ=0.333,,10,100,0.043968,0.039072,0.001281,GFLOP/s,13075.930267467247,2280,11.92% of FP32 peak at median clock,,err/bound=0.0147,model: pred_ms=0.0177 waves=1 resident=1 bound=smem fma_step=2048 lds_step=3072 latency_exposed=1
4632965,23.1.2,13.3,NVIDIA RTX PRO 6000 Blackwell Max-Q Workstation Edition,24105050,2026-09-27T03:47:58-07:00,mbr,777x1111x333,f32,"tforge-gpu-pipeline{block-tile=64,128 thread-tile=4,8 tile-k=8 promote=1 vectorize=1}",b64x128-t4x8-k8; grid=9x13x1 block=16x16x1 padded=832x1152x336; regs=80 smem=6144 blocks/SM=3 occ=0.5,,10,100,0.062496,0.059936,0.001205,GFLOP/s,9199.34879032258,2280,8.38% of FP32 peak at median clock,,err/bound=0.0147,model: pred_ms=0.0252 waves=1 resident=1 bound=smem fma_step=512 lds_step=768 latency_exposed=1
4632965,23.1.2,13.3,NVIDIA RTX PRO 6000 Blackwell Max-Q Workstation Edition,24105050,2026-09-27T03:47:58-07:00,mbr,777x1111x333,f32,"tforge-gpu-pipeline{block-tile=64,128 thread-tile=4,8 tile-k=16 promote=1 vectorize=1}",b64x128-t4x8-k16; grid=9x13x1 block=16x16x1 padded=832x1152x336; regs=80 smem=12288 blocks/SM=3 occ=0.5,,10,100,0.058384,0.055616,0.001129,GFLOP/s,9847.261270211016,2280,8.97% of FP32 peak at median clock,,err/bound=0.0147,model: pred_ms=0.0197 waves=1 resident=1 bound=smem fma_step=1024 lds_step=1536 latency_exposed=1
4632965,23.1.2,13.3,NVIDIA RTX PRO 6000 Blackwell Max-Q Workstation Edition,24105050,2026-09-27T03:47:58-07:00,mbr,777x1111x333,f32,"tforge-gpu-pipeline{block-tile=64,128 thread-tile=4,8 tile-k=32 promote=1 vectorize=1}",b64x128-t4x8-k32; grid=9x13x1 block=16x16x1 padded=832x1152x352; regs=80 smem=24576 blocks/SM=3 occ=0.5,,10,100,0.05664,0.054016,0.001651,GFLOP/s,10150.46790254237,2280,9.25% of FP32 peak at median clock,,err/bound=0.0147,model: pred_ms=0.0177 waves=1 resident=1 bound=smem fma_step=2048 lds_step=3072 latency_exposed=1
4632965,23.1.2,13.3,NVIDIA RTX PRO 6000 Blackwell Max-Q Workstation Edition,24105050,2026-09-27T03:47:58-07:00,mbr,777x1111x333,f32,"tforge-gpu-pipeline{block-tile=64,128 thread-tile=8,8 tile-k=8 promote=1 vectorize=1}",b64x128-t8x8-k8; grid=9x13x1 block=16x8x1 padded=832x1152x336; regs=146 smem=6144 blocks/SM=3 occ=0.25,,10,100,0.056384,0.053984,0.001356,GFLOP/s,10196.554022417708,2280,9.29% of FP32 peak at median clock,,err/bound=0.0147,model: pred_ms=0.0205 waves=1 resident=1 bound=fma fma_step=512 lds_step=512 latency_exposed=1
4632965,23.1.2,13.3,NVIDIA RTX PRO 6000 Blackwell Max-Q Workstation Edition,24105050,2026-09-27T03:47:58-07:00,mbr,777x1111x333,f32,"tforge-gpu-pipeline{block-tile=64,128 thread-tile=8,8 tile-k=16 promote=1 vectorize=1}",b64x128-t8x8-k16; grid=9x13x1 block=16x8x1 padded=832x1152x336; regs=146 smem=12288 blocks/SM=3 occ=0.25,,10,100,0.052224,0.048128,0.00134,GFLOP/s,11008.779526654413,2280,10.03% of FP32 peak at median clock,,err/bound=0.0147,model: pred_ms=0.0150 waves=1 resident=1 bound=fma fma_step=1024 lds_step=1024 latency_exposed=1
4632965,23.1.2,13.3,NVIDIA RTX PRO 6000 Blackwell Max-Q Workstation Edition,24105050,2026-09-27T03:47:58-07:00,mbr,777x1111x333,f32,"tforge-gpu-pipeline{block-tile=64,128 thread-tile=8,8 tile-k=32 promote=1 vectorize=1}",b64x128-t8x8-k32; grid=9x13x1 block=16x8x1 padded=832x1152x352; regs=128 smem=24576 blocks/SM=4 occ=0.333,,10,100,0.060576,0.05744,0.001526,GFLOP/s,9490.928783676703,2280,8.65% of FP32 peak at median clock,,err/bound=0.0147,model: pred_ms=0.0128 waves=1 resident=1 bound=fma fma_step=2048 lds_step=2048 latency_exposed=1
4632965,23.1.2,13.3,NVIDIA RTX PRO 6000 Blackwell Max-Q Workstation Edition,24105050,2026-09-27T03:47:58-07:00,mbr,777x1111x333,f32,"tforge-gpu-pipeline{block-tile=128,32 thread-tile=4,4 tile-k=8 promote=1 vectorize=1}",b128x32-t4x4-k8; grid=35x7x1 block=8x32x1 padded=896x1120x336; regs=64 smem=5120 blocks/SM=4 occ=0.667,,10,100,0.051248,0.04784,0.001524,GFLOP/s,11218.43783172026,2280,10.22% of FP32 peak at median clock,,err/bound=0.0147,model: pred_ms=0.0205 waves=1 resident=2 bound=smem fma_step=256 lds_step=512 latency_exposed=1
4632965,23.1.2,13.3,NVIDIA RTX PRO 6000 Blackwell Max-Q Workstation Edition,24105050,2026-09-27T03:47:58-07:00,mbr,777x1111x333,f32,"tforge-gpu-pipeline{block-tile=128,32 thread-tile=4,4 tile-k=16 promote=1 vectorize=1}",b128x32-t4x4-k16; grid=35x7x1 block=8x32x1 padded=896x1120x336; regs=64 smem=10240 blocks/SM=4 occ=0.667,,10,100,0.050272,0.047424,0.001143,GFLOP/s,11436.236911203057,2280,10.42% of FP32 peak at median clock,,err/bound=0.0147,model: pred_ms=0.0189 waves=1 resident=2 bound=smem fma_step=512 lds_step=1024 latency_exposed=0
4632965,23.1.2,13.3,NVIDIA RTX PRO 6000 Blackwell Max-Q Workstation Edition,24105050,2026-09-27T03:47:58-07:00,mbr,777x1111x333,f32,"tforge-gpu-pipeline{block-tile=128,32 thread-tile=4,4 tile-k=32 promote=1 vectorize=1}",b128x32-t4x4-k32; grid=35x7x1 block=8x32x1 padded=896x1120x352; regs=64 smem=20480 blocks/SM=4 occ=0.667,,10,100,0.04824,0.045184,0.001026,GFLOP/s,11917.962313432836,2280,10.86% of FP32 peak at median clock,,err/bound=0.0147,model: pred_ms=0.0198 waves=1 resident=2 bound=smem fma_step=1024 lds_step=2048 latency_exposed=0
4632965,23.1.2,13.3,NVIDIA RTX PRO 6000 Blackwell Max-Q Workstation Edition,24105050,2026-09-27T03:47:58-07:00,mbr,777x1111x333,f32,"tforge-gpu-pipeline{block-tile=128,32 thread-tile=8,4 tile-k=8 promote=1 vectorize=1}",b128x32-t8x4-k8; grid=35x7x1 block=8x16x1 padded=896x1120x336; regs=88 smem=5120 blocks/SM=5 occ=0.417,,10,100,0.053136,0.048032,0.002006,GFLOP/s,10819.830284552845,2280,9.86% of FP32 peak at median clock,,err/bound=0.0147,model: pred_ms=0.0181 waves=1 resident=2 bound=smem fma_step=256 lds_step=384 latency_exposed=1
4632965,23.1.2,13.3,NVIDIA RTX PRO 6000 Blackwell Max-Q Workstation Edition,24105050,2026-09-27T03:47:58-07:00,mbr,777x1111x333,f32,"tforge-gpu-pipeline{block-tile=128,32 thread-tile=8,4 tile-k=16 promote=1 vectorize=1}",b128x32-t8x4-k16; grid=35x7x1 block=8x16x1 padded=896x1120x336; regs=88 smem=10240 blocks/SM=5 occ=0.417,,10,100,0.050176,0.045792,0.001278,GFLOP/s,11458.117466517857,2272,10.48% of FP32 peak at median clock,,err/bound=0.0147,model: pred_ms=0.0141 waves=1 resident=2 bound=smem fma_step=512 lds_step=768 latency_exposed=0
4632965,23.1.2,13.3,NVIDIA RTX PRO 6000 Blackwell Max-Q Workstation Edition,24105050,2026-09-27T03:47:58-07:00,mbr,777x1111x333,f32,"tforge-gpu-pipeline{block-tile=128,32 thread-tile=8,4 tile-k=32 promote=1 vectorize=1}",b128x32-t8x4-k32; grid=35x7x1 block=8x16x1 padded=896x1120x352; regs=104 smem=20480 blocks/SM=4 occ=0.333,,10,100,0.044064,0.040672,0.00096,GFLOP/s,13047.442401960785,2280,11.89% of FP32 peak at median clock,,err/bound=0.0147,model: pred_ms=0.0148 waves=1 resident=2 bound=smem fma_step=1024 lds_step=1536 latency_exposed=0
4632965,23.1.2,13.3,NVIDIA RTX PRO 6000 Blackwell Max-Q Workstation Edition,24105050,2026-09-27T03:47:58-07:00,mbr,777x1111x333,f32,"tforge-gpu-pipeline{block-tile=128,32 thread-tile=4,8 tile-k=8 promote=1 vectorize=1}",b128x32-t4x8-k8; grid=35x7x1 block=4x32x1 padded=896x1120x336; regs=76 smem=5120 blocks/SM=6 occ=0.5,,10,100,0.062624,0.060128,0.001315,GFLOP/s,9180.545829075116,2280,8.37% of FP32 peak at median clock,,err/bound=0.0147,model: pred_ms=0.0181 waves=1 resident=2 bound=smem fma_step=256 lds_step=384 latency_exposed=1
4632965,23.1.2,13.3,NVIDIA RTX PRO 6000 Blackwell Max-Q Workstation Edition,24105050,2026-09-27T03:47:58-07:00,mbr,777x1111x333,f32,"tforge-gpu-pipeline{block-tile=128,32 thread-tile=4,8 tile-k=16 promote=1 vectorize=1}",b128x32-t4x8-k16; grid=35x7x1 block=4x32x1 padded=896x1120x336; regs=80 smem=10240 blocks/SM=6 occ=0.5,,10,100,0.059616,0.056032,0.001721,GFLOP/s,9643.761775362318,2280,8.79% of FP32 peak at median clock,,err/bound=0.0147,model: pred_ms=0.0141 waves=1 resident=2 bound=smem fma_step=512 lds_step=768 latency_exposed=0
4632965,23.1.2,13.3,NVIDIA RTX PRO 6000 Blackwell Max-Q Workstation Edition,24105050,2026-09-27T03:47:58-07:00,mbr,777x1111x333,f32,"tforge-gpu-pipeline{block-tile=128,32 thread-tile=4,8 tile-k=32 promote=1 vectorize=1}",b128x32-t4x8-k32; grid=35x7x1 block=4x32x1 padded=896x1120x352; regs=100 smem=20480 blocks/SM=4 occ=0.333,,10,100,0.052432,0.04992,0.001762,GFLOP/s,10965.107224595666,2280,9.99% of FP32 peak at median clock,,err/bound=0.0147,model: pred_ms=0.0148 waves=1 resident=2 bound=smem fma_step=1024 lds_step=1536 latency_exposed=0
4632965,23.1.2,13.3,NVIDIA RTX PRO 6000 Blackwell Max-Q Workstation Edition,24105050,2026-09-27T03:47:58-07:00,mbr,777x1111x333,f32,"tforge-gpu-pipeline{block-tile=128,32 thread-tile=8,8 tile-k=8 promote=1 vectorize=1}",b128x32-t8x8-k8; grid=35x7x1 block=4x16x1 padded=896x1120x336; regs=128 smem=5120 blocks/SM=8 occ=0.333,,10,100,0.062528,0.059648,0.000896,GFLOP/s,9194.64083290686,2280,8.38% of FP32 peak at median clock,,err/bound=0.0147,model: pred_ms=0.0158 waves=1 resident=2 bound=fma fma_step=256 lds_step=256 latency_exposed=1
4632965,23.1.2,13.3,NVIDIA RTX PRO 6000 Blackwell Max-Q Workstation Edition,24105050,2026-09-27T03:47:58-07:00,mbr,777x1111x333,f32,"tforge-gpu-pipeline{block-tile=128,32 thread-tile=8,8 tile-k=16 promote=1 vectorize=1}",b128x32-t8x8-k16; grid=35x7x1 block=4x16x1 padded=896x1120x336; regs=146 smem=10240 blocks/SM=6 occ=0.25,,10,100,0.062496,0.057728,0.001846,GFLOP/s,9199.34879032258,2280,8.38% of FP32 peak at median clock,,err/bound=0.0147,model: pred_ms=0.0102 waves=1 resident=2 bound=fma fma_step=512 lds_step=512 latency_exposed=1
4632965,23.1.2,13.3,NVIDIA RTX PRO 6000 Blackwell Max-Q Workstation Edition,24105050,2026-09-27T03:47:58-07:00,mbr,777x1111x333,f32,"tforge-gpu-pipeline{block-tile=128,32 thread-tile=8,8 tile-k=32 promote=1 vectorize=1}",b128x32-t8x8-k32; grid=35x7x1 block=4x16x1 padded=896x1120x352; regs=158 smem=20480 blocks/SM=4 occ=0.167,,10,100,0.060496,0.057632,0.000926,GFLOP/s,9503.479601957155,2280,8.66% of FP32 peak at median clock,,err/bound=0.0147,model: pred_ms=0.0099 waves=1 resident=2 bound=fma fma_step=1024 lds_step=1024 latency_exposed=0
4632965,23.1.2,13.3,NVIDIA RTX PRO 6000 Blackwell Max-Q Workstation Edition,24105050,2026-09-27T03:47:58-07:00,mbr,777x1111x333,f32,"tforge-gpu-pipeline{block-tile=128,64 thread-tile=4,4 tile-k=8 promote=1 vectorize=1}",b128x64-t4x4-k8; grid=18x7x1 block=16x32x1 padded=896x1152x336; regs=64 smem=6144 blocks/SM=2 occ=0.667,,10,100,0.052272,0.049472,0.001262,GFLOP/s,10998.670454545456,2280,10.02% of FP32 peak at median clock,,err/bound=0.0147,model: pred_ms=0.0299 waves=1 resident=1 bound=smem fma_step=512 lds_step=1024 latency_exposed=1
4632965,23.1.2,13.3,NVIDIA RTX PRO 6000 Blackwell Max-Q Workstation Edition,24105050,2026-09-27T03:47:58-07:00,mbr,777x1111x333,f32,"tforge-gpu-pipeline{block-tile=128,64 thread-tile=4,4 tile-k=16 promote=1 vectorize=1}",b128x64-t4x4-k16; grid=18x7x1 block=16x32x1 padded=896x1152x336; regs=64 smem=12288 blocks/SM=2 occ=0.667,,10,100,0.04608,0.043776,0.001237,GFLOP/s,12476.616796874998,2280,11.37% of FP32 peak at median clock,,err/bound=0.0147,model: pred_ms=0.0244 waves=1 resident=1 bound=smem fma_step=1024 lds_step=2048 latency_exposed=1
4632965,23.1.2,13.3,NVIDIA RTX PRO 6000 Blackwell Max-Q Workstation Edition,24105050,2026-09-27T03:47:58-07:00,mbr,777x1111x333,f32,"tforge-gpu-pipeline{block-tile=128,64 thread-tile=4,4 tile-k=32 promote=1 vectorize=1}",b128x64-t4x4-k32; grid=18x7x1 block=16x32x1 padded=896x1152x352; regs=64 smem=24576 blocks/SM=2 occ=0.667,,10,100,0.044096,0.04128,0.001477,GFLOP/s,13037.974011248183,2280,11.88% of FP32 peak at median clock,,err/bound=0.0147,model: pred_ms=0.0227 waves=1 resident=1 bound=smem fma_step=2048 lds_step=4096 latency_exposed=1
4632965,23.1.2,13.3,NVIDIA RTX PRO 6000 Blackwell Max-Q Workstation Edition,24105050,2026-09-27T03:47:58-07:00,mbr,777x1111x333,f32,"tforge-gpu-pipeline{block-tile=128,64 thread-tile=8,4 tile-k=8 promote=1 vectorize=1}",b128x64-t8x4-k8; grid=18x7x1 block=16x16x1 padded=896x1152x336; regs=88 smem=6144 blocks/SM=2 occ=0.333,,10,100,0.050208,0.046144,0.001201,GFLOP/s,11450.814651051625,2280,10.44% of FP32 peak at median clock,,err/bound=0.0147,model: pred_ms=0.0252 waves=1 resident=1 bound=smem fma_step=512 lds_step=768 latency_exposed=1
4632965,23.1.2,13.3,NVIDIA RTX PRO 6000 Blackwell Max-Q Workstation Edition,24105050,2026-09-27T03:47:58-07:00,mbr,777x1111x333,f32,"tforge-gpu-pipeline{block-tile=128,64 thread-tile=8,4 tile-k=16 promote=1 vectorize=1}",b128x64-t8x4-k16; grid=18x7x1 block=16x16x1 padded=896x1152x336; regs=88 smem=12288 blocks/SM=2 occ=0.333,,10,100,0.043968,0.03984,0.00156,GFLOP/s,13075.930267467247,2280,11.92% of FP32 peak at median clock,,err/bound=0.0147,model: pred_ms=0.0197 waves=1 resident=1 bound=smem fma_step=1024 lds_step=1536 latency_exposed=1
4632965,23.1.2,13.3,NVIDIA RTX PRO 6000 Blackwell Max-Q Workstation Edition,24105050,2026-09-27T03:47:58-07:00,mbr,777x1111x333,f32,"tforge-gpu-pipeline{block-tile=128,64 thread-tile=8,4 tile-k=32 promote=1 vectorize=1}",b128x64-t8x4-k32; grid=18x7x1 block=16x16x1 padded=896x1152x352; regs=94 smem=24576 blocks/SM=2 occ=0.333,,10,100,0.044032,0.039296,0.001262,GFLOP/s,13056.924554869185,2280,11.90% of FP32 peak at median clock,,err/bound=0.0147,model: pred_ms=0.0177 waves=1 resident=1 bound=smem fma_step=2048 lds_step=3072 latency_exposed=1
4632965,23.1.2,13.3,NVIDIA RTX PRO 6000 Blackwell Max-Q Workstation Edition,24105050,2026-09-27T03:47:58-07:00,mbr,777x1111x333,f32,"tforge-gpu-pipeline{block-tile=128,64 thread-tile=4,8 tile-k=8 promote=1 vectorize=1}",b128x64-t4x8-k8; grid=18x7x1 block=8x32x1 padded=896x1152x336; regs=80 smem=6144 blocks/SM=3 occ=0.5,,10,100,0.066496,0.062464,0.001044,GFLOP/s,8645.971216313763,2280,7.88% of FP32 peak at median clock,,err/bound=0.0147,model: pred_ms=0.0252 waves=1 resident=1 bound=smem fma_step=512 lds_step=768 latency_exposed=1
4632965,23.1.2,13.3,NVIDIA RTX PRO 6000 Blackwell Max-Q Workstation Edition,24105050,2026-09-27T03:47:58-07:00,mbr,777x1111x333,f32,"tforge-gpu-pipeline{block-tile=128,64 thread-tile=4,8 tile-k=16 promote=1 vectorize=1}",b128x64-t4x8-k16; grid=18x7x1 block=8x32x1 padded=896x1152x336; regs=80 smem=12288 blocks/SM=3 occ=0.5,,10,100,0.06048,0.057696,0.001156,GFLOP/s,9505.99375,2280,8.66% of FP32 peak at median clock,,err/bound=0.0147,model: pred_ms=0.0197 waves=1 resident=1 bound=smem fma_step=1024 lds_step=1536 latency_exposed=1
4632965,23.1.2,13.3,NVIDIA RTX PRO 6000 Blackwell Max-Q Workstation Edition,24105050,2026-09-27T03:47:58-07:00,mbr,777x1111x333,f32,"tforge-gpu-pipeline{block-tile=128,64 thread-tile=4,8 tile-k=32 promote=1 vectorize=1}",b128x64-t4x8-k32; grid=18x7x1 block=8x32x1 padded=896x1152x352; regs=80 smem=24576 blocks/SM=3 occ=0.5,,10,100,0.060448,0.0576,0.001227,GFLOP/s,9511.026038909476,2280,8.67% of FP32 peak at median clock,,err/bound=0.0147,model: pred_ms=0.0177 waves=1 resident=1 bound=smem fma_step=2048 lds_step=3072 latency_exposed=1
4632965,23.1.2,13.3,NVIDIA RTX PRO 6000 Blackwell Max-Q Workstation Edition,24105050,2026-09-27T03:47:58-07:00,mbr,777x1111x333,f32,"tforge-gpu-pipeline{block-tile=128,64 thread-tile=8,8 tile-k=8 promote=1 vectorize=1}",b128x64-t8x8-k8; grid=18x7x1 block=8x16x1 padded=896x1152x336; regs=128 smem=6144 blocks/SM=4 occ=0.333,,10,100,0.060464,0.056128,0.001497,GFLOP/s,9508.509228631914,2280,8.67% of FP32 peak at median clock,,err/bound=0.0147,model: pred_ms=0.0205 waves=1 resident=1 bound=fma fma_step=512 lds_step=512 latency_exposed=1
4632965,23.1.2,13.3,NVIDIA RTX PRO 6000 Blackwell Max-Q Workstation Edition,24105050,2026-09-27T03:47:58-07:00,mbr,777x1111x333,f32,"tforge-gpu-pipeline{block-tile=128,64 thread-tile=8,8 tile-k=16 promote=1 vectorize=1}",b128x64-t8x8-k16; grid=18x7x1 block=8x16x1 padded=896x1152x336; regs=150 smem=12288 blocks/SM=3 occ=0.25,,10,100,0.054352,0.051968,0.001169,GFLOP/s,10577.76166470415,2280,9.64% of FP32 peak at median clock,,err/bound=0.0147,model: pred_ms=0.0150 waves=1 resident=1 bound=fma fma_step=1024 lds_step=1024 latency_exposed=1
4632965,23.1.2,13.3,NVIDIA RTX PRO 6000 Blackwell Max-Q Workstation Edition,24105050,2026-09-27T03:47:58-07:00,mbr,777x1111x333,f32,"tforge-gpu-pipeline{block-tile=128,64 thread-tile=8,8 tile-k=32 promote=1 vectorize=1}",b128x64-t8x8-k32; grid=18x7x1 block=8x16x1 padded=896x1152x352; regs=128 smem=24576 blocks/SM=4 occ=0.333,,10,100,0.06456,0.06176,0.001074,GFLOP/s,8905.243215613384,2280,8.12% of FP32 peak at median clock,,err/bound=0.0147,model: pred_ms=0.0128 waves=1 resident=1 bound=fma fma_step=2048 lds_step=2048 latency_exposed=1
4632965,23.1.2,13.3,NVIDIA RTX PRO 6000 Blackwell Max-Q Workstation Edition,24105050,2026-09-27T03:47:58-07:00,mbr,777x1111x333,f32,"tforge-gpu-pipeline{block-tile=128,128 thread-tile=4,4 tile-k=8 promote=1 vectorize=1}",b128x128-t4x4-k8; grid=9x7x1 block=32x32x1 padded=896x1152x336; regs=64 smem=8192 blocks/SM=1 occ=0.667,,10,100,0.07056,0.067456,0.001085,GFLOP/s,8147.994642857143,2280,7.43% of FP32 peak at median clock,,err/bound=0.0147,model: pred_ms=0.0488 waves=1 resident=1 bound=smem fma_step=1024 lds_step=2048 latency_exposed=1
4632965,23.1.2,13.3,NVIDIA RTX PRO 6000 Blackwell Max-Q Workstation Edition,24105050,2026-09-27T03:47:58-07:00,mbr,777x1111x333,f32,"tforge-gpu-pipeline{block-tile=128,128 thread-tile=4,4 tile-k=16 promote=1 vectorize=1}",b128x128-t4x4-k16; grid=9x7x1 block=32x32x1 padded=896x1152x336; regs=64 smem=16384 blocks/SM=1 occ=0.667,,10,100,0.064368,0.060416,0.001309,GFLOP/s,8931.806208053693,2280,8.14% of FP32 peak at median clock,,err/bound=0.0147,model: pred_ms=0.0433 waves=1 resident=1 bound=smem fma_step=2048 lds_step=4096 latency_exposed=1
4632965,23.1.2,13.3,NVIDIA RTX PRO 6000 Blackwell Max-Q Workstation Edition,24105050,2026-09-27T03:47:58-07:00,mbr,777x1111x333,f32,"tforge-gpu-pipeline{block-tile=128,128 thread-tile=4,4 tile-k=32 promote=1 vectorize=1}",b128x128-t4x4-k32; grid=9x7x1 block=32x32x1 padded=896x1152x352; regs=64 smem=32768 blocks/SM=1 occ=0.667,,10,100,0.063888,0.059488,0.001471,GFLOP/s,8998.912190082645,2280,8.20% of FP32 peak at median clock,,err/bound=0.0147,model: pred_ms=0.0424 waves=1 resident=1 bound=smem fma_step=4096 lds_step=8192 latency_exposed=1
4632965,23.1.2,13.3,NVIDIA RTX PRO 6000 Blackwell Max-Q Workstation Edition,24105050,2026-09-27T03:47:58-07:00,mbr,777x1111x333,f32,"tforge-gpu-pipeline{block-tile=128,128 thread-tile=8,4 tile-k=8 promote=1 vectorize=1}",b128x128-t8x4-k8; grid=9x7x1 block=32x16x1 padded=896x1152x336; regs=92 smem=8192 blocks/SM=1 occ=0.333,,10,100,0.06648,0.064256,0.001126,GFLOP/s,8648.052075812275,2280,7.88% of FP32 peak at median clock,,err/bound=0.0147,model: pred_ms=0.0393 waves=1 resident=1 bound=smem fma_step=1024 lds_step=1536 latency_exposed=1
4632965,23.1.2,13.3,NVIDIA RTX PRO 6000 Blackwell Max-Q Workstation Edition,24105050,2026-09-27T03:47:58-07:00,mbr,777x1111x333,f32,"tforge-gpu-pipeline{block-tile=128,128 thread-tile=8,4 tile-k=16 promote=1 vectorize=1}",b128x128-t8x4-k16; grid=9x7x1 block=32x16x1 padded=896x1152x336; regs=92 smem=16384 blocks/SM=1 occ=0.333,,10,100,0.0584,0.056032,0.001022,GFLOP/s,9844.563390410958,2280,8.97% of FP32 peak at median clock,,err/bound=0.0147,model: pred_ms=0.0338 waves=1 resident=1 bound=smem fma_step=2048 lds_step=3072 latency_exposed=1
4632965,23.1.2,13.3,NVIDIA RTX PRO 6000 Blackwell Max-Q Workstation Edition,24105050,2026-09-27T03:47:58-07:00,mbr,777x1111x333,f32,"tforge-gpu-pipeline{block-tile=128,128 thread-tile=8,4 tile-k=32 promote=1 vectorize=1}",b128x128-t8x4-k32; grid=9x7x1 block=32x16x1 padded=896x1152x352; regs=92 smem=32768 blocks/SM=1 occ=0.333,,10,100,0.0584,0.05456,0.001346,GFLOP/s,9844.563390410958,2280,8.97% of FP32 peak at median clock,,err/bound=0.0147,model: pred_ms=0.0325 waves=1 resident=1 bound=smem fma_step=4096 lds_step=6144 latency_exposed=1
4632965,23.1.2,13.3,NVIDIA RTX PRO 6000 Blackwell Max-Q Workstation Edition,24105050,2026-09-27T03:47:58-07:00,mbr,777x1111x333,f32,"tforge-gpu-pipeline{block-tile=128,128 thread-tile=4,8 tile-k=8 promote=1 vectorize=1}",b128x128-t4x8-k8; grid=9x7x1 block=16x32x1 padded=896x1152x336; regs=84 smem=8192 blocks/SM=1 occ=0.333,,10,100,0.0912,0.087136,0.001033,GFLOP/s,6303.974802631578,2280,5.74% of FP32 peak at median clock,,err/bound=0.0147,model: pred_ms=0.0393 waves=1 resident=1 bound=smem fma_step=1024 lds_step=1536 latency_exposed=1
4632965,23.1.2,13.3,NVIDIA RTX PRO 6000 Blackwell Max-Q Workstation Edition,24105050,2026-09-27T03:47:58-07:00,mbr,777x1111x333,f32,"tforge-gpu-pipeline{block-tile=128,128 thread-tile=4,8 tile-k=16 promote=1 vectorize=1}",b128x128-t4x8-k16; grid=9x7x1 block=16x32x1 padded=896x1152x336; regs=88 smem=16384 blocks/SM=1 occ=0.333,,10,100,0.085024,0.08096,0.001401,GFLOP/s,6761.8849030861875,2280,6.16% of FP32 peak at median clock,,err/bound=0.0147,model: pred_ms=0.0338 waves=1 resident=1 bound=smem fma_step=2048 lds_step=3072 latency_exposed=1
4632965,23.1.2,13.3,NVIDIA RTX PRO 6000 Blackwell Max-Q Workstation Edition,24105050,2026-09-27T03:47:58-07:00,mbr,777x1111x333,f32,"tforge-gpu-pipeline{block-tile=128,128 thread-tile=4,8 tile-k=32 promote=1 vectorize=1}",b128x128-t4x8-k32; grid=9x7x1 block=16x32x1 padded=896x1152x352; regs=88 smem=32768 blocks/SM=1 occ=0.333,,10,100,0.08512,0.0824,0.001385,GFLOP/s,6754.258717105264,2280,6.16% of FP32 peak at median clock,,err/bound=0.0147,model: pred_ms=0.0325 waves=1 resident=1 bound=smem fma_step=4096 lds_step=6144 latency_exposed=1
4632965,23.1.2,13.3,NVIDIA RTX PRO 6000 Blackwell Max-Q Workstation Edition,24105050,2026-09-27T03:47:58-07:00,mbr,777x1111x333,f32,"tforge-gpu-pipeline{block-tile=128,128 thread-tile=8,8 tile-k=8 promote=1 vectorize=1}",b128x128-t8x8-k8; grid=9x7x1 block=16x16x1 padded=896x1152x336; regs=126 smem=8192 blocks/SM=2 occ=0.333,,10,100,0.078944,0.076512,0.001141,GFLOP/s,7282.662418929874,2280,6.64% of FP32 peak at median clock,,err/bound=0.0147,model: pred_ms=0.0299 waves=1 resident=1 bound=fma fma_step=1024 lds_step=1024 latency_exposed=1
4632965,23.1.2,13.3,NVIDIA RTX PRO 6000 Blackwell Max-Q Workstation Edition,24105050,2026-09-27T03:47:58-07:00,mbr,777x1111x333,f32,"tforge-gpu-pipeline{block-tile=128,128 thread-tile=8,8 tile-k=16 promote=1 vectorize=1}",b128x128-t8x8-k16; grid=9x7x1 block=16x16x1 padded=896x1152x336; regs=128 smem=16384 blocks/SM=2 occ=0.333,,10,100,0.072704,0.070304,0.001107,GFLOP/s,7907.714871258802,2280,7.21% of FP32 peak at median clock,,err/bound=0.0147,model: pred_ms=0.0244 waves=1 resident=1 bound=fma fma_step=2048 lds_step=2048 latency_exposed=1
4632965,23.1.2,13.3,NVIDIA RTX PRO 6000 Blackwell Max-Q Workstation Edition,24105050,2026-09-27T03:47:58-07:00,mbr,777x1111x333,f32,"tforge-gpu-pipeline{block-tile=128,128 thread-tile=8,8 tile-k=32 promote=1 vectorize=1}",b128x128-t8x8-k32; grid=9x7x1 block=16x16x1 padded=896x1152x352; regs=150 smem=32768 blocks/SM=1 occ=0.167,,10,100,0.07248,0.068736,0.001206,GFLOP/s,7932.153725165562,2280,7.23% of FP32 peak at median clock,,err/bound=0.0147,model: pred_ms=0.0227 waves=1 resident=1 bound=fma fma_step=4096 lds_step=4096 latency_exposed=1
4632965,23.1.2,13.3,NVIDIA RTX PRO 6000 Blackwell Max-Q Workstation Edition,24105050,2026-09-27T03:47:58-07:00,mbr,3000x2000x1000,f32,"tforge-gpu-pipeline{block-tile=32,32 thread-tile=4,4 tile-k=8 promote=1 vectorize=1}",b32x32-t4x4-k8; grid=63x94x1 block=8x8x1 padded=3008x2016x1000; regs=64 smem=2048 blocks/SM=16 occ=0.667,,10,100,0.48512,0.48256,0.00171,GFLOP/s,24736.147757255938,2280,22.54% of FP32 peak at median clock,,err/bound=0.00467,model: pred_ms=0.2246 waves=2 resident=16 bound=smem fma_step=64 lds_step=128 latency_exposed=0
4632965,23.1.2,13.3,NVIDIA RTX PRO 6000 Blackwell Max-Q Workstation Edition,24105050,2026-09-27T03:47:58-07:00,mbr,3000x2000x1000,f32,"tforge-gpu-pipeline{block-tile=32,32 thread-tile=4,4 tile-k=16 promote=1 vectorize=1}",b32x32-t4x4-k16; grid=63x94x1 block=8x8x1 padded=3008x2016x1008; regs=70 smem=4096 blocks/SM=14 occ=0.583,,10,100,0.469136,0.46624,0.001493,GFLOP/s,25578.936598342483,2280,23.31% of FP32 peak at median clock,,err/bound=0.00467,model: pred_ms=0.2971 waves=3 resident=14 bound=smem fma_step=128 lds_step=256 latency_exposed=0
4632965,23.1.2,13.3,NVIDIA RTX PRO 6000 Blackwell Max-Q Workstation Edition,24105050,2026-09-27T03:47:58-07:00,mbr,3000x2000x1000,f32,"tforge-gpu-pipeline{block-tile=32,32 thread-tile=4,4 tile-k=32 promote=1 vectorize=1}",b32x32-t4x4-k32; grid=63x94x1 block=8x8x1 padded=3008x2016x1024; regs=80 smem=8192 blocks/SM=11 occ=0.458,,10,100,0.459888,0.45728,0.001577,GFLOP/s,26093.309675399225,2280,23.78% of FP32 peak at median clock,,err/bound=0.00467,model: pred_ms=0.2371 waves=3 resident=11 bound=smem fma_step=256 lds_step=512 latency_exposed=0
4632965,23.1.2,13.3,NVIDIA RTX PRO 6000 Blackwell Max-Q Workstation Edition,24105050,2026-09-27T03:47:58-07:00,mbr,3000x2000x1000,f32,"tforge-gpu-pipeline{block-tile=32,32 thread-tile=8,4 tile-k=8 promote=1 vectorize=1}",b32x32-t8x4-k8; grid=63x94x1 block=8x4x1 padded=3008x2016x1000; regs=88 smem=2048 blocks/SM=20 occ=0.417,,10,100,0.456416,0.453696,0.001728,GFLOP/s,26291.803968309614,2272,24.04% of FP32 peak at median clock,,err/bound=0.00467,model: pred_ms=0.2105 waves=2 resident=20 bound=smem fma_step=64 lds_step=96 latency_exposed=0
4632965,23.1.2,13.3,NVIDIA RTX PRO 6000 Blackwell Max-Q Workstation Edition,24105050,2026-09-27T03:47:58-07:00,mbr,3000x2000x1000,f32,"tforge-gpu-pipeline{block-tile=32,32 thread-tile=8,4 tile-k=16 promote=1 vectorize=1}",b32x32-t8x4-k16; grid=63x94x1 block=8x4x1 padded=3008x2016x1008; regs=94 smem=4096 blocks/SM=20 occ=0.417,,10,100,0.425072,0.42208,0.001452,GFLOP/s,28230.511536869046,2280,25.73% of FP32 peak at median clock,,err/bound=0.00467,model: pred_ms=0.2122 waves=2 resident=20 bound=smem fma_step=128 lds_step=192 latency_exposed=0
4632965,23.1.2,13.3,NVIDIA RTX PRO 6000 Blackwell Max-Q Workstation Edition,24105050,2026-09-27T03:47:58-07:00,mbr,3000x2000x1000,f32,"tforge-gpu-pipeline{block-tile=32,32 thread-tile=8,4 tile-k=32 promote=1 vectorize=1}",b32x32-t8x4-k32; grid=63x94x1 block=8x4x1 padded=3008x2016x1024; regs=110 smem=8192 blocks/SM=11 occ=0.229,,10,100,0.416368,0.413056,0.001477,GFLOP/s,28820.65864811897,2280,26.26% of FP32 peak at median clock,,err/bound=0.00467,model: pred_ms=0.1779 waves=3 resident=11 bound=smem fma_step=256 lds_step=384 latency_exposed=0
4632965,23.1.2,13.3,NVIDIA RTX PRO 6000 Blackwell Max-Q Workstation Edition,24105050,2026-09-27T03:47:58-07:00,mbr,3000x2000x1000,f32,"tforge-gpu-pipeline{block-tile=32,32 thread-tile=4,8 tile-k=8 promote=1 vectorize=1}",b32x32-t4x8-k8; grid=63x94x1 block=4x8x1 padded=3008x2016x1000; regs=90 smem=2048 blocks/SM=20 occ=0.417,,10,100,0.506976,0.503584,0.001837,GFLOP/s,23669.759515243324,2272,21.65% of FP32 peak at median clock,,err/bound=0.00467,model: pred_ms=0.2105 waves=2 resident=20 bound=smem fma_step=64 lds_step=96 latency_exposed=0
4632965,23.1.2,13.3,NVIDIA RTX PRO 6000 Blackwell Max-Q Workstation Edition,24105050,2026-09-27T03:47:58-07:00,mbr,3000x2000x1000,f32,"tforge-gpu-pipeline{block-tile=32,32 thread-tile=4,8 tile-k=16 promote=1 vectorize=1}",b32x32-t4x8-k16; grid=63x94x1 block=4x8x1 padded=3008x2016x1008; regs=96 smem=4096 blocks/SM=20 occ=0.417,,10,100,0.47424,0.469536,0.001921,GFLOP/s,25303.643724696354,2272,23.14% of FP32 peak at median clock,,err/bound=0.00467,model: pred_ms=0.2122 waves=2 resident=20 bound=smem fma_step=128 lds_step=192 latency_exposed=0
4632965,23.1.2,13.3,NVIDIA RTX PRO 6000 Blackwell Max-Q Workstation Edition,24105050,2026-09-27T03:47:58-07:00,mbr,3000x2000x1000,f32,"tforge-gpu-pipeline{block-tile=32,32 thread-tile=4,8 tile-k=32 promote=1 vectorize=1}",b32x32-t4x8-k32; grid=63x94x1 block=4x8x1 padded=3008x2016x1024; regs=110 smem=8192 blocks/SM=11 occ=0.229,,10,100,0.474528,0.470784,0.001662,GFLOP/s,25288.286465709083,2280,23.05% of FP32 peak at median clock,,err/bound=0.00467,model: pred_ms=0.1779 waves=3 resident=11 bound=smem fma_step=256 lds_step=384 latency_exposed=0
4632965,23.1.2,13.3,NVIDIA RTX PRO 6000 Blackwell Max-Q Workstation Edition,24105050,2026-09-27T03:47:58-07:00,mbr,3000x2000x1000,f32,"tforge-gpu-pipeline{block-tile=32,64 thread-tile=4,4 tile-k=8 promote=1 vectorize=1}",b32x64-t4x4-k8; grid=32x94x1 block=16x8x1 padded=3008x2048x1000; regs=56 smem=3072 blocks/SM=9 occ=0.75,,10,100,0.413456,0.41008,0.001538,GFLOP/s,29023.644595797377,2280,26.45% of FP32 peak at median clock,,err/bound=0.00467,model: pred_ms=0.2526 waves=2 resident=9 bound=smem fma_step=128 lds_step=256 latency_exposed=0
4632965,23.1.2,13.3,NVIDIA RTX PRO 6000 Blackwell Max-Q Workstation Edition,24105050,2026-09-27T03:47:58-07:00,mbr,3000x2000x1000,f32,"tforge-gpu-pipeline{block-tile=32,64 thread-tile=4,4 tile-k=16 promote=1 vectorize=1}",b32x64-t4x4-k16; grid=32x94x1 block=16x8x1 padded=3008x2048x1008; regs=58 smem=6144 blocks/SM=8 occ=0.667,,10,100,0.389856,0.385344,0.001613,GFLOP/s,30780.595912336863,2272,28.15% of FP32 peak at median clock,,err/bound=0.00467,model: pred_ms=0.2264 waves=2 resident=8 bound=smem fma_step=256 lds_step=512 latency_exposed=0
4632965,23.1.2,13.3,NVIDIA RTX PRO 6000 Blackwell Max-Q Workstation Edition,24105050,2026-09-27T03:47:58-07:00,mbr,3000x2000x1000,f32,"tforge-gpu-pipeline{block-tile=32,64 thread-tile=4,4 tile-k=32 promote=1 vectorize=1}",b32x64-t4x4-k32; grid=32x94x1 block=16x8x1 padded=3008x2048x1024; regs=70 smem=12288 blocks/SM=7 occ=0.583,,10,100,0.39416,0.390816,0.001679,GFLOP/s,30444.48954739192,2272,27.84% of FP32 peak at median clock,,err/bound=0.00467,model: pred_ms=0.3018 waves=3 resident=7 bound=smem fma_step=512 lds_step=1024 latency_exposed=0
4632965,23.1.2,13.3,NVIDIA RTX PRO 6000 Blackwell Max-Q Workstation Edition,24105050,2026-09-27T03:47:58-07:00,mbr,3000x2000x1000,f32,"tforge-gpu-pipeline{block-tile=32,64 thread-tile=8,4 tile-k=8 promote=1 vectorize=1}",b32x64-t8x4-k8; grid=32x94x1 block=16x4x1 padded=3008x2048x1000; regs=84 smem=3072 blocks/SM=10 occ=0.417,,10,100,0.366272,0.361664,0.001948,GFLOP/s,32762.537130875415,2280,29.86% of FP32 peak at median clock,,err/bound=0.00467,model: pred_ms=0.2105 waves=2 resident=10 bound=smem fma_step=128 lds_step=192 latency_exposed=0
4632965,23.1.2,13.3,NVIDIA RTX PRO 6000 Blackwell Max-Q Workstation Edition,24105050,2026-09-27T03:47:58-07:00,mbr,3000x2000x1000,f32,"tforge-gpu-pipeline{block-tile=32,64 thread-tile=8,4 tile-k=16 promote=1 vectorize=1}",b32x64-t8x4-k16; grid=32x94x1 block=16x4x1 padded=3008x2048x1008; regs=92 smem=6144 blocks/SM=10 occ=0.417,,10,100,0.361984,0.356288,0.001965,GFLOP/s,33150.636492220656,2280,30.21% of FP32 peak at median clock,,err/bound=0.00467,model: pred_ms=0.2122 waves=2 resident=10 bound=smem fma_step=256 lds_step=384 latency_exposed=0
4632965,23.1.2,13.3,NVIDIA RTX PRO 6000 Blackwell Max-Q Workstation Edition,24105050,2026-09-27T03:47:58-07:00,mbr,3000x2000x1000,f32,"tforge-gpu-pipeline{block-tile=32,64 thread-tile=8,4 tile-k=32 promote=1 vectorize=1}",b32x64-t8x4-k32; grid=32x94x1 block=16x4x1 padded=3008x2048x1024; regs=104 smem=12288 blocks/SM=7 occ=0.292,,10,100,0.369872,0.36432,0.001484,GFLOP/s,32443.65618376087,2280,29.57% of FP32 peak at median clock,,err/bound=0.00467,model: pred_ms=0.2264 waves=3 resident=7 bound=smem fma_step=512 lds_step=768 latency_exposed=0
4632965,23.1.2,13.3,NVIDIA RTX PRO 6000 Blackwell Max-Q Workstation Edition,24105050,2026-09-27T03:47:58-07:00,mbr,3000x2000x1000,f32,"tforge-gpu-pipeline{block-tile=32,64 thread-tile=4,8 tile-k=8 promote=1 vectorize=1}",b32x64-t4x8-k8; grid=32x94x1 block=8x8x1 padded=3008x2048x1000; regs=80 smem=3072 blocks/SM=12 occ=0.5,,10,100,0.482496,0.47984,0.001714,GFLOP/s,24870.672502984482,2272,22.74% of FP32 peak at median clock,,err/bound=0.00467,model: pred_ms=0.2526 waves=2 resident=12 bound=smem fma_step=128 lds_step=192 latency_exposed=0
4632965,23.1.2,13.3,NVIDIA RTX PRO 6000 Blackwell Max-Q Workstation Edition,24105050,2026-09-27T03:47:58-07:00,mbr,3000x2000x1000,f32,"tforge-gpu-pipeline{block-tile=32,64 thread-tile=4,8 tile-k=16 promote=1 vectorize=1}",b32x64-t4x8-k16; grid=32x94x1 block=8x8x1 padded=3008x2048x1008; regs=80 smem=6144 blocks/SM=12 occ=0.5,,10,100,0.474656,0.472384,0.00166,GFLOP/s,25281.466999258406,2280,23.04% of FP32 peak at median clock,,err/bound=0.00467,model: pred_ms=0.2547 waves=2 resident=12 bound=smem fma_step=256 lds_step=384 latency_exposed=0
4632965,23.1.2,13.3,NVIDIA RTX PRO 6000 Blackwell Max-Q Workstation Edition,24105050,2026-09-27T03:47:58-07:00,mbr,3000x2000x1000,f32,"tforge-gpu-pipeline{block-tile=32,64 thread-tile=4,8 tile-k=32 promote=1 vectorize=1}",b32x64-t4x8-k32; grid=32x94x1 block=8x8x1 padded=3008x2048x1024; regs=102 smem=12288 blocks/SM=7 occ=0.292,,10,100,0.488672,0.4856,0.001329,GFLOP/s,24556.348634667014,2280,22.38% of FP32 peak at median clock,,err/bound=0.00467,model: pred_ms=0.2264 waves=3 resident=7 bound=smem fma_step=512 lds_step=768 latency_exposed=0
4632965,23.1.2,13.3,NVIDIA RTX PRO 6000 Blackwell Max-Q Workstation Edition,24105050,2026-09-27T03:47:58-07:00,mbr,3000x2000x1000,f32,"tforge-gpu-pipeline{block-tile=32,64 thread-tile=8,8 tile-k=8 promote=1 vectorize=1}",b32x64-t8x8-k8; grid=32x94x1 block=8x4x1 padded=3008x2048x1000; regs=128 smem=3072 blocks/SM=16 occ=0.333,,10,100,0.415712,0.412224,0.001711,GFLOP/s,28866.138095604645,2280,26.31% of FP32 peak at median clock,,err/bound=0.00467,model: pred_ms=0.1123 waves=1 resident=16 bound=fma fma_step=128 lds_step=128 latency_exposed=0
4632965,23.1.2,13.3,NVIDIA RTX PRO 6000 Blackwell Max-Q Workstation Edition,24105050,2026-09-27T03:47:58-07:00,mbr,3000x2000x1000,f32,"tforge-gpu-pipeline{block-tile=32,64 thread-tile=8,8 tile-k=16 promote=1 vectorize=1}",b32x64-t8x8-k16; grid=32x94x1 block=8x4x1 padded=3008x2048x1008; regs=156 smem=6144 blocks/SM=12 occ=0.25,,10,100,0.415824,0.411552,0.00169,GFLOP/s,28858.363153641927,2280,26.30% of FP32 peak at median clock,,err/bound=0.00467,model: pred_ms=0.1698 waves=2 resident=12 bound=fma fma_step=256 lds_step=256 latency_exposed=0
4632965,23.1.2,13.3,NVIDIA RTX PRO 6000 Blackwell Max-Q Workstation Edition,24105050,2026-09-27T03:47:58-07:00,mbr,3000x2000x1000,f32,"tforge-gpu-pipeline{block-tile=32,64 thread-tile=8,8 tile-k=32 promote=1 vectorize=1}",b32x64-t8x8-k32; grid=32x94x1 block=8x4x1 padded=3008x2048x1024; regs=174 smem=12288 blocks/SM=7 occ=0.146,,10,100,0.41368,0.410368,0.00179,GFLOP/s,29007.928833881262,2280,26.44% of FP32 peak at median clock,,err/bound=0.00467,model: pred_ms=0.1509 waves=3 resident=7 bound=fma fma_step=512 lds_step=512 latency_exposed=0
4632965,23.1.2,13.3,NVIDIA RTX PRO 6000 Blackwell Max-Q Workstation Edition,24105050,2026-09-27T03:47:58-07:00,mbr,3000x2000x1000,f32,"tforge-gpu-pipeline{block-tile=32,128 thread-tile=4,4 tile-k=8 promote=1 vectorize=1}",b32x128-t4x4-k8; grid=16x94x1 block=32x8x1 padded=3008x2048x1000; regs=64 smem=5120 blocks/SM=4 occ=0.667,,10,100,0.394304,0.391296,0.001237,GFLOP/s,30433.371205973053,2280,27.73% of FP32 peak at median clock,,err/bound=0.00467,model: pred_ms=0.2246 waves=2 resident=4 bound=smem fma_step=256 lds_step=512 latency_exposed=0
4632965,23.1.2,13.3,NVIDIA RTX PRO 6000 Blackwell Max-Q Workstation Edition,24105050,2026-09-27T03:47:58-07:00,mbr,3000x2000x1000,f32,"tforge-gpu-pipeline{block-tile=32,128 thread-tile=4,4 tile-k=16 promote=1 vectorize=1}",b32x128-t4x4-k16; grid=16x94x1 block=32x8x1 padded=3008x2048x1008; regs=64 smem=10240 blocks/SM=4 occ=0.667,,10,100,0.390192,0.38624,0.001265,GFLOP/s,30754.090294009104,2272,28.13% of FP32 peak at median clock,,err/bound=0.00467,model: pred_ms=0.2264 waves=2 resident=4 bound=smem fma_step=512 lds_step=1024 latency_exposed=0
4632965,23.1.2,13.3,NVIDIA RTX PRO 6000 Blackwell Max-Q Workstation Edition,24105050,2026-09-27T03:47:58-07:00,mbr,3000x2000x1000,f32,"tforge-gpu-pipeline{block-tile=32,128 thread-tile=4,4 tile-k=32 promote=1 vectorize=1}",b32x128-t4x4-k32; grid=16x94x1 block=32x8x1 padded=3008x2048x1024; regs=64 smem=20480 blocks/SM=4 occ=0.667,,10,100,0.388944,0.386656,0.00157,GFLOP/s,30852.770578797976,2280,28.12% of FP32 peak at median clock,,err/bound=0.00467,model: pred_ms=0.2300 waves=2 resident=4 bound=smem fma_step=1024 lds_step=2048 latency_exposed=0
4632965,23.1.2,13.3,NVIDIA RTX PRO 6000 Blackwell Max-Q Workstation Edition,24105050,2026-09-27T03:47:58-07:00,mbr,3000x2000x1000,f32,"tforge-gpu-pipeline{block-tile=32,128 thread-tile=8,4 tile-k=8 promote=1 vectorize=1}",b32x128-t8x4-k8; grid=16x94x1 block=32x4x1 padded=3008x2048x1000; regs=82 smem=5120 blocks/SM=5 occ=0.417,,10,100,0.36328,0.359744,0.001541,GFLOP/s,33032.371724289806,2280,30.10% of FP32 peak at median clock,,err/bound=0.00467,model: pred_ms=0.2105 waves=2 resident=5 bound=smem fma_step=256 lds_step=384 latency_exposed=0
4632965,23.1.2,13.3,NVIDIA RTX PRO 6000 Blackwell Max-Q Workstation Edition,24105050,2026-09-27T03:47:58-07:00,mbr,3000x2000x1000,f32,"tforge-gpu-pipeline{block-tile=32,128 thread-tile=8,4 tile-k=16 promote=1 vectorize=1}",b32x128-t8x4-k16; grid=16x94x1 block=32x4x1 padded=3008x2048x1008; regs=88 smem=10240 blocks/SM=5 occ=0.417,,10,100,0.34672,0.34064,0.001836,GFLOP/s,34610.05999077066,2272,31.65% of FP32 peak at median clock,,err/bound=0.00467,model: pred_ms=0.2122 waves=2 resident=5 bound=smem fma_step=512 lds_step=768 latency_exposed=0
4632965,23.1.2,13.3,NVIDIA RTX PRO 6000 Blackwell Max-Q Workstation Edition,24105050,2026-09-27T03:47:58-07:00,mbr,3000x2000x1000,f32,"tforge-gpu-pipeline{block-tile=32,128 thread-tile=8,4 tile-k=32 promote=1 vectorize=1}",b32x128-t8x4-k32; grid=16x94x1 block=32x4x1 padded=3008x2048x1024; regs=104 smem=20480 blocks/SM=4 occ=0.333,,10,100,0.351184,0.343008,0.002206,GFLOP/s,34170.12164563306,2272,31.25% of FP32 peak at median clock,,err/bound=0.00467,model: pred_ms=0.1725 waves=2 resident=4 bound=smem fma_step=1024 lds_step=1536 latency_exposed=0
4632965,23.1.2,13.3,NVIDIA RTX PRO 6000 Blackwell Max-Q Workstation Edition,24105050,2026-09-27T03:47:58-07:00,mbr,3000x2000x1000,f32,"tforge-gpu-pipeline{block-tile=32,128 thread-tile=4,8 tile-k=8 promote=1 vectorize=1}",b32x128-t4x8-k8; grid=16x94x1 block=16x8x1 padded=3008x2048x1000; regs=80 smem=5120 blocks/SM=6 occ=0.5,,10,100,0.450288,0.446528,0.001761,GFLOP/s,26649.61091568063,2280,24.29% of FP32 peak at median clock,,err/bound=0.00467,model: pred_ms=0.2526 waves=2 resident=6 bound=smem fma_step=256 lds_step=384 latency_exposed=0
4632965,23.1.2,13.3,NVIDIA RTX PRO 6000 Blackwell Max-Q Workstation Edition,24105050,2026-09-27T03:47:58-07:00,mbr,3000x2000x1000,f32,"tforge-gpu-pipeline{block-tile=32,128 thread-tile=4,8 tile-k=16 promote=1 vectorize=1}",b32x128-t4x8-k16; grid=16x94x1 block=16x8x1 padded=3008x2048x1008; regs=80 smem=10240 blocks/SM=6 occ=0.5,,10,100,0.43768,0.434688,0.001912,GFLOP/s,27417.29117163224,2280,24.99% of FP32 peak at median clock,,err/bound=0.00467,model: pred_ms=0.2547 waves=2 resident=6 bound=smem fma_step=512 lds_step=768 latency_exposed=0
4632965,23.1.2,13.3,NVIDIA RTX PRO 6000 Blackwell Max-Q Workstation Edition,24105050,2026-09-27T03:47:58-07:00,mbr,3000x2000x1000,f32,"tforge-gpu-pipeline{block-tile=32,128 thread-tile=4,8 tile-k=32 promote=1 vectorize=1}",b32x128-t4x8-k32; grid=16x94x1 block=16x8x1 padded=3008x2048x1024; regs=100 smem=20480 blocks/SM=4 occ=0.333,,10,100,0.4348,0.431872,0.001867,GFLOP/s,27598.89604415823,2280,25.15% of FP32 peak at median clock,,err/bound=0.00467,model: pred_ms=0.1725 waves=2 resident=4 bound=smem fma_step=1024 lds_step=1536 latency_exposed=0
4632965,23.1.2,13.3,NVIDIA RTX PRO 6000 Blackwell Max-Q Workstation Edition,24105050,2026-09-27T03:47:58-07:00,mbr,3000x2000x1000,f32,"tforge-gpu-pipeline{block-tile=32,128 thread-tile=8,8 tile-k=8 promote=1 vectorize=1}",b32x128-t8x8-k8; grid=16x94x1 block=16x4x1 padded=3008x2048x1000; regs=128 smem=5120 blocks/SM=8 occ=0.333,,10,100,0.375616,0.37264,0.001518,GFLOP/s,31947.520872380304,2280,29.11% of FP32 peak at median clock,,err/bound=0.00467,model: pred_ms=0.1123 waves=1 resident=8 bound=fma fma_step=256 lds_step=256 latency_exposed=0
4632965,23.1.2,13.3,NVIDIA RTX PRO 6000 Blackwell Max-Q Workstation Edition,24105050,2026-09-27T03:47:58-07:00,mbr,3000x2000x1000,f32,"tforge-gpu-pipeline{block-tile=32,128 thread-tile=8,8 tile-k=16 promote=1 vectorize=1}",b32x128-t8x8-k16; grid=16x94x1 block=16x4x1 padded=3008x2048x1008; regs=152 smem=10240 blocks/SM=6 occ=0.25,,10,100,0.384496,0.381472,0.001816,GFLOP/s,31209.68748699596,2280,28.44% of FP32 peak at median clock,,err/bound=0.00467,model: pred_ms=0.1698 waves=2 resident=6 bound=fma fma_step=512 lds_step=512 latency_exposed=0
4632965,23.1.2,13.3,NVIDIA RTX PRO 6000 Blackwell Max-Q Workstation Edition,24105050,2026-09-27T03:47:58-07:00,mbr,3000x2000x1000,f32,"tforge-gpu-pipeline{block-tile=32,128 thread-tile=8,8 tile-k=32 promote=1 vectorize=1}",b32x128-t8x8-k32; grid=16x94x1 block=16x4x1 padded=3008x2048x1024; regs=158 smem=20480 blocks/SM=4 occ=0.167,,10,100,0.386288,0.38224,0.00216,GFLOP/s,31064.904941390876,2280,28.31% of FP32 peak at median clock,,err/bound=0.00467,model: pred_ms=0.1150 waves=2 resident=4 bound=fma fma_step=1024 lds_step=1024 latency_exposed=0
4632965,23.1.2,13.3,NVIDIA RTX PRO 6000 Blackwell Max-Q Workstation Edition,24105050,2026-09-27T03:47:58-07:00,mbr,3000x2000x1000,f32,"tforge-gpu-pipeline{block-tile=64,32 thread-tile=4,4 tile-k=8 promote=1 vectorize=1}",b64x32-t4x4-k8; grid=63x47x1 block=8x16x1 padded=3008x2016x1000; regs=56 smem=3072 blocks/SM=9 occ=0.75,,10,100,0.473632,0.46944,0.001905,GFLOP/s,25336.12593743666,2280,23.09% of FP32 peak at median clock,,err/bound=0.00467,model: pred_ms=0.2526 waves=2 resident=9 bound=smem fma_step=128 lds_step=256 latency_exposed=0
4632965,23.1.2,13.3,NVIDIA RTX PRO 6000 Blackwell Max-Q Workstation Edition,24105050,2026-09-27T03:47:58-07:00,mbr,3000x2000x1000,f32,"tforge-gpu-pipeline{block-tile=64,32 thread-tile=4,4 tile-k=16 promote=1 vectorize=1}",b64x32-t4x4-k16; grid=63x47x1 block=8x16x1 padded=3008x2016x1008; regs=58 smem=6144 blocks/SM=8 occ=0.667,,10,100,0.44328,0.438816,0.001789,GFLOP/s,27070.92582566324,2280,24.67% of FP32 peak at median clock,,err/bound=0.00467,model: pred_ms=0.2264 waves=2 resident=8 bound=smem fma_step=256 lds_step=512 latency_exposed=0
4632965,23.1.2,13.3,NVIDIA RTX PRO 6000 Blackwell Max-Q Workstation Edition,24105050,2026-09-27T03:47:58-07:00,mbr,3000x2000x1000,f32,"tforge-gpu-pipeline{block-tile=64,32 thread-tile=4,4 tile-k=32 promote=1 vectorize=1}",b64x32-t4x4-k32; grid=63x47x1 block=8x16x1 padded=3008x2016x1024; regs=70 smem=12288 blocks/SM=7 occ=0.583,,10,100,0.423504,0.420096,0.00172,GFLOP/s,28335.033435339454,2280,25.82% of FP32 peak at median clock,,err/bound=0.00467,model: pred_ms=0.3018 waves=3 resident=7 bound=smem fma_step=512 lds_step=1024 latency_exposed=0
4632965,23.1.2,13.3,NVIDIA RTX PRO 6000 Blackwell Max-Q Workstation Edition,24105050,2026-09-27T03:47:58-07:00,mbr,3000x2000x1000,f32,"tforge-gpu-pipeline{block-tile=64,32 thread-tile=8,4 tile-k=8 promote=1 vectorize=1}",b64x32-t8x4-k8; grid=63x47x1 block=8x8x1 padded=3008x2016x1000; regs=84 smem=3072 blocks/SM=10 occ=0.417,,10,100,0.429088,0.4248,0.001653,GFLOP/s,27966.291296890144,2280,25.49% of FP32 peak at median clock,,err/bound=0.00467,model: pred_ms=0.2105 waves=2 resident=10 bound=smem fma_step=128 lds_step=192 latency_exposed=0
4632965,23.1.2,13.3,NVIDIA RTX PRO 6000 Blackwell Max-Q Workstation Edition,24105050,2026-09-27T03:47:58-07:00,mbr,3000x2000x1000,f32,"tforge-gpu-pipeline{block-tile=64,32 thread-tile=8,4 tile-k=16 promote=1 vectorize=1}",b64x32-t8x4-k16; grid=63x47x1 block=8x8x1 padded=3008x2016x1008; regs=92 smem=6144 blocks/SM=10 occ=0.417,,10,100,0.39848,0.395616,0.001299,GFLOP/s,30114.43485243927,2272,27.54% of FP32 peak at median clock,,err/bound=0.00467,model: pred_ms=0.2122 waves=2 resident=10 bound=smem fma_step=256 lds_step=384 latency_exposed=0
4632965,23.1.2,13.3,NVIDIA RTX PRO 6000 Blackwell Max-Q Workstation Edition,24105050,2026-09-27T03:47:58-07:00,mbr,3000x2000x1000,f32,"tforge-gpu-pipeline{block-tile=64,32 thread-tile=8,4 tile-k=32 promote=1 vectorize=1}",b64x32-t8x4-k32; grid=63x47x1 block=8x8x1 padded=3008x2016x1024; regs=104 smem=12288 blocks/SM=7 occ=0.292,,10,100,0.390512,0.374976,0.003605,GFLOP/s,30728.88925308313,2280,28.00% of FP32 peak at median clock,,err/bound=0.00467,model: pred_ms=0.2264 waves=3 resident=7 bound=smem fma_step=512 lds_step=768 latency_exposed=0
4632965,23.1.2,13.3,NVIDIA RTX PRO 6000 Blackwell Max-Q Workstation Edition,24105050,2026-09-27T03:47:58-07:00,mbr,3000x2000x1000,f32,"tforge-gpu-pipeline{block-tile=64,32 thread-tile=4,8 tile-k=8 promote=1 vectorize=1}",b64x32-t4x8-k8; grid=63x47x1 block=4x16x1 padded=3008x2016x1000; regs=76 smem=3072 blocks/SM=12 occ=0.5,,10,100,0.483024,0.479936,0.00203,GFLOP/s,24843.486037960844,2280,22.64% of FP32 peak at median clock,,err/bound=0.00467,model: pred_ms=0.2526 waves=2 resident=12 bound=smem fma_step=128 lds_step=192 latency_exposed=0
4632965,23.1.2,13.3,NVIDIA RTX PRO 6000 Blackwell Max-Q Workstation Edition,24105050,2026-09-27T03:47:58-07:00,mbr,3000x2000x1000,f32,"tforge-gpu-pipeline{block-tile=64,32 thread-tile=4,8 tile-k=16 promote=1 vectorize=1}",b64x32-t4x8-k16; grid=63x47x1 block=4x16x1 padded=3008x2016x1008; regs=79 smem=6144 blocks/SM=12 occ=0.5,,10,100,0.451936,0.447104,0.002123,GFLOP/s,26552.432202789772,2272,24.28% of FP32 peak at median clock,,err/bound=0.00467,model: pred_ms=0.2547 waves=2 resident=12 bound=smem fma_step=256 lds_step=384 latency_exposed=0
4632965,23.1.2,13.3,NVIDIA RTX PRO 6000 Blackwell Max-Q Workstation Edition,24105050,2026-09-27T03:47:58-07:00,mbr,3000x2000x1000,f32,"tforge-gpu-pipeline{block-tile=64,32 thread-tile=4,8 tile-k=32 promote=1 vectorize=1}",b64x32-t4x8-k32; grid=63x47x1 block=4x16x1 padded=3008x2016x1024; regs=100 smem=12288 blocks/SM=7 occ=0.292,,10,100,0.453408,0.447648,0.002041,GFLOP/s,26466.22909167902,2272,24.20% of FP32 peak at median clock,,err/bound=0.00467,model: pred_ms=0.2264 waves=3 resident=7 bound=smem fma_step=512 lds_step=768 latency_exposed=0
4632965,23.1.2,13.3,NVIDIA RTX PRO 6000 Blackwell Max-Q Workstation Edition,24105050,2026-09-27T03:47:58-07:00,mbr,3000x2000x1000,f32,"tforge-gpu-pipeline{block-tile=64,32 thread-tile=8,8 tile-k=8 promote=1 vectorize=1}",b64x32-t8x8-k8; grid=63x47x1 block=4x8x1 padded=3008x2016x1000; regs=146 smem=3072 blocks/SM=12 occ=0.25,,10,100,0.477216,0.473152,0.00208,GFLOP/s,25145.84590625629,2280,22.92% of FP32 peak at median clock,,err/bound=0.00467,model: pred_ms=0.1684 waves=2 resident=12 bound=fma fma_step=128 lds_step=128 latency_exposed=0
4632965,23.1.2,13.3,NVIDIA RTX PRO 6000 Blackwell Max-Q Workstation Edition,24105050,2026-09-27T03:47:58-07:00,mbr,3000x2000x1000,f32,"tforge-gpu-pipeline{block-tile=64,32 thread-tile=8,8 tile-k=16 promote=1 vectorize=1}",b64x32-t8x8-k16; grid=63x47x1 block=4x8x1 padded=3008x2016x1008; regs=152 smem=6144 blocks/SM=12 occ=0.25,,10,100,0.435312,0.432448,0.001736,GFLOP/s,27566.435108611753,2280,25.12% of FP32 peak at median clock,,err/bound=0.00467,model: pred_ms=0.1698 waves=2 resident=12 bound=fma fma_step=256 lds_step=256 latency_exposed=0
4632965,23.1.2,13.3,NVIDIA RTX PRO 6000 Blackwell Max-Q Workstation Edition,24105050,2026-09-27T03:47:58-07:00,mbr,3000x2000x1000,f32,"tforge-gpu-pipeline{block-tile=64,32 thread-tile=8,8 tile-k=32 promote=1 vectorize=1}",b64x32-t8x8-k32; grid=63x47x1 block=4x8x1 padded=3008x2016x1024; regs=174 smem=12288 blocks/SM=7 occ=0.146,,10,100,0.421264,0.417536,0.001591,GFLOP/s,28485.700178510386,2272,26.05% of FP32 peak at median clock,,err/bound=0.00467,model: pred_ms=0.1509 waves=3 resident=7 bound=fma fma_step=512 lds_step=512 latency_exposed=0
4632965,23.1.2,13.3,NVIDIA RTX PRO 6000 Blackwell Max-Q Workstation Edition,24105050,2026-09-27T03:47:58-07:00,mbr,3000x2000x1000,f32,"tforge-gpu-pipeline{block-tile=64,64 thread-tile=4,4 tile-k=8 promote=1 vectorize=1}",b64x64-t4x4-k8; grid=32x47x1 block=16x16x1 padded=3008x2048x1000; regs=64 smem=4096 blocks/SM=4 occ=0.667,,10,100,0.403168,0.401408,0.001316,GFLOP/s,29764.267005317877,2272,27.22% of FP32 peak at median clock,,err/bound=0.00467,model: pred_ms=0.2246 waves=2 resident=4 bound=smem fma_step=256 lds_step=512 latency_exposed=0
4632965,23.1.2,13.3,NVIDIA RTX PRO 6000 Blackwell Max-Q Workstation Edition,24105050,2026-09-27T03:47:58-07:00,mbr,3000x2000x1000,f32,"tforge-gpu-pipeline{block-tile=64,64 thread-tile=4,4 tile-k=16 promote=1 vectorize=1}",b64x64-t4x4-k16; grid=32x47x1 block=16x16x1 padded=3008x2048x1008; regs=64 smem=8192 blocks/SM=4 occ=0.667,,10,100,0.37408,0.371712,0.001344,GFLOP/s,32078.6997433704,2280,29.23% of FP32 peak at median clock,,err/bound=0.00467,model: pred_ms=0.2264 waves=2 resident=4 bound=smem fma_step=512 lds_step=1024 latency_exposed=0
4632965,23.1.2,13.3,NVIDIA RTX PRO 6000 Blackwell Max-Q Workstation Edition,24105050,2026-09-27T03:47:58-07:00,mbr,3000x2000x1000,f32,"tforge-gpu-pipeline{block-tile=64,64 thread-tile=4,4 tile-k=32 promote=1 vectorize=1}",b64x64-t4x4-k32; grid=32x47x1 block=16x16x1 padded=3008x2048x1024; regs=74 smem=16384 blocks/SM=3 occ=0.5,,10,100,0.373088,0.369248,0.00133,GFLOP/s,32163.993481430658,2280,29.31% of FP32 peak at median clock,,err/bound=0.00467,model: pred_ms=0.2587 waves=3 resident=3 bound=smem fma_step=1024 lds_step=2048 latency_exposed=0
4632965,23.1.2,13.3,NVIDIA RTX PRO 6000 Blackwell Max-Q Workstation Edition,24105050,2026-09-27T03:47:58-07:00,mbr,3000x2000x1000,f32,"tforge-gpu-pipeline{block-tile=64,64 thread-tile=8,4 tile-k=8 promote=1 vectorize=1}",b64x64-t8x4-k8; grid=32x47x1 block=16x8x1 padded=3008x2048x1000; regs=82 smem=4096 blocks/SM=5 occ=0.417,,10,100,0.353248,0.349376,0.001403,GFLOP/s,33970.468339523504,2272,31.07% of FP32 peak at median clock,,err/bound=0.00467,model: pred_ms=0.2105 waves=2 resident=5 bound=smem fma_step=256 lds_step=384 latency_exposed=0
4632965,23.1.2,13.3,NVIDIA RTX PRO 6000 Blackwell Max-Q Workstation Edition,24105050,2026-09-27T03:47:58-07:00,mbr,3000x2000x1000,f32,"tforge-gpu-pipeline{block-tile=64,64 thread-tile=8,4 tile-k=16 promote=1 vectorize=1}",b64x64-t8x4-k16; grid=32x47x1 block=16x8x1 padded=3008x2048x1008; regs=88 smem=8192 blocks/SM=5 occ=0.417,,10,100,0.338128,0.334528,0.001661,GFLOP/s,35489.51876212558,2272,32.46% of FP32 peak at median clock,,err/bound=0.00467,model: pred_ms=0.2122 waves=2 resident=5 bound=smem fma_step=512 lds_step=768 latency_exposed=0
4632965,23.1.2,13.3,NVIDIA RTX PRO 6000 Blackwell Max-Q Workstation Edition,24105050,2026-09-27T03:47:58-07:00,mbr,3000x2000x1000,f32,"tforge-gpu-pipeline{block-tile=64,64 thread-tile=8,4 tile-k=32 promote=1 vectorize=1}",b64x64-t8x4-k32; grid=32x47x1 block=16x8x1 padded=3008x2048x1024; regs=94 smem=16384 blocks/SM=5 occ=0.417,,10,100,0.333472,0.32976,0.001519,GFLOP/s,35985.03022742539,2272,32.91% of FP32 peak at median clock,,err/bound=0.00467,model: pred_ms=0.2156 waves=2 resident=5 bound=smem fma_step=1024 lds_step=1536 latency_exposed=0
4632965,23.1.2,13.3,NVIDIA RTX PRO 6000 Blackwell Max-Q Workstation Edition,24105050,2026-09-27T03:47:58-07:00,mbr,3000x2000x1000,f32,"tforge-gpu-pipeline{block-tile=64,64 thread-tile=4,8 tile-k=8 promote=1 vectorize=1}",b64x64-t4x8-k8; grid=32x47x1 block=8x16x1 padded=3008x2048x1000; regs=76 smem=4096 blocks/SM=6 occ=0.5,,10,100,0.466496,0.46256,0.001896,GFLOP/s,25723.69323638359,2280,23.44% of FP32 peak at median clock,,err/bound=0.00467,model: pred_ms=0.2526 waves=2 resident=6 bound=smem fma_step=256 lds_step=384 latency_exposed=0
4632965,23.1.2,13.3,NVIDIA RTX PRO 6000 Blackwell Max-Q Workstation Edition,24105050,2026-09-27T03:47:58-07:00,mbr,3000x2000x1000,f32,"tforge-gpu-pipeline{block-tile=64,64 thread-tile=4,8 tile-k=16 promote=1 vectorize=1}",b64x64-t4x8-k16; grid=32x47x1 block=8x16x1 padded=3008x2048x1008; regs=80 smem=8192 blocks/SM=6 occ=0.5,,10,100,0.451712,0.448256,0.001988,GFLOP/s,26565.599319920657,2280,24.21% of FP32 peak at median clock,,err/bound=0.00467,model: pred_ms=0.2547 waves=2 resident=6 bound=smem fma_step=512 lds_step=768 latency_exposed=0
4632965,23.1.2,13.3,NVIDIA RTX PRO 6000 Blackwell Max-Q Workstation Edition,24105050,2026-09-27T03:47:58-07:00,mbr,3000x2000x1000,f32,"tforge-gpu-pipeline{block-tile=64,64 thread-tile=4,8 tile-k=32 promote=1 vectorize=1}",b64x64-t4x8-k32; grid=32x47x1 block=8x16x1 padded=3008x2048x1024; regs=96 smem=16384 blocks/SM=5 occ=0.417,,10,100,0.439056,0.434976,0.001948,GFLOP/s,27331.365475019134,2280,24.91% of FP32 peak at median clock,,err/bound=0.00467,model: pred_ms=0.2156 waves=2 resident=5 bound=smem fma_step=1024 lds_step=1536 latency_exposed=0
4632965,23.1.2,13.3,NVIDIA RTX PRO 6000 Blackwell Max-Q Workstation Edition,24105050,2026-09-27T03:47:58-07:00,mbr,3000x2000x1000,f32,"tforge-gpu-pipeline{block-tile=64,64 thread-tile=8,8 tile-k=8 promote=1 vectorize=1}",b64x64-t8x8-k8; grid=32x47x1 block=8x8x1 padded=3008x2048x1000; regs=146 smem=4096 blocks/SM=6 occ=0.25,,10,100,0.42744,0.3984,0.009994,GFLOP/s,28074.115665356538,2272,25.67% of FP32 peak at median clock,,err/bound=0.00467,model: pred_ms=0.1684 waves=2 resident=6 bound=fma fma_step=256 lds_step=256 latency_exposed=0
4632965,23.1.2,13.3,NVIDIA RTX PRO 6000 Blackwell Max-Q Workstation Edition,24105050,2026-09-27T03:47:58-07:00,mbr,3000x2000x1000,f32,"tforge-gpu-pipeline{block-tile=64,64 thread-tile=8,8 tile-k=16 promote=1 vectorize=1}",b64x64-t8x8-k16; grid=32x47x1 block=8x8x1 padded=3008x2048x1008; regs=150 smem=8192 blocks/SM=6 occ=0.25,,10,100,0.376016,0.372224,0.002109,GFLOP/s,31913.53559423003,2272,29.19% of FP32 peak at median clock,,err/bound=0.00467,model: pred_ms=0.1698 waves=2 resident=6 bound=fma fma_step=512 lds_step=512 latency_exposed=0
4632965,23.1.2,13.3,NVIDIA RTX PRO 6000 Blackwell Max-Q Workstation Edition,24105050,2026-09-27T03:47:58-07:00,mbr,3000x2000x1000,f32,"tforge-gpu-pipeline{block-tile=64,64 thread-tile=8,8 tile-k=32 promote=1 vectorize=1}",b64x64-t8x8-k32; grid=32x47x1 block=8x8x1 padded=3008x2048x1024; regs=158 smem=16384 blocks/SM=5 occ=0.208,,10,100,0.381696,0.3776,0.002268,GFLOP/s,31438.631790744468,2280,28.65% of FP32 peak at median clock,,err/bound=0.00467,model: pred_ms=0.1437 waves=2 resident=5 bound=fma fma_step=1024 lds_step=1024 latency_exposed=0
4632965,23.1.2,13.3,NVIDIA RTX PRO 6000 Blackwell Max-Q Workstation Edition,24105050,2026-09-27T03:47:58-07:00,mbr,3000x2000x1000,f32,"tforge-gpu-pipeline{block-tile=64,128 thread-tile=4,4 tile-k=8 promote=1 vectorize=1}",b64x128-t4x4-k8; grid=16x47x1 block=32x16x1 padded=3008x2048x1000; regs=63 smem=6144 blocks/SM=2 occ=0.667,,10,100,0.402464,0.397792,0.002029,GFLOP/s,29816.33139858472,2280,27.17% of FP32 peak at median clock,,err/bound=0.00467,model: pred_ms=0.2246 waves=2 resident=2 bound=smem fma_step=512 lds_step=1024 latency_exposed=0
4632965,23.1.2,13.3,NVIDIA RTX PRO 6000 Blackwell Max-Q Workstation Edition,24105050,2026-09-27T03:47:58-07:00,mbr,3000x2000x1000,f32,"tforge-gpu-pipeline{block-tile=64,128 thread-tile=4,4 tile-k=16 promote=1 vectorize=1}",b64x128-t4x4-k16; grid=16x47x1 block=32x16x1 padded=3008x2048x1008; regs=64 smem=12288 blocks/SM=2 occ=0.667,,10,100,0.370304,0.365248,0.001663,GFLOP/s,32405.807120636015,2280,29.53% of FP32 peak at median clock,,err/bound=0.00467,model: pred_ms=0.2264 waves=2 resident=2 bound=smem fma_step=1024 lds_step=2048 latency_exposed=0
4632965,23.1.2,13.3,NVIDIA RTX PRO 6000 Blackwell Max-Q Workstation Edition,24105050,2026-09-27T03:47:58-07:00,mbr,3000x2000x1000,f32,"tforge-gpu-pipeline{block-tile=64,128 thread-tile=4,4 tile-k=32 promote=1 vectorize=1}",b64x128-t4x4-k32; grid=16x47x1 block=32x16x1 padded=3008x2048x1024; regs=64 smem=24576 blocks/SM=2 occ=0.667,,10,100,0.362096,0.359488,0.001233,GFLOP/s,33140.3826609518,2272,30.31% of FP32 peak at median clock,,err/bound=0.00467,model: pred_ms=0.2300 waves=2 resident=2 bound=smem fma_step=2048 lds_step=4096 latency_exposed=0
4632965,23.1.2,13.3,NVIDIA RTX PRO 6000 Blackwell Max-Q Workstation Edition,24105050,2026-09-27T03:47:58-07:00,mbr,3000x2000x1000,f32,"tforge-gpu-pipeline{block-tile=64,128 thread-tile=8,4 tile-k=8 promote=1 vectorize=1}",b64x128-t8x4-k8; grid=16x47x1 block=32x8x1 padded=3008x2048x1000; regs=80 smem=6144 blocks/SM=3 occ=0.5,,10,100,0.350944,0.34864,0.001732,GFLOP/s,34193.489559587855,2272,31.27% of FP32 peak at median clock,,err/bound=0.00467,model: pred_ms=0.2526 waves=2 resident=3 bound=smem fma_step=512 lds_step=768 latency_exposed=0
4632965,23.1.2,13.3,NVIDIA RTX PRO 6000 Blackwell Max-Q Workstation Edition,24105050,2026-09-27T03:47:58-07:00,mbr,3000x2000x1000,f32,"tforge-gpu-pipeline{block-tile=64,128 thread-tile=8,4 tile-k=16 promote=1 vectorize=1}",b64x128-t8x4-k16; grid=16x47x1 block=32x8x1 padded=3008x2048x1008; regs=88 smem=12288 blocks/SM=2 occ=0.333,,10,100,0.3252,0.322144,0.001143,GFLOP/s,36900.36900369004,2280,33.63% of FP32 peak at median clock,,err/bound=0.00467,model: pred_ms=0.1698 waves=2 resident=2 bound=smem fma_step=1024 lds_step=1536 latency_exposed=0
4632965,23.1.2,13.3,NVIDIA RTX PRO 6000 Blackwell Max-Q Workstation Edition,24105050,2026-09-27T03:47:58-07:00,mbr,3000x2000x1000,f32,"tforge-gpu-pipeline{block-tile=64,128 thread-tile=8,4 tile-k=32 promote=1 vectorize=1}",b64x128-t8x4-k32; grid=16x47x1 block=32x8x1 padded=3008x2048x1024; regs=94 smem=24576 blocks/SM=2 occ=0.333,,10,100,0.322304,0.318848,0.001418,GFLOP/s,37231.930103256556,2280,33.93% of FP32 peak at median clock,,err/bound=0.00467,model: pred_ms=0.1725 waves=2 resident=2 bound=smem fma_step=2048 lds_step=3072 latency_exposed=0
4632965,23.1.2,13.3,NVIDIA RTX PRO 6000 Blackwell Max-Q Workstation Edition,24105050,2026-09-27T03:47:58-07:00,mbr,3000x2000x1000,f32,"tforge-gpu-pipeline{block-tile=64,128 thread-tile=4,8 tile-k=8 promote=1 vectorize=1}",b64x128-t4x8-k8; grid=16x47x1 block=16x16x1 padded=3008x2048x1000; regs=80 smem=6144 blocks/SM=3 occ=0.5,,10,100,0.446176,0.443072,0.001801,GFLOP/s,26895.216237538552,2280,24.51% of FP32 peak at median clock,,err/bound=0.00467,model: pred_ms=0.2526 waves=2 resident=3 bound=smem fma_step=512 lds_step=768 latency_exposed=0
4632965,23.1.2,13.3,NVIDIA RTX PRO 6000 Blackwell Max-Q Workstation Edition,24105050,2026-09-27T03:47:58-07:00,mbr,3000x2000x1000,f32,"tforge-gpu-pipeline{block-tile=64,128 thread-tile=4,8 tile-k=16 promote=1 vectorize=1}",b64x128-t4x8-k16; grid=16x47x1 block=16x16x1 padded=3008x2048x1008; regs=80 smem=12288 blocks/SM=3 occ=0.5,,10,100,0.42504,0.422016,0.001775,GFLOP/s,28232.636928289106,2280,25.73% of FP32 peak at median clock,,err/bound=0.00467,model: pred_ms=0.2547 waves=2 resident=3 bound=smem fma_step=1024 lds_step=1536 latency_exposed=0
4632965,23.1.2,13.3,NVIDIA RTX PRO 6000 Blackwell Max-Q Workstation Edition,24105050,2026-09-27T03:47:58-07:00,mbr,3000x2000x1000,f32,"tforge-gpu-pipeline{block-tile=64,128 thread-tile=4,8 tile-k=32 promote=1 vectorize=1}",b64x128-t4x8-k32; grid=16x47x1 block=16x16x1 padded=3008x2048x1024; regs=80 smem=24576 blocks/SM=3 occ=0.5,,10,100,0.417952,0.414464,0.001658,GFLOP/s,28711.43097771993,2272,26.26% of FP32 peak at median clock,,err/bound=0.00467,model: pred_ms=0.2587 waves=2 resident=3 bound=smem fma_step=2048 lds_step=3072 latency_exposed=0
4632965,23.1.2,13.3,NVIDIA RTX PRO 6000 Blackwell Max-Q Workstation Edition,24105050,2026-09-27T03:47:58-07:00,mbr,3000x2000x1000,f32,"tforge-gpu-pipeline{block-tile=64,128 thread-tile=8,8 tile-k=8 promote=1 vectorize=1}",b64x128-t8x8-k8; grid=16x47x1 block=16x8x1 padded=3008x2048x1000; regs=146 smem=6144 blocks/SM=3 occ=0.25,,10,100,0.373312,0.366688,0.006772,GFLOP/s,32144.693982513287,2272,29.40% of FP32 peak at median clock,,err/bound=0.00467,model: pred_ms=0.1684 waves=2 resident=3 bound=fma fma_step=512 lds_step=512 latency_exposed=0
4632965,23.1.2,13.3,NVIDIA RTX PRO 6000 Blackwell Max-Q Workstation Edition,24105050,2026-09-27T03:47:58-07:00,mbr,3000x2000x1000,f32,"tforge-gpu-pipeline{block-tile=64,128 thread-tile=8,8 tile-k=16 promote=1 vectorize=1}",b64x128-t8x8-k16; grid=16x47x1 block=16x8x1 padded=3008x2048x1008; regs=146 smem=12288 blocks/SM=3 occ=0.25,,10,100,0.357072,0.352384,0.001762,GFLOP/s,33606.66756284447,2280,30.63% of FP32 peak at median clock,,err/bound=0.00467,model: pred_ms=0.1698 waves=2 resident=3 bound=fma fma_step=1024 lds_step=1024 latency_exposed=0
4632965,23.1.2,13.3,NVIDIA RTX PRO 6000 Blackwell Max-Q Workstation Edition,24105050,2026-09-27T03:47:58-07:00,mbr,3000x2000x1000,f32,"tforge-gpu-pipeline{block-tile=64,128 thread-tile=8,8 tile-k=32 promote=1 vectorize=1}",b64x128-t8x8-k32; grid=16x47x1 block=16x8x1 padded=3008x2048x1024; regs=128 smem=24576 blocks/SM=4 occ=0.333,,10,100,0.366144,0.362848,0.001874,GFLOP/s,32773.990561090715,2280,29.87% of FP32 peak at median clock,,err/bound=0.00467,model: pred_ms=0.1150 waves=1 resident=4 bound=fma fma_step=2048 lds_step=2048 latency_exposed=0
4632965,23.1.2,13.3,NVIDIA RTX PRO 6000 Blackwell Max-Q Workstation Edition,24105050,2026-09-27T03:47:58-07:00,mbr,3000x2000x1000,f32,"tforge-gpu-pipeline{block-tile=128,32 thread-tile=4,4 tile-k=8 promote=1 vectorize=1}",b128x32-t4x4-k8; grid=63x24x1 block=8x32x1 padded=3072x2016x1000; regs=64 smem=5120 blocks/SM=4 occ=0.667,,10,100,0.485024,0.48048,0.002012,GFLOP/s,24741.043742165337,2272,22.63% of FP32 peak at median clock,,err/bound=0.00467,model: pred_ms=0.3368 waves=3 resident=4 bound=smem fma_step=256 lds_step=512 latency_exposed=0
4632965,23.1.2,13.3,NVIDIA RTX PRO 6000 Blackwell Max-Q Workstation Edition,24105050,2026-09-27T03:47:58-07:00,mbr,3000x2000x1000,f32,"tforge-gpu-pipeline{block-tile=128,32 thread-tile=4,4 tile-k=16 promote=1 vectorize=1}",b128x32-t4x4-k16; grid=63x24x1 block=8x32x1 padded=3072x2016x1008; regs=64 smem=10240 blocks/SM=4 occ=0.667,,10,100,0.479968,0.475712,0.002252,GFLOP/s,25001.666777785187,2272,22.86% of FP32 peak at median clock,,err/bound=0.00467,model: pred_ms=0.3395 waves=3 resident=4 bound=smem fma_step=512 lds_step=1024 latency_exposed=0
4632965,23.1.2,13.3,NVIDIA RTX PRO 6000 Blackwell Max-Q Workstation Edition,24105050,2026-09-27T03:47:58-07:00,mbr,3000x2000x1000,f32,"tforge-gpu-pipeline{block-tile=128,32 thread-tile=4,4 tile-k=32 promote=1 vectorize=1}",b128x32-t4x4-k32; grid=63x24x1 block=8x32x1 padded=3072x2016x1024; regs=64 smem=20480 blocks/SM=4 occ=0.667,,10,100,0.445776,0.440928,0.002278,GFLOP/s,26919.349628512977,2280,24.53% of FP32 peak at median clock,,err/bound=0.00467,model: pred_ms=0.3449 waves=3 resident=4 bound=smem fma_step=1024 lds_step=2048 latency_exposed=0
4632965,23.1.2,13.3,NVIDIA RTX PRO 6000 Blackwell Max-Q Workstation Edition,24105050,2026-09-27T03:47:58-07:00,mbr,3000x2000x1000,f32,"tforge-gpu-pipeline{block-tile=128,32 thread-tile=8,4 tile-k=8 promote=1 vectorize=1}",b128x32-t8x4-k8; grid=63x24x1 block=8x16x1 padded=3072x2016x1000; regs=88 smem=5120 blocks/SM=5 occ=0.417,,10,100,0.446016,0.44208,0.001975,GFLOP/s,26904.864399483427,2280,24.52% of FP32 peak at median clock,,err/bound=0.00467,model: pred_ms=0.2105 waves=2 resident=5 bound=smem fma_step=256 lds_step=384 latency_exposed=0
4632965,23.1.2,13.3,NVIDIA RTX PRO 6000 Blackwell Max-Q Workstation Edition,24105050,2026-09-27T03:47:58-07:00,mbr,3000x2000x1000,f32,"tforge-gpu-pipeline{block-tile=128,32 thread-tile=8,4 tile-k=16 promote=1 vectorize=1}",b128x32-t8x4-k16; grid=63x24x1 block=8x16x1 padded=3072x2016x1008; regs=88 smem=10240 blocks/SM=5 occ=0.417,,10,100,0.41344,0.409312,0.002142,GFLOP/s,29024.767801857586,2272,26.54% of FP32 peak at median clock,,err/bound=0.00467,model: pred_ms=0.2122 waves=2 resident=5 bound=smem fma_step=512 lds_step=768 latency_exposed=0
4632965,23.1.2,13.3,NVIDIA RTX PRO 6000 Blackwell Max-Q Workstation Edition,24105050,2026-09-27T03:47:58-07:00,mbr,3000x2000x1000,f32,"tforge-gpu-pipeline{block-tile=128,32 thread-tile=8,4 tile-k=32 promote=1 vectorize=1}",b128x32-t8x4-k32; grid=63x24x1 block=8x16x1 padded=3072x2016x1024; regs=104 smem=20480 blocks/SM=4 occ=0.333,,10,100,0.38872,0.385568,0.001705,GFLOP/s,30870.549495781022,2280,28.13% of FP32 peak at median clock,,err/bound=0.00467,model: pred_ms=0.2587 waves=3 resident=4 bound=smem fma_step=1024 lds_step=1536 latency_exposed=0
4632965,23.1.2,13.3,NVIDIA RTX PRO 6000 Blackwell Max-Q Workstation Edition,24105050,2026-09-27T03:47:58-07:00,mbr,3000x2000x1000,f32,"tforge-gpu-pipeline{block-tile=128,32 thread-tile=4,8 tile-k=8 promote=1 vectorize=1}",b128x32-t4x8-k8; grid=63x24x1 block=4x32x1 padded=3072x2016x1000; regs=76 smem=5120 blocks/SM=6 occ=0.5,,10,100,0.522576,0.517376,0.00258,GFLOP/s,22963.167080003674,2280,20.93% of FP32 peak at median clock,,err/bound=0.00467,model: pred_ms=0.2526 waves=2 resident=6 bound=smem fma_step=256 lds_step=384 latency_exposed=0
4632965,23.1.2,13.3,NVIDIA RTX PRO 6000 Blackwell Max-Q Workstation Edition,24105050,2026-09-27T03:47:58-07:00,mbr,3000x2000x1000,f32,"tforge-gpu-pipeline{block-tile=128,32 thread-tile=4,8 tile-k=16 promote=1 vectorize=1}",b128x32-t4x8-k16; grid=63x24x1 block=4x32x1 padded=3072x2016x1008; regs=80 smem=10240 blocks/SM=6 occ=0.5,,10,100,0.478,0.4728,0.002961,GFLOP/s,25104.602510460252,2272,22.96% of FP32 peak at median clock,,err/bound=0.00467,model: pred_ms=0.2547 waves=2 resident=6 bound=smem fma_step=512 lds_step=768 latency_exposed=0
4632965,23.1.2,13.3,NVIDIA RTX PRO 6000 Blackwell Max-Q Workstation Edition,24105050,2026-09-27T03:47:58-07:00,mbr,3000x2000x1000,f32,"tforge-gpu-pipeline{block-tile=128,32 thread-tile=4,8 tile-k=32 promote=1 vectorize=1}",b128x32-t4x8-k32; grid=63x24x1 block=4x32x1 padded=3072x2016x1024; regs=99 smem=20480 blocks/SM=4 occ=0.333,,10,100,0.442016,0.437152,0.002352,GFLOP/s,27148.338521682468,2280,24.74% of FP32 peak at median clock,,err/bound=0.00467,model: pred_ms=0.2587 waves=3 resident=4 bound=smem fma_step=1024 lds_step=1536 latency_exposed=0
4632965,23.1.2,13.3,NVIDIA RTX PRO 6000 Blackwell Max-Q Workstation Edition,24105050,2026-09-27T03:47:58-07:00,mbr,3000x2000x1000,f32,"tforge-gpu-pipeline{block-tile=128,32 thread-tile=8,8 tile-k=8 promote=1 vectorize=1}",b128x32-t8x8-k8; grid=63x24x1 block=4x16x1 padded=3072x2016x1000; regs=128 smem=5120 blocks/SM=8 occ=0.333,,10,100,0.519936,0.513216,0.006992,GFLOP/s,23079.763663220092,2280,21.03% of FP32 peak at median clock,,err/bound=0.00467,model: pred_ms=0.2246 waves=2 resident=8 bound=fma fma_step=256 lds_step=256 latency_exposed=0
4632965,23.1.2,13.3,NVIDIA RTX PRO 6000 Blackwell Max-Q Workstation Edition,24105050,2026-09-27T03:47:58-07:00,mbr,3000x2000x1000,f32,"tforge-gpu-pipeline{block-tile=128,32 thread-tile=8,8 tile-k=16 promote=1 vectorize=1}",b128x32-t8x8-k16; grid=63x24x1 block=4x16x1 padded=3072x2016x1008; regs=146 smem=10240 blocks/SM=6 occ=0.25,,10,100,0.470592,0.453408,0.00809,GFLOP/s,25499.796001631985,2280,23.24% of FP32 peak at median clock,,err/bound=0.00467,model: pred_ms=0.1698 waves=2 resident=6 bound=fma fma_step=512 lds_step=512 latency_exposed=0
4632965,23.1.2,13.3,NVIDIA RTX PRO 6000 Blackwell Max-Q Workstation Edition,24105050,2026-09-27T03:47:58-07:00,mbr,3000x2000x1000,f32,"tforge-gpu-pipeline{block-tile=128,32 thread-tile=8,8 tile-k=32 promote=1 vectorize=1}",b128x32-t8x8-k32; grid=63x24x1 block=4x16x1 padded=3072x2016x1024; regs=158 smem=20480 blocks/SM=4 occ=0.167,,10,100,0.461424,0.452928,0.003321,GFLOP/s,26006.449599500676,2280,23.70% of FP32 peak at median clock,,err/bound=0.00467,model: pred_ms=0.1725 waves=3 resident=4 bound=fma fma_step=1024 lds_step=1024 latency_exposed=0
4632965,23.1.2,13.3,NVIDIA RTX PRO 6000 Blackwell Max-Q Workstation Edition,24105050,2026-09-27T03:47:58-07:00,mbr,3000x2000x1000,f32,"tforge-gpu-pipeline{block-tile=128,64 thread-tile=4,4 tile-k=8 promote=1 vectorize=1}",b128x64-t4x4-k8; grid=32x24x1 block=16x32x1 padded=3072x2048x1000; regs=64 smem=6144 blocks/SM=2 occ=0.667,,10,100,0.47776,0.472832,0.002252,GFLOP/s,25117.21366376423,2280,22.89% of FP32 peak at median clock,,err/bound=0.00467,model: pred_ms=0.3368 waves=3 resident=2 bound=smem fma_step=512 lds_step=1024 latency_exposed=0
4632965,23.1.2,13.3,NVIDIA RTX PRO 6000 Blackwell Max-Q Workstation Edition,24105050,2026-09-27T03:47:58-07:00,mbr,3000x2000x1000,f32,"tforge-gpu-pipeline{block-tile=128,64 thread-tile=4,4 tile-k=16 promote=1 vectorize=1}",b128x64-t4x4-k16; grid=32x24x1 block=16x32x1 padded=3072x2048x1008; regs=64 smem=12288 blocks/SM=2 occ=0.667,,10,100,0.427344,0.42448,0.001781,GFLOP/s,28080.422329551835,2280,25.59% of FP32 peak at median clock,,err/bound=0.00467,model: pred_ms=0.3395 waves=3 resident=2 bound=smem fma_step=1024 lds_step=2048 latency_exposed=0
4632965,23.1.2,13.3,NVIDIA RTX PRO 6000 Blackwell Max-Q Workstation Edition,24105050,2026-09-27T03:47:58-07:00,mbr,3000x2000x1000,f32,"tforge-gpu-pipeline{block-tile=128,64 thread-tile=4,4 tile-k=32 promote=1 vectorize=1}",b128x64-t4x4-k32; grid=32x24x1 block=16x32x1 padded=3072x2048x1024; regs=64 smem=24576 blocks/SM=2 occ=0.667,,10,100,0.4112,0.40768,0.002015,GFLOP/s,29182.879377431906,2280,26.59% of FP32 peak at median clock,,err/bound=0.00467,model: pred_ms=0.3449 waves=3 resident=2 bound=smem fma_step=2048 lds_step=4096 latency_exposed=0
4632965,23.1.2,13.3,NVIDIA RTX PRO 6000 Blackwell Max-Q Workstation Edition,24105050,2026-09-27T03:47:58-07:00,mbr,3000x2000x1000,f32,"tforge-gpu-pipeline{block-tile=128,64 thread-tile=8,4 tile-k=8 promote=1 vectorize=1}",b128x64-t8x4-k8; grid=32x24x1 block=16x16x1 padded=3072x2048x1000; regs=88 smem=6144 blocks/SM=2 occ=0.333,,10,100,0.421136,0.41824,0.002928,GFLOP/s,28494.358117092816,2280,25.97% of FP32 peak at median clock,,err/bound=0.00467,model: pred_ms=0.2526 waves=3 resident=2 bound=smem fma_step=512 lds_step=768 latency_exposed=0
4632965,23.1.2,13.3,NVIDIA RTX PRO 6000 Blackwell Max-Q Workstation Edition,24105050,2026-09-27T03:47:58-07:00,mbr,3000x2000x1000,f32,"tforge-gpu-pipeline{block-tile=128,64 thread-tile=8,4 tile-k=16 promote=1 vectorize=1}",b128x64-t8x4-k16; grid=32x24x1 block=16x16x1 padded=3072x2048x1008; regs=88 smem=12288 blocks/SM=2 occ=0.333,,10,100,0.382144,0.377248,0.002209,GFLOP/s,31401.775247027297,2280,28.62% of FP32 peak at median clock,,err/bound=0.00467,model: pred_ms=0.2547 waves=3 resident=2 bound=smem fma_step=1024 lds_step=1536 latency_exposed=0
4632965,23.1.2,13.3,NVIDIA RTX PRO 6000 Blackwell Max-Q Workstation Edition,24105050,2026-09-27T03:47:58-07:00,mbr,3000x2000x1000,f32,"tforge-gpu-pipeline{block-tile=128,64 thread-tile=8,4 tile-k=32 promote=1 vectorize=1}",b128x64-t8x4-k32; grid=32x24x1 block=16x16x1 padded=3072x2048x1024; regs=94 smem=24576 blocks/SM=2 occ=0.333,,10,100,0.369776,0.366368,0.001643,GFLOP/s,32452.07909653412,2280,29.57% of FP32 peak at median clock,,err/bound=0.00467,model: pred_ms=0.2587 waves=3 resident=2 bound=smem fma_step=2048 lds_step=3072 latency_exposed=0
4632965,23.1.2,13.3,NVIDIA RTX PRO 6000 Blackwell Max-Q Workstation Edition,24105050,2026-09-27T03:47:58-07:00,mbr,3000x2000x1000,f32,"tforge-gpu-pipeline{block-tile=128,64 thread-tile=4,8 tile-k=8 promote=1 vectorize=1}",b128x64-t4x8-k8; grid=32x24x1 block=8x32x1 padded=3072x2048x1000; regs=80 smem=6144 blocks/SM=3 occ=0.5,,10,100,0.532848,0.528832,0.002279,GFLOP/s,22520.49364922079,2272,20.60% of FP32 peak at median clock,,err/bound=0.00467,model: pred_ms=0.2526 waves=2 resident=3 bound=smem fma_step=512 lds_step=768 latency_exposed=0
4632965,23.1.2,13.3,NVIDIA RTX PRO 6000 Blackwell Max-Q Workstation Edition,24105050,2026-09-27T03:47:58-07:00,mbr,3000x2000x1000,f32,"tforge-gpu-pipeline{block-tile=128,64 thread-tile=4,8 tile-k=16 promote=1 vectorize=1}",b128x64-t4x8-k16; grid=32x24x1 block=8x32x1 padded=3072x2048x1008; regs=80 smem=12288 blocks/SM=3 occ=0.5,,10,100,0.52536,0.521792,0.002414,GFLOP/s,22841.480127912284,2280,20.82% of FP32 peak at median clock,,err/bound=0.00467,model: pred_ms=0.2547 waves=2 resident=3 bound=smem fma_step=1024 lds_step=1536 latency_exposed=0
4632965,23.1.2,13.3,NVIDIA RTX PRO 6000 Blackwell Max-Q Workstation Edition,24105050,2026-09-27T03:47:58-07:00,mbr,3000x2000x1000,f32,"tforge-gpu-pipeline{block-tile=128,64 thread-tile=4,8 tile-k=32 promote=1 vectorize=1}",b128x64-t4x8-k32; grid=32x24x1 block=8x32x1 padded=3072x2048x1024; regs=80 smem=24576 blocks/SM=3 occ=0.5,,10,100,0.509152,0.504352,0.002154,GFLOP/s,23568.600339387845,2280,21.48% of FP32 peak at median clock,,err/bound=0.00467,model: pred_ms=0.2587 waves=2 resident=3 bound=smem fma_step=2048 lds_step=3072 latency_exposed=0
4632965,23.1.2,13.3,NVIDIA RTX PRO 6000 Blackwell Max-Q Workstation Edition,24105050,2026-09-27T03:47:58-07:00,mbr,3000x2000x1000,f32,"tforge-gpu-pipeline{block-tile=128,64 thread-tile=8,8 tile-k=8 promote=1 vectorize=1}",b128x64-t8x8-k8; grid=32x24x1 block=8x16x1 padded=3072x2048x1000; regs=128 smem=6144 blocks/SM=4 occ=0.333,,10,100,0.447008,0.439264,0.003061,GFLOP/s,26845.157133653087,2272,24.55% of FP32 peak at median clock,,err/bound=0.00467,model: pred_ms=0.2246 waves=2 resident=4 bound=fma fma_step=512 lds_step=512 latency_exposed=0
4632965,23.1.2,13.3,NVIDIA RTX PRO 6000 Blackwell Max-Q Workstation Edition,24105050,2026-09-27T03:47:58-07:00,mbr,3000x2000x1000,f32,"tforge-gpu-pipeline{block-tile=128,64 thread-tile=8,8 tile-k=16 promote=1 vectorize=1}",b128x64-t8x8-k16; grid=32x24x1 block=8x16x1 padded=3072x2048x1008; regs=150 smem=12288 blocks/SM=3 occ=0.25,,10,100,0.419456,0.415104,0.002909,GFLOP/s,28608.483368935,2272,26.16% of FP32 peak at median clock,,err/bound=0.00467,model: pred_ms=0.1698 waves=2 resident=3 bound=fma fma_step=1024 lds_step=1024 latency_exposed=0
4632965,23.1.2,13.3,NVIDIA RTX PRO 6000 Blackwell Max-Q Workstation Edition,24105050,2026-09-27T03:47:58-07:00,mbr,3000x2000x1000,f32,"tforge-gpu-pipeline{block-tile=128,64 thread-tile=8,8 tile-k=32 promote=1 vectorize=1}",b128x64-t8x8-k32; grid=32x24x1 block=8x16x1 padded=3072x2048x1024; regs=128 smem=24576 blocks/SM=4 occ=0.333,,10,100,0.424704,0.418528,0.002682,GFLOP/s,28254.972875226038,2280,25.75% of FP32 peak at median clock,,err/bound=0.00467,model: pred_ms=0.2300 waves=2 resident=4 bound=fma fma_step=2048 lds_step=2048 latency_exposed=0
4632965,23.1.2,13.3,NVIDIA RTX PRO 6000 Blackwell Max-Q Workstation Edition,24105050,2026-09-27T03:47:58-07:00,mbr,3000x2000x1000,f32,"tforge-gpu-pipeline{block-tile=128,128 thread-tile=4,4 tile-k=8 promote=1 vectorize=1}",b128x128-t4x4-k8; grid=16x24x1 block=32x32x1 padded=3072x2048x1000; regs=64 smem=8192 blocks/SM=1 occ=0.667,,10,100,0.527024,0.524032,0.001743,GFLOP/s,22769.361547102213,2280,20.75% of FP32 peak at median clock,,err/bound=0.00467,model: pred_ms=0.4355 waves=3 resident=1 bound=smem fma_step=1024 lds_step=2048 latency_exposed=1
4632965,23.1.2,13.3,NVIDIA RTX PRO 6000 Blackwell Max-Q Workstation Edition,24105050,2026-09-27T03:47:58-07:00,mbr,3000x2000x1000,f32,"tforge-gpu-pipeline{block-tile=128,128 thread-tile=4,4 tile-k=16 promote=1 vectorize=1}",b128x128-t4x4-k16; grid=16x24x1 block=32x32x1 padded=3072x2048x1008; regs=64 smem=16384 blocks/SM=1 occ=0.667,,10,100,0.483824,0.478976,0.001819,GFLOP/s,24802.407487020075,2272,22.68% of FP32 peak at median clock,,err/bound=0.00467,model: pred_ms=0.3893 waves=3 resident=1 bound=smem fma_step=2048 lds_step=4096 latency_exposed=1
4632965,23.1.2,13.3,NVIDIA RTX PRO 6000 Blackwell Max-Q Workstation Edition,24105050,2026-09-27T03:47:58-07:00,mbr,3000x2000x1000,f32,"tforge-gpu-pipeline{block-tile=128,128 thread-tile=4,4 tile-k=32 promote=1 vectorize=1}",b128x128-t4x4-k32; grid=16x24x1 block=32x32x1 padded=3072x2048x1024; regs=64 smem=32768 blocks/SM=1 occ=0.667,,10,100,0.472464,0.46704,0.002052,GFLOP/s,25398.760540485626,2280,23.15% of FP32 peak at median clock,,err/bound=0.00467,model: pred_ms=0.3702 waves=3 resident=1 bound=smem fma_step=4096 lds_step=8192 latency_exposed=1
4632965,23.1.2,13.3,NVIDIA RTX PRO 6000 Blackwell Max-Q Workstation Edition,24105050,2026-09-27T03:47:58-07:00,mbr,3000x2000x1000,f32,"tforge-gpu-pipeline{block-tile=128,128 thread-tile=8,4 tile-k=8 promote=1 vectorize=1}",b128x128-t8x4-k8; grid=16x24x1 block=32x16x1 padded=3072x2048x1000; regs=92 smem=8192 blocks/SM=1 occ=0.333,,10,100,0.482496,0.479008,0.001634,GFLOP/s,24870.672502984482,2280,22.66% of FP32 peak at median clock,,err/bound=0.00467,model: pred_ms=0.3513 waves=3 resident=1 bound=smem fma_step=1024 lds_step=1536 latency_exposed=1
4632965,23.1.2,13.3,NVIDIA RTX PRO 6000 Blackwell Max-Q Workstation Edition,24105050,2026-09-27T03:47:58-07:00,mbr,3000x2000x1000,f32,"tforge-gpu-pipeline{block-tile=128,128 thread-tile=8,4 tile-k=16 promote=1 vectorize=1}",b128x128-t8x4-k16; grid=16x24x1 block=32x16x1 padded=3072x2048x1008; regs=92 smem=16384 blocks/SM=1 occ=0.333,,10,100,0.433216,0.430176,0.001732,GFLOP/s,27699.807947998226,2280,25.24% of FP32 peak at median clock,,err/bound=0.00467,model: pred_ms=0.3044 waves=3 resident=1 bound=smem fma_step=2048 lds_step=3072 latency_exposed=1
4632965,23.1.2,13.3,NVIDIA RTX PRO 6000 Blackwell Max-Q Workstation Edition,24105050,2026-09-27T03:47:58-07:00,mbr,3000x2000x1000,f32,"tforge-gpu-pipeline{block-tile=128,128 thread-tile=8,4 tile-k=32 promote=1 vectorize=1}",b128x128-t8x4-k32; grid=16x24x1 block=32x16x1 padded=3072x2048x1024; regs=92 smem=32768 blocks/SM=1 occ=0.333,,10,100,0.42064,0.416448,0.001701,GFLOP/s,28527.957398250284,2272,26.09% of FP32 peak at median clock,,err/bound=0.00467,model: pred_ms=0.2840 waves=3 resident=1 bound=smem fma_step=4096 lds_step=6144 latency_exposed=1
4632965,23.1.2,13.3,NVIDIA RTX PRO 6000 Blackwell Max-Q Workstation Edition,24105050,2026-09-27T03:47:58-07:00,mbr,3000x2000x1000,f32,"tforge-gpu-pipeline{block-tile=128,128 thread-tile=4,8 tile-k=8 promote=1 vectorize=1}",b128x128-t4x8-k8; grid=16x24x1 block=16x32x1 padded=3072x2048x1000; regs=84 smem=8192 blocks/SM=1 occ=0.333,,10,100,0.625184,0.621728,0.001623,GFLOP/s,19194.34918360035,2280,17.49% of FP32 peak at median clock,,err/bound=0.00467,model: pred_ms=0.3513 waves=3 resident=1 bound=smem fma_step=1024 lds_step=1536 latency_exposed=1
4632965,23.1.2,13.3,NVIDIA RTX PRO 6000 Blackwell Max-Q Workstation Edition,24105050,2026-09-27T03:47:58-07:00,mbr,3000x2000x1000,f32,"tforge-gpu-pipeline{block-tile=128,128 thread-tile=4,8 tile-k=16 promote=1 vectorize=1}",b128x128-t4x8-k16; grid=16x24x1 block=16x32x1 padded=3072x2048x1008; regs=88 smem=16384 blocks/SM=1 occ=0.333,,10,100,0.590592,0.587456,0.001758,GFLOP/s,20318.5955786736,2272,18.58% of FP32 peak at median clock,,err/bound=0.00467,model: pred_ms=0.3044 waves=3 resident=1 bound=smem fma_step=2048 lds_step=3072 latency_exposed=1
4632965,23.1.2,13.3,NVIDIA RTX PRO 6000 Blackwell Max-Q Workstation Edition,24105050,2026-09-27T03:47:58-07:00,mbr,3000x2000x1000,f32,"tforge-gpu-pipeline{block-tile=128,128 thread-tile=4,8 tile-k=32 promote=1 vectorize=1}",b128x128-t4x8-k32; grid=16x24x1 block=16x32x1 padded=3072x2048x1024; regs=88 smem=32768 blocks/SM=1 occ=0.333,,10,100,0.580336,0.574752,0.002141,GFLOP/s,20677.676380579527,2280,18.84% of FP32 peak at median clock,,err/bound=0.00467,model: pred_ms=0.2840 waves=3 resident=1 bound=smem fma_step=4096 lds_step=6144 latency_exposed=1
4632965,23.1.2,13.3,NVIDIA RTX PRO 6000 Blackwell Max-Q Workstation Edition,24105050,2026-09-27T03:47:58-07:00,mbr,3000x2000x1000,f32,"tforge-gpu-pipeline{block-tile=128,128 thread-tile=8,8 tile-k=8 promote=1 vectorize=1}",b128x128-t8x8-k8; grid=16x24x1 block=16x16x1 padded=3072x2048x1000; regs=126 smem=8192 blocks/SM=2 occ=0.333,,10,100,0.48,0.47488,0.002259,GFLOP/s,25000.0,2280,22.78% of FP32 peak at median clock,,err/bound=0.00467,model: pred_ms=0.2246 waves=2 resident=2 bound=fma fma_step=1024 lds_step=1024 latency_exposed=0
4632965,23.1.2,13.3,NVIDIA RTX PRO 6000 Blackwell Max-Q Workstation Edition,24105050,2026-09-27T03:47:58-07:00,mbr,3000x2000x1000,f32,"tforge-gpu-pipeline{block-tile=128,128 thread-tile=8,8 tile-k=16 promote=1 vectorize=1}",b128x128-t8x8-k16; grid=16x24x1 block=16x16x1 padded=3072x2048x1008; regs=128 smem=16384 blocks/SM=2 occ=0.333,,10,100,0.443168,0.436352,0.003739,GFLOP/s,27077.767347822944,2280,24.68% of FP32 peak at median clock,,err/bound=0.00467,model: pred_ms=0.2264 waves=2 resident=2 bound=fma fma_step=2048 lds_step=2048 latency_exposed=0
4632965,23.1.2,13.3,NVIDIA RTX PRO 6000 Blackwell Max-Q Workstation Edition,24105050,2026-09-27T03:47:58-07:00,mbr,3000x2000x1000,f32,"tforge-gpu-pipeline{block-tile=128,128 thread-tile=8,8 tile-k=32 promote=1 vectorize=1}",b128x128-t8x8-k32; grid=16x24x1 block=16x16x1 padded=3072x2048x1024; regs=150 smem=32768 blocks/SM=1 occ=0.167,,10,100,0.468416,0.461568,0.002122,GFLOP/s,25618.253859816916,2280,23.35% of FP32 peak at median clock,,err/bound=0.00467,model: pred_ms=0.1977 waves=3 resident=1 bound=fma fma_step=4096 lds_step=4096 latency_exposed=1
